Symbol,Strategy,Direction,EntryTime,ExitTime,EntryPrice,ExitPrice,PnL%,ExitReason,HoldingMin
ADAUSDT,TrendPullback-EMA,short,2025-11-01T16:45:00.000Z,2025-11-01T17:45:00.000Z,0.60759605,0.6113654320876452,-0.80,ATR Stop,60
ADAUSDT,TrendPullback-EMA,short,2025-11-05T20:00:00.000Z,2025-11-05T20:15:00.000Z,0.53503235,0.5404146850177486,-1.19,ATR Stop,15
ADAUSDT,TrendPullback-EMA,short,2025-11-08T04:30:00.000Z,2025-11-08T08:45:00.000Z,0.575712,0.5633061046636789,1.97,Target,255
ADAUSDT,TrendPullback-EMA,short,2025-11-09T04:30:00.000Z,2025-11-09T05:15:00.000Z,0.5529234000000001,0.5580496437815236,-1.11,ATR Stop,45
ADAUSDT,TrendPullback-EMA,short,2025-11-18T19:00:00.000Z,2025-11-18T19:15:00.000Z,0.4705646,0.47523669236714783,-1.17,ATR Stop,15
ADAUSDT,TrendPullback-EMA,short,2025-11-19T08:15:00.000Z,2025-11-19T10:15:00.000Z,0.4655671,0.4572586830377108,1.60,Target,120
ADAUSDT,TrendPullback-EMA,short,2025-11-26T03:45:00.000Z,2025-11-26T06:45:00.000Z,0.41909035000000006,0.4129126312506897,1.29,Target,180
ADAUSDT,KAMA-Pullback,short,2025-03-05T09:15:00.000Z,2025-03-05T11:45:00.000Z,0.9643176,0.9647997587999999,-0.23,ATR Stop,150
ADAUSDT,KAMA-Pullback,short,2025-03-08T16:45:00.000Z,2025-03-08T18:45:00.000Z,0.8062966500000001,0.8159930873832094,-1.38,ATR Stop,120
ADAUSDT,KAMA-Pullback,short,2025-03-10T03:15:00.000Z,2025-03-10T04:30:00.000Z,0.7298349,0.7407980343267925,-1.68,ATR Stop,75
ADAUSDT,KAMA-Pullback,short,2025-03-13T08:45:00.000Z,2025-03-14T00:30:00.000Z,0.71534215,0.715699821075,-0.23,ATR Stop,945
ADAUSDT,KAMA-Pullback,long,2025-07-12T04:15:00.000Z,2025-07-12T06:30:00.000Z,0.7289643,0.7202940284948812,-1.37,ATR Stop,135
ADAUSDT,KAMA-Pullback,long,2025-07-15T07:45:00.000Z,2025-07-15T08:00:00.000Z,0.73966965,0.7295677435903216,-1.55,ATR Stop,15
ADAUSDT,KAMA-Pullback,long,2025-07-21T19:00:00.000Z,2025-07-21T19:00:00.000Z,0.89754855,0.8880249798284957,-1.24,ATR Stop,0
ADAUSDT,KAMA-Pullback,long,2025-07-21T20:30:00.000Z,2025-07-21T21:30:00.000Z,0.9020507999999999,0.8887792575590814,-1.65,ATR Stop,60
ADAUSDT,KAMA-Pullback,long,2025-07-22T09:45:00.000Z,2025-07-22T11:45:00.000Z,0.88834395,0.8751320261278684,-1.67,ATR Stop,120
ADAUSDT,KAMA-Pullback,short,2025-07-25T08:45:00.000Z,2025-07-25T12:15:00.000Z,0.7962017,0.7965998008499999,-0.23,ATR Stop,210
ADAUSDT,KAMA-Pullback,long,2025-10-03T09:30:00.000Z,2025-10-03T10:15:00.000Z,0.8596295999999999,0.8719942335541768,1.26,Target,45
ADAUSDT,KAMA-Pullback,long,2025-10-05T20:15:00.000Z,2025-10-06T02:15:00.000Z,0.8403199499999999,0.8398997900249999,-0.23,ATR Stop,360
ADAUSDT,KAMA-Pullback,short,2025-10-08T19:30:00.000Z,2025-10-08T20:45:00.000Z,0.8343826000000001,0.8249088027480782,0.96,Target,75
ADAUSDT,KAMA-Pullback,short,2025-10-10T02:00:00.000Z,2025-10-10T03:45:00.000Z,0.8127934000000001,0.81877671855136,-0.92,ATR Stop,105
ADAUSDT,KAMA-Pullback,short,2025-10-11T07:30:00.000Z,2025-10-11T14:30:00.000Z,0.6524736000000001,0.6283812084528729,3.51,Target,420
ADAUSDT,KAMA-Pullback,long,2025-10-13T08:30:00.000Z,2025-10-13T08:45:00.000Z,0.72326145,0.7093121722312866,-2.11,ATR Stop,15
ADAUSDT,KAMA-Pullback,short,2025-10-14T19:45:00.000Z,2025-10-14T20:45:00.000Z,0.69315325,0.701130661614393,-1.33,ATR Stop,60
ADAUSDT,KAMA-Pullback,short,2025-10-16T03:15:00.000Z,2025-10-16T04:30:00.000Z,0.6674661,0.6738655079540721,-1.14,ATR Stop,75
ADAUSDT,KAMA-Pullback,short,2025-10-16T08:45:00.000Z,2025-10-16T09:15:00.000Z,0.66736615,0.6752851333458603,-1.37,ATR Stop,30
ADAUSDT,KAMA-Pullback,short,2025-10-17T00:00:00.000Z,2025-10-17T01:45:00.000Z,0.64657655,0.6361592591794639,1.43,Target,105
ADAUSDT,KAMA-Pullback,short,2025-10-18T08:15:00.000Z,2025-10-18T12:30:00.000Z,0.62998485,0.6350045007393488,-0.98,ATR Stop,255
ADAUSDT,KAMA-Pullback,short,2025-10-19T00:45:00.000Z,2025-10-19T03:45:00.000Z,0.6293851500000001,0.622904494219273,0.85,Target,180
ADAUSDT,KAMA-Pullback,long,2025-10-22T07:00:00.000Z,2025-10-22T09:00:00.000Z,0.638319,0.6323684853359154,-1.11,ATR Stop,120
ADAUSDT,Chandelier-MTF,long,2025-05-10T01:15:00.000Z,2025-05-10T03:30:00.000Z,0.7879938,0.7933452161751112,0.50,ATR Stop,135
ADAUSDT,Chandelier-MTF,short,2025-05-14T04:30:00.000Z,2025-05-14T04:30:00.000Z,0.8146924500000001,0.8111607880330042,0.25,ATR Stop,0
ADAUSDT,Chandelier-MTF,short,2025-05-15T14:45:00.000Z,2025-05-15T18:30:00.000Z,0.7646175000000001,0.7551143014985316,1.06,ATR Stop,225
ADAUSDT,Chandelier-MTF,short,2025-05-16T17:30:00.000Z,2025-05-16T18:00:00.000Z,0.7543226500000001,0.7629878754884916,-1.33,ATR Stop,30
ADAUSDT,Chandelier-MTF,short,2025-05-17T11:45:00.000Z,2025-05-17T12:00:00.000Z,0.7368314,0.7413742514316269,-0.80,ATR Stop,15
ADAUSDT,Chandelier-MTF,short,2025-05-18T20:45:00.000Z,2025-05-19T02:00:00.000Z,0.7345325500000001,0.7249781479976121,1.12,ATR Stop,315
ADAUSDT,Chandelier-MTF,short,2025-05-20T03:45:00.000Z,2025-05-20T09:45:00.000Z,0.73373295,0.731650343953813,0.10,ATR Stop,360
ADAUSDT,Chandelier-MTF,long,2025-05-21T18:15:00.000Z,2025-05-22T00:30:00.000Z,0.7717856999999999,0.7828404318494977,1.25,ATR Stop,375
ADAUSDT,Chandelier-MTF,short,2025-05-30T11:30:00.000Z,2025-05-30T11:30:00.000Z,0.6903546500000001,0.6965756489572275,-1.08,ATR Stop,0
ADAUSDT,Chandelier-MTF,long,2025-07-03T20:15:00.000Z,2025-07-03T21:00:00.000Z,0.60080025,0.5992931185401927,-0.43,ATR Stop,45
ADAUSDT,Chandelier-MTF,long,2025-07-10T11:15:00.000Z,2025-07-10T12:15:00.000Z,0.63961965,0.6592154220497319,2.88,Target,60
ADAUSDT,Chandelier-MTF,long,2025-07-11T20:45:00.000Z,2025-07-11T23:15:00.000Z,0.73286625,0.7193735615837663,-2.02,ATR Stop,150
ADAUSDT,Chandelier-MTF,long,2025-07-12T06:15:00.000Z,2025-07-12T06:30:00.000Z,0.7231614,0.7250984357150997,0.09,ATR Stop,15
ADAUSDT,Chandelier-MTF,long,2025-07-13T20:15:00.000Z,2025-07-14T00:30:00.000Z,0.7517756999999999,0.7623074222988556,1.22,ATR Stop,255
ADAUSDT,Chandelier-MTF,long,2025-07-17T01:15:00.000Z,2025-07-17T04:00:00.000Z,0.7759877999999999,0.8075876297576514,3.89,Target,165
ADAUSDT,Chandelier-MTF,long,2025-07-19T15:30:00.000Z,2025-07-19T15:45:00.000Z,0.82891425,0.8201027492080084,-1.24,ATR Stop,15
ADAUSDT,Chandelier-MTF,short,2025-07-23T23:15:00.000Z,2025-07-24T01:15:00.000Z,0.8011992,0.7664634807424864,4.16,Target,120
ADAUSDT,Chandelier-MTF,short,2025-07-24T22:30:00.000Z,2025-07-24T23:00:00.000Z,0.7946025000000001,0.7915112713965491,0.21,ATR Stop,30
ADAUSDT,Chandelier-MTF,short,2025-08-02T09:30:00.000Z,2025-08-02T11:30:00.000Z,0.7024486,0.7054682208757315,-0.61,ATR Stop,120
ADAUSDT,Chandelier-MTF,long,2025-08-05T05:15:00.000Z,2025-08-05T06:30:00.000Z,0.7561779,0.7482569021083995,-1.23,ATR Stop,75
ADAUSDT,Chandelier-MTF,long,2025-08-07T14:30:00.000Z,2025-08-07T17:30:00.000Z,0.7657826999999999,0.7853347665365099,2.37,Target,180
ADAUSDT,Chandelier-MTF,long,2025-08-10T21:15:00.000Z,2025-08-11T00:00:00.000Z,0.8298147,0.821375426100376,-1.20,ATR Stop,165
ADAUSDT,Chandelier-MTF,long,2025-09-09T21:15:00.000Z,2025-09-09T23:00:00.000Z,0.8792394,0.870966073392429,-1.12,ATR Stop,105
ADAUSDT,Chandelier-MTF,long,2025-09-10T22:15:00.000Z,2025-09-10T23:30:00.000Z,0.89134545,0.8929110984811292,-0.00,ATR Stop,75
ADAUSDT,Chandelier-MTF,long,2025-09-11T16:45:00.000Z,2025-09-11T19:30:00.000Z,0.88574265,0.8995202513262355,1.38,Target,165
ADAUSDT,Chandelier-MTF,long,2025-09-12T12:00:00.000Z,2025-09-12T19:15:00.000Z,0.9030512999999999,0.9240139518605012,2.14,Target,435
ADAUSDT,Chandelier-MTF,short,2025-09-15T03:15:00.000Z,2025-09-15T08:45:00.000Z,0.8606694500000001,0.8559743518191726,0.37,ATR Stop,330
ADAUSDT,Chandelier-MTF,short,2025-09-17T09:15:00.000Z,2025-09-17T11:15:00.000Z,0.8645675,0.8646193405748549,-0.19,ATR Stop,120
ADAUSDT,Chandelier-MTF,short,2025-09-25T12:00:00.000Z,2025-09-25T13:00:00.000Z,0.7686155,0.7714000058528506,-0.54,ATR Stop,60
ADAUSDT,Chandelier-MTF,short,2025-09-27T04:15:00.000Z,2025-09-27T04:30:00.000Z,0.77961,0.7828254533029486,-0.59,ATR Stop,15
ADAUSDT,Chandelier-MTF,short,2025-09-27T20:15:00.000Z,2025-09-28T08:00:00.000Z,0.7722137,0.7648581950094191,0.77,ATR Stop,705
ADAUSDT,Chandelier-MTF,long,2025-09-29T09:30:00.000Z,2025-09-29T09:45:00.000Z,0.8126061,0.8029415772109669,-1.37,ATR Stop,15
ADAUSDT,Chandelier-MTF,long,2025-09-30T15:30:00.000Z,2025-09-30T17:15:00.000Z,0.80890425,0.8007457204465014,-1.19,ATR Stop,105
ADAUSDT,Chandelier-MTF,short,2025-10-10T10:30:00.000Z,2025-10-10T16:30:00.000Z,0.7822087,0.7488535752777864,4.08,Target,360
ADAUSDT,Chandelier-MTF,short,2025-10-15T10:15:00.000Z,2025-10-15T19:30:00.000Z,0.6732632000000001,0.6716585392375105,0.06,ATR Stop,555
ADAUSDT,Chandelier-MTF,long,2025-10-21T10:15:00.000Z,2025-10-21T11:30:00.000Z,0.6830413499999999,0.6696975319907945,-2.13,ATR Stop,75
ADAUSDT,Chandelier-MTF,short,2025-10-29T23:30:00.000Z,2025-10-30T00:15:00.000Z,0.62818575,0.6322125778940995,-0.82,ATR Stop,45
ADAUSDT,Chandelier-MTF,short,2025-11-02T09:15:00.000Z,2025-11-02T15:30:00.000Z,0.5997,0.592716639744838,0.98,ATR Stop,375
ADAUSDT,Chandelier-MTF,short,2025-11-02T21:15:00.000Z,2025-11-02T22:30:00.000Z,0.5895051,0.5716516675595874,2.85,Target,75
ADAUSDT,Chandelier-MTF,short,2025-11-04T01:00:00.000Z,2025-11-04T03:00:00.000Z,0.5443277,0.5445998638499999,-0.23,ATR Stop,120
ADAUSDT,Chandelier-MTF,short,2025-11-06T10:30:00.000Z,2025-11-06T13:15:00.000Z,0.5231383000000001,0.53038379477655,-1.57,ATR Stop,165
ADAUSDT,Chandelier-MTF,short,2025-11-16T08:15:00.000Z,2025-11-16T12:45:00.000Z,0.49045465000000005,0.4832839768894335,1.28,ATR Stop,270
ADAUSDT,Chandelier-MTF,short,2025-11-20T11:15:00.000Z,2025-11-20T16:30:00.000Z,0.43868055000000006,0.4283201151053347,2.18,ATR Stop,315
APTUSDT,KAMA-Pullback,long,2025-03-02T04:30:00.000Z,2025-03-02T05:30:00.000Z,6.2558263499999995,6.206976788143045,-0.96,ATR Stop,60
APTUSDT,KAMA-Pullback,long,2025-03-02T08:15:00.000Z,2025-03-02T09:15:00.000Z,6.25362525,6.206753207155513,-0.93,ATR Stop,60
APTUSDT,KAMA-Pullback,long,2025-03-06T06:15:00.000Z,2025-03-06T06:45:00.000Z,6.2519244,6.178630900874526,-1.35,ATR Stop,30
APTUSDT,KAMA-Pullback,long,2025-03-20T23:45:00.000Z,2025-03-21T00:15:00.000Z,5.590894049999999,5.544611468052593,-1.01,ATR Stop,30
APTUSDT,KAMA-Pullback,long,2025-03-25T01:45:00.000Z,2025-03-25T02:45:00.000Z,5.993195099999999,5.944731171938296,-0.99,ATR Stop,60
APTUSDT,KAMA-Pullback,short,2025-07-29T23:30:00.000Z,2025-07-30T06:00:00.000Z,4.53403185,4.429900920461399,2.12,Target,390
APTUSDT,KAMA-Pullback,short,2025-08-01T10:00:00.000Z,2025-08-01T10:30:00.000Z,4.254271800000001,4.320050636123532,-1.73,ATR Stop,30
APTUSDT,KAMA-Pullback,short,2025-08-03T09:00:00.000Z,2025-08-03T09:45:00.000Z,4.19000395,4.215747005335639,-0.79,ATR Stop,45
APTUSDT,KAMA-Pullback,long,2025-08-05T05:15:00.000Z,2025-08-05T07:15:00.000Z,4.3234606499999995,4.289839730137587,-0.96,ATR Stop,120
APTUSDT,KAMA-Pullback,long,2025-08-09T19:45:00.000Z,2025-08-09T21:15:00.000Z,4.826512049999999,4.791309902354519,-0.91,ATR Stop,90
APTUSDT,KAMA-Pullback,long,2025-08-10T10:00:00.000Z,2025-08-10T15:30:00.000Z,4.71485625,4.670999075780226,-1.11,ATR Stop,330
APTUSDT,KAMA-Pullback,short,2025-08-11T02:30:00.000Z,2025-08-11T06:30:00.000Z,4.7186395,4.619620814179963,1.92,Target,240
APTUSDT,KAMA-Pullback,short,2025-08-21T22:15:00.000Z,2025-08-21T22:45:00.000Z,4.38590595,4.421624219162995,-0.99,ATR Stop,30
APTUSDT,KAMA-Pullback,long,2025-09-09T20:30:00.000Z,2025-09-09T23:45:00.000Z,4.389193499999999,4.386998903249999,-0.23,ATR Stop,195
APTUSDT,KAMA-Pullback,long,2025-09-11T14:30:00.000Z,2025-09-11T19:15:00.000Z,4.48654215,4.555860213612298,1.37,Target,285
APTUSDT,KAMA-Pullback,long,2025-09-14T01:30:00.000Z,2025-09-14T02:15:00.000Z,4.617907799999999,4.584927759077736,-0.89,ATR Stop,45
APTUSDT,KAMA-Pullback,short,2025-09-15T19:00:00.000Z,2025-09-15T19:30:00.000Z,4.3502238,4.3753321867091195,-0.76,ATR Stop,30
APTUSDT,KAMA-Pullback,short,2025-09-17T03:15:00.000Z,2025-09-17T13:30:00.000Z,4.4081948,4.4103988974,-0.23,ATR Stop,615
APTUSDT,KAMA-Pullback,long,2025-09-18T03:00:00.000Z,2025-09-18T11:00:00.000Z,4.6181079,4.687164351322427,1.32,Target,480
APTUSDT,KAMA-Pullback,long,2025-09-27T07:30:00.000Z,2025-09-27T09:15:00.000Z,4.11315555,4.087930789489631,-0.79,ATR Stop,105
APTUSDT,KAMA-Pullback,long,2025-09-29T09:00:00.000Z,2025-09-29T11:45:00.000Z,4.2687333,4.230152685772609,-1.08,ATR Stop,165
APTUSDT,KAMA-Pullback,long,2025-10-07T20:00:00.000Z,2025-10-07T22:00:00.000Z,5.3379676499999995,5.266641178258679,-1.52,ATR Stop,120
APTUSDT,KAMA-Pullback,short,2025-10-12T03:30:00.000Z,2025-10-12T04:15:00.000Z,3.55452185,3.6002995618784244,-1.47,ATR Stop,45
APTUSDT,KAMA-Pullback,short,2025-10-14T19:15:00.000Z,2025-10-14T20:45:00.000Z,3.636181,3.6797325785318336,-1.38,ATR Stop,90
APTUSDT,KAMA-Pullback,short,2025-10-14T22:15:00.000Z,2025-10-14T22:45:00.000Z,3.63428195,3.675809636742199,-1.32,ATR Stop,30
APTUSDT,KAMA-Pullback,short,2025-10-17T23:00:00.000Z,2025-10-18T00:30:00.000Z,3.17571135,3.177299205675,-0.23,ATR Stop,90
APTUSDT,KAMA-Pullback,short,2025-10-18T19:00:00.000Z,2025-10-19T04:30:00.000Z,3.17291275,3.1744992063749997,-0.23,ATR Stop,570
APTUSDT,KAMA-Pullback,short,2025-10-19T17:45:00.000Z,2025-10-19T22:30:00.000Z,3.1923030500000005,3.1938992015250003,-0.23,ATR Stop,285
APTUSDT,Chandelier-MTF,short,2025-08-02T10:15:00.000Z,2025-08-02T11:15:00.000Z,4.12963415,4.164222266629088,-1.02,ATR Stop,60
APTUSDT,Chandelier-MTF,long,2025-08-05T05:15:00.000Z,2025-08-05T07:15:00.000Z,4.3234606499999995,4.297440637592046,-0.78,ATR Stop,120
APTUSDT,Chandelier-MTF,short,2025-08-11T12:45:00.000Z,2025-08-11T19:15:00.000Z,4.63198285,4.574709577792156,1.06,ATR Stop,390
APTUSDT,Chandelier-MTF,short,2025-08-22T07:45:00.000Z,2025-08-22T08:15:00.000Z,4.3067455500000005,4.336141930164983,-0.86,ATR Stop,30
APTUSDT,Chandelier-MTF,long,2025-08-23T09:30:00.000Z,2025-08-23T10:45:00.000Z,4.7363669999999995,4.710678023721954,-0.72,ATR Stop,75
APTUSDT,Chandelier-MTF,short,2025-09-17T00:45:00.000Z,2025-09-17T00:45:00.000Z,4.4158909500000005,4.427430076403312,-0.44,ATR Stop,0
APTUSDT,Chandelier-MTF,short,2025-09-22T21:15:00.000Z,2025-09-22T22:00:00.000Z,4.2280849,4.267241849827458,-1.11,ATR Stop,45
APTUSDT,Chandelier-MTF,short,2025-09-24T17:45:00.000Z,2025-09-24T20:00:00.000Z,4.239879,4.1743988125208755,1.36,Target,135
APTUSDT,Chandelier-MTF,long,2025-09-28T10:45:00.000Z,2025-09-28T14:15:00.000Z,4.1582780999999995,4.13604465245016,-0.71,ATR Stop,210
APTUSDT,Chandelier-MTF,long,2025-09-29T10:30:00.000Z,2025-09-29T11:15:00.000Z,4.27943865,4.2494529229730444,-0.88,ATR Stop,45
APTUSDT,Chandelier-MTF,long,2025-09-30T14:45:00.000Z,2025-09-30T19:45:00.000Z,4.3397688,4.433609842470514,1.98,Target,300
APTUSDT,Chandelier-MTF,long,2025-10-06T13:45:00.000Z,2025-10-06T14:15:00.000Z,5.4432202499999995,5.401661580732733,-0.94,ATR Stop,30
APTUSDT,Chandelier-MTF,long,2025-10-14T21:15:00.000Z,2025-10-14T21:45:00.000Z,3.6884433,3.633546358380178,-1.67,ATR Stop,30
APTUSDT,Chandelier-MTF,long,2025-10-21T10:00:00.000Z,2025-10-21T11:30:00.000Z,3.33696765,3.301404141921555,-1.25,ATR Stop,90
APTUSDT,Chandelier-MTF,long,2025-10-22T06:30:00.000Z,2025-10-22T06:30:00.000Z,3.3187585499999996,3.2863042291475395,-1.16,ATR Stop,0
APTUSDT,Chandelier-MTF,short,2025-10-29T23:45:00.000Z,2025-10-30T00:15:00.000Z,3.30764535,3.329963828565673,-0.85,ATR Stop,30
APTUSDT,Chandelier-MTF,long,2025-11-07T10:45:00.000Z,2025-11-07T18:15:00.000Z,3.0637310999999996,3.1600168353776636,2.96,ATR Stop,450
APTUSDT,Chandelier-MTF,long,2025-11-09T09:15:00.000Z,2025-11-09T12:15:00.000Z,3.1052518499999997,3.232950452483915,3.93,Target,180
APTUSDT,Chandelier-MTF,short,2025-11-25T01:30:00.000Z,2025-11-25T09:45:00.000Z,2.2783602500000004,2.209125706941918,2.86,Target,495
BCHUSDT,TrendPullback-EMA,long,2025-10-27T22:15:00.000Z,2025-10-27T23:45:00.000Z,559.11942,554.7188554774538,-0.97,ATR Stop,90
BCHUSDT,TrendPullback-EMA,long,2025-10-29T09:45:00.000Z,2025-10-29T13:30:00.000Z,560.470095,555.3020632603517,-1.10,ATR Stop,225
BCHUSDT,TrendPullback-EMA,short,2025-11-04T11:30:00.000Z,2025-11-04T14:15:00.000Z,491.13431,475.82422862331106,2.94,Target,165
BCHUSDT,TrendPullback-EMA,short,2025-11-05T18:45:00.000Z,2025-11-05T21:15:00.000Z,487.85595000000006,488.099877975,-0.23,ATR Stop,150
BCHUSDT,TrendPullback-EMA,short,2025-11-09T04:30:00.000Z,2025-11-09T05:30:00.000Z,490.904425,494.54811429820523,-0.92,ATR Stop,60
BCHUSDT,KAMA-Pullback,long,2025-04-01T09:45:00.000Z,2025-04-01T12:30:00.000Z,313.80682499999995,310.82717257455215,-1.13,ATR Stop,165
BCHUSDT,KAMA-Pullback,long,2025-04-14T22:15:00.000Z,2025-04-14T23:30:00.000Z,326.773305,331.98006517973937,1.41,Target,75
BCHUSDT,KAMA-Pullback,short,2025-07-04T17:15:00.000Z,2025-07-04T17:45:00.000Z,483.61807000000005,486.50147957152194,-0.78,ATR Stop,30
BCHUSDT,KAMA-Pullback,short,2025-07-06T01:15:00.000Z,2025-07-06T04:00:00.000Z,485.20727500000004,485.44987863750003,-0.23,ATR Stop,165
BCHUSDT,KAMA-Pullback,long,2025-07-07T15:45:00.000Z,2025-07-07T16:30:00.000Z,494.056905,491.7038816075467,-0.66,ATR Stop,45
BCHUSDT,KAMA-Pullback,long,2025-07-09T06:30:00.000Z,2025-07-09T07:00:00.000Z,508.71422999999993,506.5601026068698,-0.60,ATR Stop,30
BCHUSDT,KAMA-Pullback,short,2025-07-13T03:30:00.000Z,2025-07-13T07:30:00.000Z,504.777485,507.343571351001,-0.69,ATR Stop,240
BCHUSDT,KAMA-Pullback,short,2025-07-13T16:30:00.000Z,2025-07-13T17:45:00.000Z,505.46714000000003,509.08786602111985,-0.90,ATR Stop,75
BCHUSDT,KAMA-Pullback,short,2025-07-16T00:00:00.000Z,2025-07-16T02:00:00.000Z,496.35170000000005,499.68247670214373,-0.85,ATR Stop,120
BCHUSDT,KAMA-Pullback,long,2025-07-21T21:15:00.000Z,2025-07-21T21:30:00.000Z,522.76125,517.7306418310186,-1.14,ATR Stop,15
BCHUSDT,KAMA-Pullback,long,2025-07-26T03:30:00.000Z,2025-07-26T11:00:00.000Z,555.93783,552.5756844208785,-0.78,ATR Stop,450
BCHUSDT,KAMA-Pullback,long,2025-10-05T14:15:00.000Z,2025-10-05T14:30:00.000Z,597.568635,594.1325969903448,-0.76,ATR Stop,15
BCHUSDT,KAMA-Pullback,short,2025-10-08T06:45:00.000Z,2025-10-08T07:30:00.000Z,576.361675,578.9020047401573,-0.62,ATR Stop,45
BCHUSDT,KAMA-Pullback,short,2025-10-13T19:30:00.000Z,2025-10-13T21:00:00.000Z,544.8074600000001,536.6679078958803,1.31,Target,90
BCHUSDT,KAMA-Pullback,short,2025-10-14T22:15:00.000Z,2025-10-15T01:30:00.000Z,533.003365,537.5345273585808,-1.03,ATR Stop,195
BCHUSDT,KAMA-Pullback,short,2025-10-15T05:30:00.000Z,2025-10-15T10:00:00.000Z,533.8229550000001,523.3118297437237,1.79,Target,270
BCHUSDT,KAMA-Pullback,short,2025-10-15T23:30:00.000Z,2025-10-16T01:15:00.000Z,520.8694350000001,524.4820711928664,-0.87,ATR Stop,105
BCHUSDT,KAMA-Pullback,short,2025-10-18T15:45:00.000Z,2025-10-18T16:15:00.000Z,465.297235,468.1694756131403,-0.80,ATR Stop,30
BCHUSDT,KAMA-Pullback,short,2025-10-18T19:15:00.000Z,2025-10-18T21:45:00.000Z,464.27774500000004,464.50988387250004,-0.23,ATR Stop,150
BCHUSDT,KAMA-Pullback,long,2025-10-23T09:45:00.000Z,2025-10-23T10:30:00.000Z,485.95285499999994,481.9102387723062,-1.01,ATR Stop,45
BCHUSDT,KAMA-Pullback,long,2025-10-23T11:30:00.000Z,2025-10-23T13:30:00.000Z,486.63319499999994,482.6876953434896,-0.99,ATR Stop,120
BCHUSDT,KAMA-Pullback,long,2025-10-23T21:15:00.000Z,2025-10-23T23:15:00.000Z,481.68071999999995,487.11174457260444,0.95,Target,120
BNBUSDT,Chandelier-MTF,long,2025-09-10T01:15:00.000Z,2025-09-10T08:45:00.000Z,884.28192,892.0430802600652,0.70,Target,450
BNBUSDT,Chandelier-MTF,long,2025-09-11T17:15:00.000Z,2025-09-11T21:45:00.000Z,901.39047,902.7760881807252,-0.03,ATR Stop,270
BNBUSDT,Chandelier-MTF,long,2025-09-13T21:15:00.000Z,2025-09-13T22:30:00.000Z,936.317925,936.7590064934569,-0.13,ATR Stop,75
BNBUSDT,Chandelier-MTF,long,2025-09-16T00:30:00.000Z,2025-09-16T04:45:00.000Z,930.5650499999999,926.7153175410726,-0.59,ATR Stop,255
BNBUSDT,Chandelier-MTF,long,2025-09-19T03:45:00.000Z,2025-09-19T04:15:00.000Z,1000.510005,994.0769528853634,-0.82,ATR Stop,30
BNBUSDT,Chandelier-MTF,long,2025-09-19T23:15:00.000Z,2025-09-20T03:30:00.000Z,996.948225,996.9808032963883,-0.18,ATR Stop,255
BNBUSDT,Chandelier-MTF,long,2025-09-21T17:15:00.000Z,2025-09-21T18:00:00.000Z,1053.036255,1045.1753685475571,-0.93,ATR Stop,45
BNBUSDT,Chandelier-MTF,short,2025-09-22T09:15:00.000Z,2025-09-22T16:00:00.000Z,1007.266115,993.3668989558764,1.20,ATR Stop,405
BNBUSDT,Chandelier-MTF,short,2025-10-28T15:45:00.000Z,2025-10-28T16:00:00.000Z,1090.5544499999999,1093.830497657525,-0.48,ATR Stop,15
BNBUSDT,Chandelier-MTF,short,2025-10-29T23:30:00.000Z,2025-10-29T23:45:00.000Z,1100.3295600000001,1103.784269629156,-0.49,ATR Stop,15
BNBUSDT,Chandelier-MTF,short,2025-11-02T20:15:00.000Z,2025-11-02T21:45:00.000Z,1073.28309,1060.2231833587628,1.04,Target,90
BNBUSDT,Chandelier-MTF,short,2025-11-03T15:30:00.000Z,2025-11-03T19:15:00.000Z,985.12719,980.1333221126988,0.33,ATR Stop,225
BNBUSDT,Chandelier-MTF,short,2025-11-04T00:30:00.000Z,2025-11-04T00:45:00.000Z,946.80636,961.9763806511322,-1.78,ATR Stop,15
BNBUSDT,Chandelier-MTF,short,2025-11-04T20:15:00.000Z,2025-11-04T20:30:00.000Z,903.637955,913.4637206021072,-1.27,ATR Stop,15
BNBUSDT,Chandelier-MTF,long,2025-11-07T12:15:00.000Z,2025-11-07T19:45:00.000Z,967.62357,993.9006192383906,2.54,ATR Stop,450
BNBUSDT,Chandelier-MTF,short,2025-11-13T11:30:00.000Z,2025-11-13T12:45:00.000Z,945.6069600000001,924.3735608841912,2.07,Target,75
BNBUSDT,Chandelier-MTF,short,2025-11-20T10:30:00.000Z,2025-11-20T16:45:00.000Z,890.2446550000001,883.6461608026617,0.56,ATR Stop,375
BNBUSDT,Chandelier-MTF,short,2025-11-22T04:15:00.000Z,2025-11-22T06:00:00.000Z,820.019785,821.9566456793858,-0.42,ATR Stop,105
BNBUSDT,Chandelier-MTF,long,2025-11-24T12:15:00.000Z,2025-11-24T16:15:00.000Z,863.93175,866.7270651948162,0.14,ATR Stop,240
CFXUSDT,TrendPullback-EMA,long,2025-08-30T20:30:00.000Z,2025-08-31T01:15:00.000Z,0.20166077999999998,0.19847639927872515,-1.76,ATR Stop,285
CFXUSDT,TrendPullback-EMA,long,2025-09-14T01:00:00.000Z,2025-09-14T02:15:00.000Z,0.183501705,0.18208779978357664,-0.95,ATR Stop,75
CFXUSDT,KAMA-Pullback,short,2025-05-05T14:45:00.000Z,2025-05-05T15:45:00.000Z,0.071494235,0.07216135246972916,-1.11,ATR Stop,60
CFXUSDT,KAMA-Pullback,short,2025-05-05T21:00:00.000Z,2025-05-05T21:15:00.000Z,0.07146424999999999,0.07207659960641462,-1.04,ATR Stop,15
CFXUSDT,KAMA-Pullback,short,2025-05-06T15:15:00.000Z,2025-05-06T16:45:00.000Z,0.07130433,0.071339982165,-0.23,ATR Stop,90
CFXUSDT,KAMA-Pullback,short,2025-05-13T03:00:00.000Z,2025-05-13T03:30:00.000Z,0.09503246,0.09627695335854483,-1.49,ATR Stop,30
CFXUSDT,KAMA-Pullback,short,2025-05-16T03:15:00.000Z,2025-05-16T03:30:00.000Z,0.09143426000000002,0.09271019758517116,-1.58,ATR Stop,15
CFXUSDT,KAMA-Pullback,short,2025-05-20T01:45:00.000Z,2025-05-20T05:45:00.000Z,0.08917539,0.08703670246329401,2.22,Target,240
CFXUSDT,KAMA-Pullback,short,2025-06-01T01:15:00.000Z,2025-06-01T04:00:00.000Z,0.075652155,0.07449128382801529,1.35,Target,165
CFXUSDT,KAMA-Pullback,short,2025-06-02T03:45:00.000Z,2025-06-02T06:30:00.000Z,0.07542227,0.07545998113499999,-0.23,ATR Stop,165
CFXUSDT,KAMA-Pullback,long,2025-06-07T00:30:00.000Z,2025-06-07T04:45:00.000Z,0.08223109499999999,0.08461885236882559,2.72,Target,255
CFXUSDT,KAMA-Pullback,short,2025-06-12T05:00:00.000Z,2025-06-12T06:15:00.000Z,0.08103946000000001,0.07980437604948604,1.34,Target,75
CFXUSDT,KAMA-Pullback,short,2025-06-14T09:30:00.000Z,2025-06-14T11:00:00.000Z,0.074492735,0.07357300145422467,1.05,Target,90
CFXUSDT,KAMA-Pullback,short,2025-06-18T03:15:00.000Z,2025-06-18T03:45:00.000Z,0.072673645,0.07324724129399453,-0.97,ATR Stop,30
CFXUSDT,KAMA-Pullback,short,2025-06-19T09:00:00.000Z,2025-06-19T11:30:00.000Z,0.07270363,0.07175466752870768,1.13,Target,150
CFXUSDT,KAMA-Pullback,short,2025-06-26T21:45:00.000Z,2025-06-26T23:45:00.000Z,0.07008494000000001,0.07085273879389366,-1.28,ATR Stop,120
CFXUSDT,KAMA-Pullback,short,2025-06-27T13:15:00.000Z,2025-06-27T14:15:00.000Z,0.06943526500000001,0.07024289628258387,-1.34,ATR Stop,60
CFXUSDT,KAMA-Pullback,short,2025-07-06T18:45:00.000Z,2025-07-06T20:15:00.000Z,0.074152905,0.07469789781281715,-0.91,ATR Stop,90
CFXUSDT,KAMA-Pullback,long,2025-07-10T01:45:00.000Z,2025-07-10T02:00:00.000Z,0.07829913,0.07777000396624476,-0.86,ATR Stop,15
CFXUSDT,KAMA-Pullback,long,2025-07-10T05:15:00.000Z,2025-07-10T07:00:00.000Z,0.07811903999999999,0.07761733165984089,-0.82,ATR Stop,105
CFXUSDT,KAMA-Pullback,long,2025-07-10T07:45:00.000Z,2025-07-10T09:00:00.000Z,0.078289125,0.0778059510567039,-0.80,ATR Stop,75
CFXUSDT,KAMA-Pullback,long,2025-07-13T20:30:00.000Z,2025-07-14T00:15:00.000Z,0.10441218,0.10435997391,-0.23,ATR Stop,225
CFXUSDT,KAMA-Pullback,long,2025-07-16T00:30:00.000Z,2025-07-16T04:15:00.000Z,0.10311152999999999,0.103059974235,-0.23,ATR Stop,225
CFXUSDT,KAMA-Pullback,long,2025-07-16T07:00:00.000Z,2025-07-16T07:30:00.000Z,0.10371182999999999,0.10265061039771847,-1.20,ATR Stop,30
CFXUSDT,KAMA-Pullback,short,2025-07-17T11:00:00.000Z,2025-07-17T11:45:00.000Z,0.09891052000000002,0.10048839086691104,-1.78,ATR Stop,45
CFXUSDT,KAMA-Pullback,long,2025-07-18T22:30:00.000Z,2025-07-19T02:30:00.000Z,0.10447221,0.104419973895,-0.23,ATR Stop,240
CFXUSDT,KAMA-Pullback,long,2025-07-19T11:15:00.000Z,2025-07-19T21:30:00.000Z,0.10453224,0.1072410663882827,2.41,Target,615
CFXUSDT,KAMA-Pullback,long,2025-07-21T10:45:00.000Z,2025-07-21T17:45:00.000Z,0.22006997999999997,0.21995994501,-0.23,ATR Stop,420
CFXUSDT,KAMA-Pullback,short,2025-07-25T18:45:00.000Z,2025-07-25T19:00:00.000Z,0.18424783,0.1880905402155481,-2.27,ATR Stop,15
CFXUSDT,KAMA-Pullback,long,2025-09-29T22:15:00.000Z,2025-09-29T22:45:00.000Z,0.14511252,0.143692501380437,-1.16,ATR Stop,30
CFXUSDT,KAMA-Pullback,short,2025-09-30T21:15:00.000Z,2025-09-30T22:15:00.000Z,0.142498715,0.14051564626275717,1.21,Target,60
CFXUSDT,KAMA-Pullback,long,2025-10-14T10:15:00.000Z,2025-10-14T11:45:00.000Z,0.11440717499999999,0.11882928713402073,3.69,Target,90
CFXUSDT,KAMA-Pullback,short,2025-10-16T02:00:00.000Z,2025-10-16T04:30:00.000Z,0.11252371,0.11384501261849443,-1.35,ATR Stop,150
CFXUSDT,KAMA-Pullback,short,2025-10-16T09:00:00.000Z,2025-10-16T10:45:00.000Z,0.11190402,0.10872660279431161,2.66,Target,105
CFXUSDT,KAMA-Pullback,short,2025-10-17T00:45:00.000Z,2025-10-17T01:45:00.000Z,0.10818588000000001,0.10587331526742255,1.96,Target,60
CFXUSDT,KAMA-Pullback,short,2025-10-17T18:45:00.000Z,2025-10-17T19:30:00.000Z,0.106636655,0.1076573103522972,-1.14,ATR Stop,45
CFXUSDT,KAMA-Pullback,short,2025-10-18T19:15:00.000Z,2025-10-18T19:45:00.000Z,0.109235355,0.11013077479842914,-1.00,ATR Stop,30
CFXUSDT,KAMA-Pullback,short,2025-10-19T03:15:00.000Z,2025-10-19T04:30:00.000Z,0.10970512,0.1108310342946399,-1.21,ATR Stop,75
CFXUSDT,Chandelier-MTF,short,2025-03-10T09:15:00.000Z,2025-03-10T10:00:00.000Z,0.079630165,0.08200055942940991,-3.16,ATR Stop,45
CFXUSDT,Chandelier-MTF,long,2025-03-13T04:30:00.000Z,2025-03-13T05:45:00.000Z,0.08122059,0.08008659380634404,-1.58,ATR Stop,75
CFXUSDT,Chandelier-MTF,long,2025-03-26T20:30:00.000Z,2025-03-27T01:15:00.000Z,0.09472734,0.09439110841273698,-0.53,ATR Stop,285
CFXUSDT,Chandelier-MTF,long,2025-06-30T12:00:00.000Z,2025-06-30T13:00:00.000Z,0.0758379,0.0747113036097763,-1.67,ATR Stop,60
CFXUSDT,Chandelier-MTF,short,2025-07-03T10:30:00.000Z,2025-07-03T11:45:00.000Z,0.074792585,0.076043087940843,-1.85,ATR Stop,75
CFXUSDT,Chandelier-MTF,long,2025-07-13T00:15:00.000Z,2025-07-13T03:30:00.000Z,0.10000997999999998,0.10040812697050418,0.22,ATR Stop,195
CFXUSDT,Chandelier-MTF,long,2025-07-13T21:30:00.000Z,2025-07-14T00:30:00.000Z,0.10463229,0.10334533824802705,-1.41,ATR Stop,180
CFXUSDT,Chandelier-MTF,long,2025-07-15T12:45:00.000Z,2025-07-15T13:15:00.000Z,0.10313154,0.10191307209912599,-1.36,ATR Stop,30
CFXUSDT,Chandelier-MTF,short,2025-07-16T20:15:00.000Z,2025-07-17T00:00:00.000Z,0.09841077000000001,0.09920336760590824,-0.99,ATR Stop,225
CFXUSDT,Chandelier-MTF,short,2025-07-21T05:30:00.000Z,2025-07-21T06:45:00.000Z,0.21377306,0.2086659834824386,2.21,ATR Stop,75
CFXUSDT,Chandelier-MTF,short,2025-07-24T18:15:00.000Z,2025-07-24T20:15:00.000Z,0.17289351,0.17738613658140734,-2.78,ATR Stop,120
CFXUSDT,Chandelier-MTF,short,2025-07-28T09:30:00.000Z,2025-07-28T10:00:00.000Z,0.18200895000000003,0.184152212936383,-1.36,ATR Stop,30
CFXUSDT,Chandelier-MTF,long,2025-09-29T15:15:00.000Z,2025-09-29T17:30:00.000Z,0.14585288999999999,0.14457805683686742,-1.05,ATR Stop,135
CFXUSDT,Chandelier-MTF,short,2025-10-11T08:15:00.000Z,2025-10-11T09:30:00.000Z,0.10080957000000001,0.10041965231537807,0.21,ATR Stop,75
CFXUSDT,Chandelier-MTF,long,2025-10-12T22:00:00.000Z,2025-10-13T04:30:00.000Z,0.11305649999999999,0.11724692829082162,3.53,Target,390
CFXUSDT,Chandelier-MTF,short,2025-10-14T01:00:00.000Z,2025-10-14T01:45:00.000Z,0.114072935,0.11382173960137502,0.04,ATR Stop,45
CFXUSDT,Chandelier-MTF,long,2025-10-14T22:00:00.000Z,2025-10-14T22:00:00.000Z,0.11726860499999998,0.11636113215434883,-0.95,ATR Stop,0
DOGEUSDT,TrendPullback-EMA,short,2025-03-08T16:45:00.000Z,2025-03-08T18:45:00.000Z,0.19313338500000002,0.1932299516925,-0.23,ATR Stop,120
DOGEUSDT,TrendPullback-EMA,short,2025-03-10T08:45:00.000Z,2025-03-10T11:45:00.000Z,0.16825583,0.15990923280396163,4.78,Target,180
DOGEUSDT,TrendPullback-EMA,short,2025-03-11T21:15:00.000Z,2025-03-12T01:30:00.000Z,0.16346822500000002,0.1635499591125,-0.23,ATR Stop,255
DOGEUSDT,TrendPullback-EMA,short,2025-03-13T07:30:00.000Z,2025-03-13T07:45:00.000Z,0.16845573,0.17088142074997476,-1.62,ATR Stop,15
DOGEUSDT,TrendPullback-EMA,short,2025-03-16T03:00:00.000Z,2025-03-16T05:00:00.000Z,0.17422284500000002,0.17141507895372476,1.43,Target,120
DOGEUSDT,TrendPullback-EMA,short,2025-04-01T19:45:00.000Z,2025-04-01T20:15:00.000Z,0.1711144,0.17270315603427033,-1.11,ATR Stop,30
DOGEUSDT,TrendPullback-EMA,short,2025-04-04T05:45:00.000Z,2025-04-04T06:30:00.000Z,0.16235878,0.16243995939,-0.23,ATR Stop,45
DOGEUSDT,TrendPullback-EMA,long,2025-07-13T21:00:00.000Z,2025-07-13T23:15:00.000Z,0.201950925,0.20722801475656202,2.43,Target,135
DOGEUSDT,TrendPullback-EMA,long,2025-07-15T23:45:00.000Z,2025-07-16T09:15:00.000Z,0.19843916999999997,0.2032403963760008,2.24,Target,570
DOGEUSDT,TrendPullback-EMA,long,2025-07-17T01:00:00.000Z,2025-07-17T01:30:00.000Z,0.21312650999999996,0.20977500850604863,-1.75,ATR Stop,30
DOGEUSDT,TrendPullback-EMA,long,2025-07-17T16:00:00.000Z,2025-07-17T18:30:00.000Z,0.21676832999999998,0.216659945835,-0.23,ATR Stop,150
DOGEUSDT,KAMA-Pullback,short,2025-03-11T18:45:00.000Z,2025-03-12T01:45:00.000Z,0.164487715,0.1645699588575,-0.23,ATR Stop,420
DOGEUSDT,KAMA-Pullback,long,2025-03-13T17:45:00.000Z,2025-03-14T06:45:00.000Z,0.16598295,0.1704281710298086,2.50,Target,780
DOGEUSDT,KAMA-Pullback,short,2025-03-27T21:45:00.000Z,2025-03-27T23:15:00.000Z,0.18944523,0.18472075653796194,2.31,Target,90
DOGEUSDT,KAMA-Pullback,long,2025-04-01T09:45:00.000Z,2025-04-01T15:00:00.000Z,0.17322656999999997,0.17091124628238552,-1.52,ATR Stop,315
DOGEUSDT,KAMA-Pullback,long,2025-04-01T15:45:00.000Z,2025-04-01T19:30:00.000Z,0.17312651999999998,0.17146528285760487,-1.14,ATR Stop,225
DOGEUSDT,KAMA-Pullback,short,2025-04-04T05:30:00.000Z,2025-04-04T06:45:00.000Z,0.16265863,0.162739959315,-0.23,ATR Stop,75
DOGEUSDT,KAMA-Pullback,short,2025-04-08T00:45:00.000Z,2025-04-08T03:00:00.000Z,0.14949521500000001,0.15146576401279047,-1.50,ATR Stop,135
DOGEUSDT,KAMA-Pullback,short,2025-04-09T06:30:00.000Z,2025-04-09T07:15:00.000Z,0.143718105,0.14623025926857328,-1.93,ATR Stop,45
DOGEUSDT,KAMA-Pullback,short,2025-04-28T21:30:00.000Z,2025-04-28T22:00:00.000Z,0.17760115499999998,0.17930336056693058,-1.14,ATR Stop,30
DOGEUSDT,KAMA-Pullback,short,2025-04-29T05:30:00.000Z,2025-04-29T05:45:00.000Z,0.177920995,0.17935700351042716,-0.99,ATR Stop,15
DOGEUSDT,KAMA-Pullback,long,2025-04-29T11:15:00.000Z,2025-04-29T11:30:00.000Z,0.180039975,0.17836831255394567,-1.11,ATR Stop,15
DOGEUSDT,KAMA-Pullback,short,2025-04-30T01:15:00.000Z,2025-04-30T02:15:00.000Z,0.174782565,0.17264322963156792,1.04,Target,60
DOGEUSDT,KAMA-Pullback,short,2025-07-15T09:45:00.000Z,2025-07-15T10:15:00.000Z,0.19003493500000002,0.19271449097291285,-1.59,ATR Stop,30
DOGEUSDT,KAMA-Pullback,short,2025-07-15T14:30:00.000Z,2025-07-15T15:30:00.000Z,0.191754075,0.19455963646285132,-1.64,ATR Stop,60
DOGEUSDT,KAMA-Pullback,long,2025-07-17T16:00:00.000Z,2025-07-17T18:30:00.000Z,0.21676832999999998,0.216659945835,-0.23,ATR Stop,150
DOGEUSDT,KAMA-Pullback,long,2025-07-18T18:45:00.000Z,2025-07-18T19:30:00.000Z,0.236688285,0.23656994085750002,-0.23,ATR Stop,45
DOGEUSDT,KAMA-Pullback,long,2025-07-20T10:30:00.000Z,2025-07-20T11:15:00.000Z,0.25430709,0.2614641658119819,2.63,Target,45
DOGEUSDT,KAMA-Pullback,long,2025-07-21T08:15:00.000Z,2025-07-21T10:30:00.000Z,0.27345666,0.28322028785209846,3.39,Target,135
DOGEUSDT,KAMA-Pullback,long,2025-07-22T10:00:00.000Z,2025-07-22T11:45:00.000Z,0.267683775,0.2633589947867585,-1.80,ATR Stop,105
DOGEUSDT,KAMA-Pullback,short,2025-07-24T08:45:00.000Z,2025-07-24T09:15:00.000Z,0.23334327000000002,0.23777126986584368,-2.08,ATR Stop,30
DOGEUSDT,KAMA-Pullback,short,2025-07-25T09:00:00.000Z,2025-07-25T11:30:00.000Z,0.227756065,0.2278699430325,-0.23,ATR Stop,150
DOGEUSDT,KAMA-Pullback,long,2025-07-26T20:15:00.000Z,2025-07-27T01:15:00.000Z,0.238389135,0.23826994043250002,-0.23,ATR Stop,300
DOGEUSDT,KAMA-Pullback,long,2025-07-27T11:00:00.000Z,2025-07-27T11:30:00.000Z,0.240910395,0.23837231221587074,-1.23,ATR Stop,30
DOGEUSDT,Chandelier-MTF,long,2025-07-06T21:30:00.000Z,2025-07-06T22:45:00.000Z,0.173076495,0.17413340239157732,0.43,ATR Stop,75
DOGEUSDT,Chandelier-MTF,long,2025-07-10T00:45:00.000Z,2025-07-10T04:30:00.000Z,0.18070030499999998,0.18236329079407407,0.74,ATR Stop,225
DOGEUSDT,Chandelier-MTF,long,2025-07-10T12:45:00.000Z,2025-07-10T13:00:00.000Z,0.185822865,0.18413062240161812,-1.09,ATR Stop,15
DOGEUSDT,Chandelier-MTF,long,2025-07-18T22:15:00.000Z,2025-07-19T05:45:00.000Z,0.25018503,0.2541034302474526,1.39,ATR Stop,450
DOGEUSDT,Chandelier-MTF,long,2025-07-19T20:45:00.000Z,2025-07-19T21:00:00.000Z,0.253176525,0.2506149625284378,-1.19,ATR Stop,15
DOGEUSDT,Chandelier-MTF,short,2025-07-23T23:30:00.000Z,2025-07-24T01:15:00.000Z,0.23790099000000003,0.22517350403168712,5.17,Target,105
DOGEUSDT,Chandelier-MTF,short,2025-07-24T19:00:00.000Z,2025-07-24T23:15:00.000Z,0.22978505000000002,0.22480544638189356,1.99,ATR Stop,255
DOGEUSDT,Chandelier-MTF,long,2025-07-27T17:15:00.000Z,2025-07-27T17:30:00.000Z,0.24362174999999997,0.24023022997392648,-1.57,ATR Stop,15
DOGEUSDT,Chandelier-MTF,long,2025-07-27T18:00:00.000Z,2025-07-27T18:00:00.000Z,0.24078033,0.23948101856115814,-0.72,ATR Stop,0
DOGEUSDT,Chandelier-MTF,short,2025-07-31T09:15:00.000Z,2025-07-31T10:00:00.000Z,0.21532228500000003,0.21803179882379556,-1.44,ATR Stop,45
DOGEUSDT,Chandelier-MTF,long,2025-08-05T05:15:00.000Z,2025-08-05T07:15:00.000Z,0.208334115,0.20581264186117074,-1.39,ATR Stop,120
DOGEUSDT,Chandelier-MTF,short,2025-08-06T03:15:00.000Z,2025-08-06T03:15:00.000Z,0.198850525,0.1993197360189003,-0.42,ATR Stop,0
DOGEUSDT,Chandelier-MTF,long,2025-08-10T21:30:00.000Z,2025-08-10T21:45:00.000Z,0.240530205,0.23795111083265094,-1.25,ATR Stop,15
DOGEUSDT,Chandelier-MTF,short,2025-09-22T14:15:00.000Z,2025-09-22T16:15:00.000Z,0.236691595,0.2371077730296338,-0.36,ATR Stop,120
DOGEUSDT,Chandelier-MTF,short,2025-09-23T22:15:00.000Z,2025-09-23T23:00:00.000Z,0.23480254,0.2345521765899167,-0.07,ATR Stop,45
DOGEUSDT,Chandelier-MTF,short,2025-11-03T15:30:00.000Z,2025-11-03T15:30:00.000Z,0.165907005,0.16700976835558937,-0.84,ATR Stop,0
DOGEUSDT,Chandelier-MTF,short,2025-11-03T16:00:00.000Z,2025-11-03T19:15:00.000Z,0.165547185,0.16501564818476722,0.14,ATR Stop,195
DOGEUSDT,Chandelier-MTF,short,2025-11-06T09:30:00.000Z,2025-11-06T12:15:00.000Z,0.16049971000000002,0.1605334700344459,-0.20,ATR Stop,165
DOGEUSDT,Chandelier-MTF,long,2025-11-09T09:30:00.000Z,2025-11-09T12:45:00.000Z,0.17690841,0.17636403747064178,-0.49,ATR Stop,195
DOGEUSDT,Chandelier-MTF,short,2025-11-16T11:15:00.000Z,2025-11-16T12:45:00.000Z,0.157471225,0.15700177791875747,0.12,ATR Stop,90
DOGEUSDT,Chandelier-MTF,short,2025-11-20T11:15:00.000Z,2025-11-20T15:45:00.000Z,0.150854535,0.15051439555015822,0.05,ATR Stop,270
ENAUSDT,TrendPullback-EMA,short,2025-05-05T04:45:00.000Z,2025-05-05T07:15:00.000Z,0.28535725,0.27710160708397663,2.71,Target,150
ENAUSDT,TrendPullback-EMA,short,2025-05-06T02:45:00.000Z,2025-05-06T08:45:00.000Z,0.26556715000000003,0.265699933575,-0.23,ATR Stop,360
ENAUSDT,TrendPullback-EMA,short,2025-05-07T07:00:00.000Z,2025-05-07T08:15:00.000Z,0.26816585,0.2708506265654791,-1.18,ATR Stop,75
ENAUSDT,TrendPullback-EMA,long,2025-05-09T20:30:00.000Z,2025-05-10T03:30:00.000Z,0.37188584999999996,0.371699907075,-0.23,ATR Stop,420
ENAUSDT,TrendPullback-EMA,long,2025-05-11T18:45:00.000Z,2025-05-11T20:15:00.000Z,0.41020499999999993,0.40999989749999993,-0.23,ATR Stop,90
ENAUSDT,TrendPullback-EMA,long,2025-05-14T19:15:00.000Z,2025-05-14T19:45:00.000Z,0.41850915,0.4125158694051659,-1.61,ATR Stop,30
ENAUSDT,TrendPullback-EMA,short,2025-05-25T01:45:00.000Z,2025-05-25T07:00:00.000Z,0.36351815000000004,0.363699909075,-0.23,ATR Stop,315
ENAUSDT,TrendPullback-EMA,long,2025-05-28T06:45:00.000Z,2025-05-28T07:30:00.000Z,0.402201,0.4019998995,-0.23,ATR Stop,45
ENAUSDT,TrendPullback-EMA,long,2025-07-30T00:15:00.000Z,2025-07-30T03:45:00.000Z,0.5776886999999999,0.57739985565,-0.23,ATR Stop,210
ENAUSDT,TrendPullback-EMA,long,2025-08-10T17:15:00.000Z,2025-08-10T19:30:00.000Z,0.7837917,0.8054604833002295,2.58,Target,135
ENAUSDT,TrendPullback-EMA,long,2025-08-11T10:45:00.000Z,2025-08-11T11:30:00.000Z,0.82071015,0.804058989244348,-2.21,ATR Stop,45
ENAUSDT,TrendPullback-EMA,long,2025-08-12T19:00:00.000Z,2025-08-12T19:30:00.000Z,0.8230113,0.8083393655212807,-1.96,ATR Stop,30
ENAUSDT,TrendPullback-EMA,long,2025-08-13T04:00:00.000Z,2025-08-13T05:45:00.000Z,0.802401,0.8019997995000001,-0.23,ATR Stop,105
ENAUSDT,TrendPullback-EMA,long,2025-08-13T20:30:00.000Z,2025-08-13T20:45:00.000Z,0.78729345,0.7738350811471894,-1.89,ATR Stop,15
ENAUSDT,TrendPullback-EMA,short,2025-08-19T18:30:00.000Z,2025-08-19T18:45:00.000Z,0.6360818,0.6435478398243752,-1.35,ATR Stop,15
ENAUSDT,TrendPullback-EMA,short,2025-08-20T19:15:00.000Z,2025-08-20T20:15:00.000Z,0.6482757,0.6559226847057674,-1.36,ATR Stop,60
ENAUSDT,TrendPullback-EMA,long,2025-08-23T19:15:00.000Z,2025-08-23T19:30:00.000Z,0.7462729499999999,0.7404834261418668,-0.96,ATR Stop,15
ENAUSDT,KAMA-Pullback,short,2025-05-01T11:00:00.000Z,2025-05-01T22:45:00.000Z,0.32473755000000004,0.30995370518391024,4.37,Target,705
ENAUSDT,KAMA-Pullback,short,2025-05-02T10:00:00.000Z,2025-05-02T10:45:00.000Z,0.30834575000000003,0.3123111996459027,-1.47,ATR Stop,45
ENAUSDT,KAMA-Pullback,short,2025-05-07T01:00:00.000Z,2025-05-07T01:45:00.000Z,0.26826580000000005,0.27132803514488113,-1.32,ATR Stop,45
ENAUSDT,KAMA-Pullback,long,2025-05-14T19:00:00.000Z,2025-05-14T19:45:00.000Z,0.41560769999999997,0.40967838351325553,-1.61,ATR Stop,45
ENAUSDT,KAMA-Pullback,long,2025-05-22T18:45:00.000Z,2025-05-22T20:45:00.000Z,0.41790885,0.4348628503037035,3.88,Target,120
ENAUSDT,KAMA-Pullback,long,2025-09-07T09:45:00.000Z,2025-09-07T11:45:00.000Z,0.74267115,0.7358804196641131,-1.09,ATR Stop,120
ENAUSDT,KAMA-Pullback,long,2025-09-08T17:30:00.000Z,2025-09-08T21:15:00.000Z,0.7804900499999999,0.780099804975,-0.23,ATR Stop,225
ENAUSDT,KAMA-Pullback,short,2025-09-12T02:45:00.000Z,2025-09-12T06:15:00.000Z,0.7679158500000001,0.7517504696064368,1.93,Target,210
ENAUSDT,KAMA-Pullback,short,2025-09-16T18:15:00.000Z,2025-09-16T23:30:00.000Z,0.6987504500000001,0.6853032489818862,1.74,Target,315
ENAUSDT,KAMA-Pullback,short,2025-09-18T21:00:00.000Z,2025-09-18T22:45:00.000Z,0.6930533000000001,0.6778093908644358,2.02,Target,105
ENAUSDT,KAMA-Pullback,short,2025-09-20T04:15:00.000Z,2025-09-20T09:15:00.000Z,0.6627684500000001,0.6693211038248262,-1.17,ATR Stop,300
ENAUSDT,KAMA-Pullback,short,2025-09-21T01:45:00.000Z,2025-09-21T04:00:00.000Z,0.6646675000000001,0.6513630484747907,1.82,Target,135
ENAUSDT,KAMA-Pullback,short,2025-09-23T22:15:00.000Z,2025-09-24T09:15:00.000Z,0.60319825,0.6112202098637232,-1.51,ATR Stop,660
ENAUSDT,KAMA-Pullback,short,2025-09-24T10:30:00.000Z,2025-09-24T22:45:00.000Z,0.5975011,0.59779985055,-0.23,ATR Stop,735
ENAUSDT,KAMA-Pullback,short,2025-09-26T00:45:00.000Z,2025-09-26T01:30:00.000Z,0.5733132000000001,0.5809051762242127,-1.50,ATR Stop,45
ENAUSDT,KAMA-Pullback,long,2025-10-28T08:15:00.000Z,2025-10-28T09:30:00.000Z,0.49624799999999997,0.4905795985104333,-1.32,ATR Stop,75
ENAUSDT,KAMA-Pullback,short,2025-10-31T11:15:00.000Z,2025-10-31T14:15:00.000Z,0.39250365000000004,0.39790842086759737,-1.56,ATR Stop,180
ENAUSDT,KAMA-Pullback,short,2025-11-01T16:15:00.000Z,2025-11-01T16:30:00.000Z,0.38780600000000004,0.3799065338186406,1.86,Target,15
ENAUSDT,KAMA-Pullback,short,2025-11-02T19:45:00.000Z,2025-11-02T22:00:00.000Z,0.36601690000000003,0.3543109627294567,3.02,Target,135
ENAUSDT,KAMA-Pullback,short,2025-11-05T02:45:00.000Z,2025-11-05T06:15:00.000Z,0.31654165,0.32180647208046453,-1.84,ATR Stop,210
ENAUSDT,KAMA-Pullback,short,2025-11-07T04:15:00.000Z,2025-11-07T04:30:00.000Z,0.3114442,0.3162434279718242,-1.72,ATR Stop,15
ENAUSDT,KAMA-Pullback,short,2025-11-09T05:00:00.000Z,2025-11-09T05:15:00.000Z,0.31294345,0.3172402086522275,-1.55,ATR Stop,15
ENAUSDT,KAMA-Pullback,short,2025-11-20T04:45:00.000Z,2025-11-20T06:15:00.000Z,0.26876554999999996,0.2714845348532866,-1.19,ATR Stop,90
ENAUSDT,KAMA-Pullback,short,2025-11-20T10:30:00.000Z,2025-11-20T11:00:00.000Z,0.26836575,0.2574977740939737,3.87,Target,30
ENAUSDT,KAMA-Pullback,short,2025-11-23T09:30:00.000Z,2025-11-23T10:15:00.000Z,0.23558215000000002,0.23817776856646564,-1.28,ATR Stop,45
ENAUSDT,KAMA-Pullback,short,2025-11-24T04:00:00.000Z,2025-11-24T06:15:00.000Z,0.23898045,0.24270656759193374,-1.74,ATR Stop,135
ENAUSDT,KAMA-Pullback,long,2025-11-25T04:30:00.000Z,2025-11-25T06:45:00.000Z,0.26863425,0.2776429097144881,3.17,Target,135
ETHUSDT,TrendPullback-EMA,long,2025-10-28T07:30:00.000Z,2025-10-28T09:30:00.000Z,4122.0599999999995,4119.99897,-0.23,ATR Stop,120
ETHUSDT,TrendPullback-EMA,long,2025-10-29T00:00:00.000Z,2025-10-29T03:00:00.000Z,4022.260125,4000.6082265196765,-0.72,ATR Stop,180
ETHUSDT,TrendPullback-EMA,short,2025-11-01T09:00:00.000Z,2025-11-01T09:45:00.000Z,3862.08799,3876.2767828782576,-0.55,ATR Stop,45
ETHUSDT,TrendPullback-EMA,short,2025-11-02T04:30:00.000Z,2025-11-02T06:00:00.000Z,3868.8246200000003,3886.351852685493,-0.63,ATR Stop,90
ETHUSDT,TrendPullback-EMA,short,2025-11-05T03:45:00.000Z,2025-11-05T07:00:00.000Z,3302.278035,3341.3996413366604,-1.36,ATR Stop,195
ETHUSDT,TrendPullback-EMA,short,2025-11-06T00:30:00.000Z,2025-11-06T08:00:00.000Z,3385.3065,3386.99915325,-0.23,ATR Stop,450
ETHUSDT,TrendPullback-EMA,short,2025-11-08T19:00:00.000Z,2025-11-08T19:00:00.000Z,3373.3125,3391.90833803359,-0.73,ATR Stop,0
ETHUSDT,TrendPullback-EMA,short,2025-11-10T15:45:00.000Z,2025-11-10T17:15:00.000Z,3544.117055,3578.350623576511,-1.15,ATR Stop,90
ETHUSDT,TrendPullback-EMA,short,2025-11-11T07:15:00.000Z,2025-11-11T09:45:00.000Z,3548.694765,3489.642338429561,1.48,Target,150
ETHUSDT,TrendPullback-EMA,short,2025-11-15T03:15:00.000Z,2025-11-15T05:15:00.000Z,3145.96623,3170.527178515427,-0.96,ATR Stop,120
ETHUSDT,TrendPullback-EMA,short,2025-11-16T06:15:00.000Z,2025-11-16T10:45:00.000Z,3161.588415,3100.7059165238647,1.75,Target,270
ETHUSDT,TrendPullback-EMA,short,2025-11-19T08:45:00.000Z,2025-11-19T10:15:00.000Z,3059.1996350000004,2993.013071003796,1.98,Target,90
ETHUSDT,TrendPullback-EMA,short,2025-11-22T03:00:00.000Z,2025-11-22T08:45:00.000Z,2726.526055,2749.9793828403413,-1.04,ATR Stop,345
ETHUSDT,TrendPullback-EMA,short,2025-11-23T11:45:00.000Z,2025-11-23T13:45:00.000Z,2794.2721650000003,2818.5033088803775,-1.05,ATR Stop,120
ETHUSDT,TrendPullback-EMA,short,2025-11-23T18:15:00.000Z,2025-11-23T20:45:00.000Z,2800.3991000000005,2824.949118166754,-1.06,ATR Stop,150
ETHUSDT,TrendPullback-EMA,short,2025-11-25T22:45:00.000Z,2025-11-25T23:45:00.000Z,2920.5489950000006,2944.989655957539,-1.02,ATR Stop,60
ETHUSDT,KAMA-Pullback,short,2025-04-04T05:15:00.000Z,2025-04-04T08:30:00.000Z,1787.106,1803.3049426004504,-1.09,ATR Stop,195
ETHUSDT,KAMA-Pullback,short,2025-04-04T22:00:00.000Z,2025-04-05T03:30:00.000Z,1808.105495,1818.8423824945123,-0.77,ATR Stop,330
ETHUSDT,KAMA-Pullback,short,2025-04-06T01:30:00.000Z,2025-04-06T07:30:00.000Z,1796.7911550000001,1782.5138086187897,0.61,Target,360
ETHUSDT,KAMA-Pullback,short,2025-04-07T19:15:00.000Z,2025-04-07T20:15:00.000Z,1555.092065,1576.2043587185585,-1.54,ATR Stop,60
ETHUSDT,KAMA-Pullback,short,2025-04-08T08:30:00.000Z,2025-04-08T09:15:00.000Z,1566.8861650000001,1531.120332684254,2.10,Target,45
ETHUSDT,KAMA-Pullback,short,2025-04-09T06:15:00.000Z,2025-04-09T08:45:00.000Z,1448.1555600000002,1471.7996128308348,-1.81,ATR Stop,150
ETHUSDT,KAMA-Pullback,long,2025-04-26T01:30:00.000Z,2025-04-26T04:00:00.000Z,1803.031065,1792.8115910919596,-0.75,ATR Stop,150
ETHUSDT,KAMA-Pullback,short,2025-08-03T09:45:00.000Z,2025-08-03T11:00:00.000Z,3461.2884900000004,3482.971477285943,-0.81,ATR Stop,75
ETHUSDT,KAMA-Pullback,long,2025-08-05T17:45:00.000Z,2025-08-05T19:00:00.000Z,3609.72396,3583.452194493868,-0.91,ATR Stop,75
ETHUSDT,KAMA-Pullback,long,2025-08-06T09:45:00.000Z,2025-08-06T12:30:00.000Z,3628.1031449999996,3684.098788907432,1.36,Target,165
ETHUSDT,KAMA-Pullback,long,2025-08-11T19:45:00.000Z,2025-08-12T00:00:00.000Z,4271.754809999999,4269.618932595,-0.23,ATR Stop,255
ETHUSDT,KAMA-Pullback,long,2025-08-13T11:00:00.000Z,2025-08-14T00:30:00.000Z,4720.3589999999995,4717.9988205,-0.23,ATR Stop,810
ETHUSDT,KAMA-Pullback,long,2025-08-14T18:30:00.000Z,2025-08-14T22:00:00.000Z,4547.53263,4641.449266801493,1.89,Target,210
ETHUSDT,KAMA-Pullback,long,2025-08-15T17:30:00.000Z,2025-08-15T17:45:00.000Z,4475.246505,4428.674868008906,-1.22,ATR Stop,15
ETHUSDT,KAMA-Pullback,short,2025-08-17T18:30:00.000Z,2025-08-17T20:15:00.000Z,4468.42467,4407.188615948962,1.19,Target,105
ETHUSDT,KAMA-Pullback,short,2025-08-18T18:15:00.000Z,2025-08-18T19:30:00.000Z,4309.933955,4349.749263815687,-1.10,ATR Stop,75
ETHUSDT,KAMA-Pullback,short,2025-08-26T20:00:00.000Z,2025-08-26T21:00:00.000Z,4545.216255,4582.211416571387,-0.99,ATR Stop,60
ETHUSDT,KAMA-Pullback,short,2025-09-02T19:45:00.000Z,2025-09-02T20:30:00.000Z,4290.03391,4322.0301568307705,-0.93,ATR Stop,45
ETHUSDT,KAMA-Pullback,short,2025-09-03T00:45:00.000Z,2025-09-03T02:45:00.000Z,4301.368240000001,4330.325073887395,-0.85,ATR Stop,120
ETHUSDT,KAMA-Pullback,short,2025-09-16T23:00:00.000Z,2025-09-17T00:30:00.000Z,4483.647055,4506.672250771323,-0.69,ATR Stop,90
ETHUSDT,KAMA-Pullback,long,2025-09-18T19:30:00.000Z,2025-09-18T20:45:00.000Z,4609.783739999999,4590.037638844559,-0.61,ATR Stop,75
ETHUSDT,KAMA-Pullback,long,2025-09-19T09:00:00.000Z,2025-09-19T09:45:00.000Z,4533.315525,4512.510035834946,-0.64,ATR Stop,45
ETHUSDT,KAMA-Pullback,short,2025-09-21T03:00:00.000Z,2025-09-21T08:15:00.000Z,4463.38719,4475.005417540823,-0.44,ATR Stop,315
ETHUSDT,KAMA-Pullback,short,2025-09-23T21:30:00.000Z,2025-09-24T00:00:00.000Z,4165.366275,4167.4489581375,-0.23,ATR Stop,150
ETHUSDT,KAMA-Pullback,short,2025-09-24T10:45:00.000Z,2025-09-24T11:30:00.000Z,4155.921,4180.695449402963,-0.78,ATR Stop,45
ETHUSDT,KAMA-Pullback,short,2025-09-26T01:30:00.000Z,2025-09-26T07:15:00.000Z,3917.0405,3918.99902025,-0.23,ATR Stop,345
ETHUSDT,Chandelier-MTF,short,2025-03-02T09:15:00.000Z,2025-03-02T09:30:00.000Z,2187.22584,2200.709234133496,-0.80,ATR Stop,15
ETHUSDT,Chandelier-MTF,short,2025-03-05T11:00:00.000Z,2025-03-05T11:45:00.000Z,2167.9155,2158.228990821224,0.27,ATR Stop,45
ETHUSDT,Chandelier-MTF,long,2025-03-07T04:15:00.000Z,2025-03-07T07:15:00.000Z,2196.59775,2193.599396510259,-0.32,ATR Stop,180
ETHUSDT,Chandelier-MTF,short,2025-03-11T23:30:00.000Z,2025-03-12T00:15:00.000Z,1865.037015,1880.4355944954639,-1.01,ATR Stop,45
ETHUSDT,Chandelier-MTF,short,2025-03-13T01:30:00.000Z,2025-03-13T03:45:00.000Z,1867.7556550000002,1867.7250051974356,-0.18,ATR Stop,135
ETHUSDT,Chandelier-MTF,long,2025-04-24T18:15:00.000Z,2025-04-24T20:00:00.000Z,1768.884,1775.3873764091904,0.19,ATR Stop,105
ETHUSDT,Chandelier-MTF,long,2025-04-26T17:30:00.000Z,2025-04-26T17:45:00.000Z,1816.2776849999998,1812.9699001644112,-0.36,ATR Stop,15
ETHUSDT,Chandelier-MTF,short,2025-04-28T10:15:00.000Z,2025-04-28T12:15:00.000Z,1753.9226,1770.7793741314815,-1.14,ATR Stop,120
ETHUSDT,Chandelier-MTF,short,2025-06-01T22:15:00.000Z,2025-06-02T01:30:00.000Z,2496.31122,2507.6944593460303,-0.64,ATR Stop,195
ETHUSDT,Chandelier-MTF,short,2025-06-13T09:00:00.000Z,2025-06-13T09:30:00.000Z,2506.4461499999998,2518.2117843909637,-0.65,ATR Stop,30
ETHUSDT,Chandelier-MTF,short,2025-06-14T10:45:00.000Z,2025-06-14T12:00:00.000Z,2514.132305,2513.2207407732194,-0.14,ATR Stop,75
ETHUSDT,Chandelier-MTF,short,2025-06-15T15:30:00.000Z,2025-06-15T16:15:00.000Z,2500.8289600000003,2516.3775633910186,-0.80,ATR Stop,45
ETHUSDT,Chandelier-MTF,short,2025-06-18T05:15:00.000Z,2025-06-18T06:15:00.000Z,2506.746,2515.777561998707,-0.54,ATR Stop,60
ETHUSDT,Chandelier-MTF,short,2025-06-20T09:45:00.000Z,2025-06-20T12:15:00.000Z,2496.31122,2437.0245458616687,2.19,Target,150
ETHUSDT,Chandelier-MTF,short,2025-06-21T14:45:00.000Z,2025-06-21T15:00:00.000Z,2390.594105,2404.659317559387,-0.77,ATR Stop,15
ETHUSDT,Chandelier-MTF,short,2025-06-23T11:30:00.000Z,2025-06-23T12:00:00.000Z,2219.839525,2261.5914626036574,-2.06,ATR Stop,30
ETHUSDT,Chandelier-MTF,long,2025-07-13T06:45:00.000Z,2025-07-13T08:15:00.000Z,2961.96024,2992.6698209617994,0.86,Target,90
ETHUSDT,Chandelier-MTF,long,2025-07-13T21:15:00.000Z,2025-07-14T00:15:00.000Z,3005.76213,3014.470382751624,0.11,ATR Stop,180
ETHUSDT,Chandelier-MTF,long,2025-07-15T08:15:00.000Z,2025-07-15T09:30:00.000Z,3039.629055,3025.313571139126,-0.65,ATR Stop,75
ETHUSDT,Chandelier-MTF,long,2025-07-22T21:30:00.000Z,2025-07-22T23:45:00.000Z,3746.69241,3767.530230840503,0.38,ATR Stop,135
ETHUSDT,Chandelier-MTF,short,2025-08-30T08:15:00.000Z,2025-08-30T09:45:00.000Z,4339.04939,4374.129705583502,-0.99,ATR Stop,90
ETHUSDT,Chandelier-MTF,long,2025-09-15T00:45:00.000Z,2025-09-15T01:00:00.000Z,4666.031849999999,4637.005741250527,-0.80,ATR Stop,15
ETHUSDT,Chandelier-MTF,short,2025-09-17T09:15:00.000Z,2025-09-17T13:30:00.000Z,4481.73801,4474.789278328898,-0.02,ATR Stop,255
ETHUSDT,Chandelier-MTF,short,2025-09-22T21:15:00.000Z,2025-09-22T22:00:00.000Z,4155.641140000001,4166.210457316665,-0.43,ATR Stop,45
ETHUSDT,Chandelier-MTF,short,2025-09-26T02:15:00.000Z,2025-09-26T07:15:00.000Z,3905.5862300000003,3904.431744572308,-0.15,ATR Stop,300
ETHUSDT,Chandelier-MTF,short,2025-09-27T04:15:00.000Z,2025-09-27T05:15:00.000Z,3985.5562250000003,3995.5699553681243,-0.43,ATR Stop,60
HBARUSDT,TrendPullback-EMA,short,2025-03-11T09:15:00.000Z,2025-03-11T09:45:00.000Z,0.191474215,0.19643772043389884,-2.77,ATR Stop,30
HBARUSDT,TrendPullback-EMA,short,2025-03-12T09:15:00.000Z,2025-03-13T12:15:00.000Z,0.197871015,0.18602936316087196,5.80,Target,1620
HBARUSDT,TrendPullback-EMA,short,2025-03-28T20:30:00.000Z,2025-03-29T00:45:00.000Z,0.18064963000000003,0.17699942883654643,1.84,Target,255
HBARUSDT,TrendPullback-EMA,short,2025-03-31T08:15:00.000Z,2025-03-31T08:30:00.000Z,0.15923034500000002,0.16177907264305397,-1.78,ATR Stop,15
HBARUSDT,TrendPullback-EMA,short,2025-03-31T16:45:00.000Z,2025-03-31T17:45:00.000Z,0.16240875500000002,0.1641589285170957,-1.26,ATR Stop,60
HBARUSDT,Supertrend-Quality,long,2025-07-03T19:45:00.000Z,2025-07-03T20:45:00.000Z,0.16084037999999998,0.15936048403442726,-1.10,ATR Stop,60
HBARUSDT,Supertrend-Quality,long,2025-07-10T11:15:00.000Z,2025-07-10T16:15:00.000Z,0.18008999999999997,0.18610968830535568,3.16,Target,300
HBARUSDT,Supertrend-Quality,long,2025-07-17T12:45:00.000Z,2025-07-17T14:30:00.000Z,0.25265626499999994,0.2462937159243656,-2.70,ATR Stop,105
HBARUSDT,Supertrend-Quality,short,2025-07-24T17:45:00.000Z,2025-07-24T23:15:00.000Z,0.23884052000000003,0.23895994026,-0.23,ATR Stop,330
HBARUSDT,KAMA-Pullback,long,2025-03-05T21:45:00.000Z,2025-03-06T01:30:00.000Z,0.250175025,0.24656450124480278,-1.62,ATR Stop,225
HBARUSDT,KAMA-Pullback,short,2025-03-12T02:00:00.000Z,2025-03-12T02:30:00.000Z,0.19852069,0.20244585459988834,-2.16,ATR Stop,30
HBARUSDT,KAMA-Pullback,short,2025-03-13T08:45:00.000Z,2025-03-13T12:00:00.000Z,0.196051925,0.18740249728529074,4.23,Target,195
HBARUSDT,KAMA-Pullback,short,2025-03-30T01:00:00.000Z,2025-03-30T01:00:00.000Z,0.171704105,0.1732596110641047,-1.09,ATR Stop,0
HBARUSDT,KAMA-Pullback,short,2025-04-04T05:15:00.000Z,2025-04-04T07:30:00.000Z,0.16028981500000003,0.16036995990750003,-0.23,ATR Stop,135
HBARUSDT,KAMA-Pullback,long,2025-04-10T20:30:00.000Z,2025-04-11T08:15:00.000Z,0.17024508,0.17015995746,-0.23,ATR Stop,705
HBARUSDT,KAMA-Pullback,long,2025-04-12T00:45:00.000Z,2025-04-12T06:00:00.000Z,0.16820406,0.16811995797,-0.23,ATR Stop,315
HBARUSDT,KAMA-Pullback,long,2025-04-25T00:00:00.000Z,2025-04-25T02:15:00.000Z,0.18769379999999997,0.19221640094741163,2.23,Target,135
HBARUSDT,KAMA-Pullback,long,2025-04-25T20:30:00.000Z,2025-04-25T23:30:00.000Z,0.19551771,0.19363992867581756,-1.14,ATR Stop,180
HBARUSDT,KAMA-Pullback,long,2025-04-27T13:00:00.000Z,2025-04-27T18:45:00.000Z,0.18891440999999998,0.188819952795,-0.23,ATR Stop,345
HBARUSDT,KAMA-Pullback,short,2025-06-01T03:00:00.000Z,2025-06-01T04:00:00.000Z,0.16684653500000002,0.16462197380363472,1.15,Target,60
HBARUSDT,KAMA-Pullback,short,2025-06-02T04:30:00.000Z,2025-06-02T14:45:00.000Z,0.16863564000000003,0.16871995782000002,-0.23,ATR Stop,615
HBARUSDT,KAMA-Pullback,long,2025-06-11T02:00:00.000Z,2025-06-11T04:15:00.000Z,0.17996994,0.1786596620385672,-0.91,ATR Stop,135
HBARUSDT,KAMA-Pullback,short,2025-06-14T08:00:00.000Z,2025-06-14T10:00:00.000Z,0.158490715,0.1568220181923331,0.87,Target,120
HBARUSDT,KAMA-Pullback,short,2025-06-15T02:00:00.000Z,2025-06-15T07:30:00.000Z,0.15343324500000002,0.15350996162250002,-0.23,ATR Stop,330
HBARUSDT,KAMA-Pullback,short,2025-06-23T05:30:00.000Z,2025-06-23T07:15:00.000Z,0.135782075,0.13689439581136506,-1.00,ATR Stop,105
HBARUSDT,KAMA-Pullback,long,2025-06-25T08:00:00.000Z,2025-06-25T09:00:00.000Z,0.154046985,0.15271743393758616,-1.04,ATR Stop,60
ICPUSDT,TrendPullback-EMA,short,2025-05-01T07:00:00.000Z,2025-05-01T09:00:00.000Z,4.891553,4.8939987765,-0.23,ATR Stop,120
ICPUSDT,TrendPullback-EMA,short,2025-05-02T19:30:00.000Z,2025-05-03T00:45:00.000Z,4.939529,4.870102415826812,1.23,Target,315
ICPUSDT,TrendPullback-EMA,short,2025-05-05T05:15:00.000Z,2025-05-05T05:30:00.000Z,4.591703000000001,4.625339637948455,-0.91,ATR Stop,15
ICPUSDT,TrendPullback-EMA,short,2025-05-06T16:00:00.000Z,2025-05-06T16:15:00.000Z,4.4907535,4.534160233553223,-1.15,ATR Stop,15
ICPUSDT,TrendPullback-EMA,short,2025-05-07T07:00:00.000Z,2025-05-07T10:00:00.000Z,4.621688,4.561465479901894,1.12,Target,180
ICPUSDT,TrendPullback-EMA,long,2025-05-10T11:30:00.000Z,2025-05-10T16:45:00.000Z,5.504751,5.643347181890816,2.34,Target,315
ICPUSDT,TrendPullback-EMA,long,2025-05-11T07:45:00.000Z,2025-05-11T08:00:00.000Z,5.711854499999999,5.649738506365106,-1.27,ATR Stop,15
ICPUSDT,TrendPullback-EMA,long,2025-05-16T04:15:00.000Z,2025-05-16T06:00:00.000Z,5.508753,5.444881807094862,-1.34,ATR Stop,105
ICPUSDT,TrendPullback-EMA,short,2025-05-17T22:00:00.000Z,2025-05-17T22:15:00.000Z,5.1064455,5.154231555973587,-1.12,ATR Stop,15
ICPUSDT,TrendPullback-EMA,long,2025-07-11T07:45:00.000Z,2025-07-11T08:00:00.000Z,5.5137555,5.457060616587213,-1.21,ATR Stop,15
ICPUSDT,TrendPullback-EMA,long,2025-07-13T20:45:00.000Z,2025-07-13T21:45:00.000Z,5.492745,5.630551119503265,2.33,Target,60
ICPUSDT,TrendPullback-EMA,short,2025-07-30T14:00:00.000Z,2025-07-30T14:15:00.000Z,5.3043465,5.390477827198817,-1.80,ATR Stop,15
ICPUSDT,TrendPullback-EMA,short,2025-08-02T09:15:00.000Z,2025-08-02T14:00:00.000Z,4.9685145,4.97099875725,-0.23,ATR Stop,285
ICPUSDT,TrendPullback-EMA,short,2025-08-05T19:30:00.000Z,2025-08-05T23:45:00.000Z,5.0074950000000005,5.0528170451962175,-1.09,ATR Stop,255
ICPUSDT,TrendPullback-EMA,short,2025-08-06T05:00:00.000Z,2025-08-06T06:00:00.000Z,5.0224875,5.068990766524087,-1.11,ATR Stop,60
ICPUSDT,TrendPullback-EMA,short,2025-08-08T10:15:00.000Z,2025-08-08T10:30:00.000Z,5.311343,5.375785332757815,-1.39,ATR Stop,15
ICPUSDT,TrendPullback-EMA,long,2025-08-10T09:15:00.000Z,2025-08-10T16:00:00.000Z,5.6498235,5.5944411334419355,-1.16,ATR Stop,405
ICPUSDT,TrendPullback-EMA,short,2025-08-16T19:15:00.000Z,2025-08-16T21:00:00.000Z,5.4242865,5.454242728270952,-0.73,ATR Stop,105
ICPUSDT,KAMA-Pullback,short,2025-03-08T17:00:00.000Z,2025-03-09T00:30:00.000Z,5.95702,5.85442216649874,1.54,Target,450
ICPUSDT,KAMA-Pullback,short,2025-03-10T03:30:00.000Z,2025-03-10T04:15:00.000Z,5.524236500000001,5.58416046159644,-1.26,ATR Stop,45
ICPUSDT,KAMA-Pullback,long,2025-03-13T00:00:00.000Z,2025-03-13T00:15:00.000Z,5.504751,5.450638680622231,-1.16,ATR Stop,15
ICPUSDT,KAMA-Pullback,long,2025-03-15T03:15:00.000Z,2025-03-15T08:45:00.000Z,5.7058515,5.70299857425,-0.23,ATR Stop,330
ICPUSDT,KAMA-Pullback,short,2025-04-02T15:15:00.000Z,2025-04-02T16:45:00.000Z,5.258369500000001,5.085781776975141,3.10,Target,90
ICPUSDT,KAMA-Pullback,short,2025-04-03T01:00:00.000Z,2025-04-03T05:00:00.000Z,5.1364305,5.045400859120995,1.59,Target,240
ICPUSDT,KAMA-Pullback,short,2025-04-04T11:15:00.000Z,2025-04-04T12:00:00.000Z,5.046475500000001,5.128370137491179,-1.80,ATR Stop,45
ICPUSDT,KAMA-Pullback,short,2025-04-05T06:45:00.000Z,2025-04-05T07:45:00.000Z,5.0444765,4.992257613131884,0.86,Target,60
ICPUSDT,KAMA-Pullback,short,2025-04-05T22:15:00.000Z,2025-04-05T23:15:00.000Z,4.995501000000001,5.0255389238250325,-0.78,ATR Stop,60
ICPUSDT,KAMA-Pullback,short,2025-04-08T20:00:00.000Z,2025-04-08T20:30:00.000Z,4.485756,4.557263229481907,-1.77,ATR Stop,30
ICPUSDT,KAMA-Pullback,short,2025-04-17T21:30:00.000Z,2025-04-17T23:15:00.000Z,4.687655,4.7214047889701725,-0.90,ATR Stop,105
ICPUSDT,KAMA-Pullback,long,2025-04-20T11:00:00.000Z,2025-04-20T16:45:00.000Z,4.8474224999999995,4.84499878875,-0.23,ATR Stop,345
ICPUSDT,KAMA-Pullback,long,2025-04-25T09:30:00.000Z,2025-04-25T10:30:00.000Z,5.294645999999999,5.221796171500006,-1.56,ATR Stop,60
ICPUSDT,KAMA-Pullback,long,2025-04-26T17:00:00.000Z,2025-04-26T17:45:00.000Z,5.280638999999999,5.24266787996812,-0.90,ATR Stop,45
ICPUSDT,KAMA-Pullback,long,2025-04-26T19:00:00.000Z,2025-04-26T19:30:00.000Z,5.299648499999999,5.262362354729157,-0.88,ATR Stop,30
ICPUSDT,KAMA-Pullback,short,2025-07-30T14:00:00.000Z,2025-07-30T14:15:00.000Z,5.3043465,5.390477827198817,-1.80,ATR Stop,15
ICPUSDT,KAMA-Pullback,short,2025-08-02T09:15:00.000Z,2025-08-02T14:00:00.000Z,4.9685145,4.97099875725,-0.23,ATR Stop,285
ICPUSDT,KAMA-Pullback,short,2025-08-05T19:30:00.000Z,2025-08-05T23:45:00.000Z,5.0074950000000005,5.0528170451962175,-1.09,ATR Stop,255
ICPUSDT,KAMA-Pullback,short,2025-08-06T05:00:00.000Z,2025-08-06T06:00:00.000Z,5.0224875,5.068990766524087,-1.11,ATR Stop,60
ICPUSDT,KAMA-Pullback,long,2025-08-08T08:00:00.000Z,2025-08-08T09:45:00.000Z,5.363680499999999,5.36099865975,-0.23,ATR Stop,105
ICPUSDT,KAMA-Pullback,long,2025-08-10T09:15:00.000Z,2025-08-10T16:00:00.000Z,5.6498235,5.5944411334419355,-1.16,ATR Stop,405
ICPUSDT,KAMA-Pullback,short,2025-08-11T22:00:00.000Z,2025-08-12T01:00:00.000Z,5.393302,5.395998651,-0.23,ATR Stop,180
ICPUSDT,KAMA-Pullback,short,2025-08-15T04:45:00.000Z,2025-08-15T09:00:00.000Z,5.4922525,5.376285568602694,1.93,Target,255
ICPUSDT,KAMA-Pullback,short,2025-08-16T01:15:00.000Z,2025-08-16T01:45:00.000Z,5.411293,5.448792048436898,-0.87,ATR Stop,30
ICPUSDT,KAMA-Pullback,short,2025-08-16T19:15:00.000Z,2025-08-16T21:00:00.000Z,5.4242865,5.454242728270952,-0.73,ATR Stop,105
ICPUSDT,KAMA-Pullback,short,2025-08-20T21:00:00.000Z,2025-08-20T21:45:00.000Z,5.2283845,5.270628255653816,-0.99,ATR Stop,45
ICPUSDT,KAMA-Pullback,short,2025-08-21T22:15:00.000Z,2025-08-21T22:45:00.000Z,5.0764605,5.120022453240765,-1.04,ATR Stop,30
ICPUSDT,KAMA-Pullback,short,2025-08-22T04:15:00.000Z,2025-08-22T06:30:00.000Z,5.0844565,4.9905257504802565,1.67,Target,135
ICPUSDT,KAMA-Pullback,long,2025-09-08T18:15:00.000Z,2025-09-08T20:30:00.000Z,4.8914444999999995,4.8889987777499995,-0.23,ATR Stop,135
ICPUSDT,KAMA-Pullback,long,2025-09-09T18:15:00.000Z,2025-09-09T21:30:00.000Z,4.8774375,4.87499878125,-0.23,ATR Stop,195
ICPUSDT,KAMA-Pullback,long,2025-09-10T01:30:00.000Z,2025-09-10T08:45:00.000Z,4.8934454999999994,4.9736841551549436,1.46,Target,435
ICPUSDT,KAMA-Pullback,long,2025-09-10T19:15:00.000Z,2025-09-11T03:45:00.000Z,4.9034505,4.900998774750001,-0.23,ATR Stop,510
ICPUSDT,KAMA-Pullback,short,2025-09-14T18:00:00.000Z,2025-09-14T22:15:00.000Z,4.8505735,4.887212009187603,-0.94,ATR Stop,255
ICPUSDT,KAMA-Pullback,long,2025-09-18T03:15:00.000Z,2025-09-18T09:45:00.000Z,4.8594285,4.85699878575,-0.23,ATR Stop,390
ICPUSDT,KAMA-Pullback,long,2025-09-18T18:45:00.000Z,2025-09-18T20:45:00.000Z,4.940468999999999,4.9379987655,-0.23,ATR Stop,120
ICPUSDT,KAMA-Pullback,short,2025-09-26T01:30:00.000Z,2025-09-26T02:30:00.000Z,4.0999490000000005,4.135455131770009,-1.05,ATR Stop,60
ICPUSDT,KAMA-Pullback,short,2025-09-26T20:00:00.000Z,2025-09-27T00:30:00.000Z,4.174911499999999,4.201672310460237,-0.82,ATR Stop,270
ICPUSDT,KAMA-Pullback,short,2025-09-27T03:15:00.000Z,2025-09-27T04:00:00.000Z,4.175911,4.1779989555,-0.23,ATR Stop,45
ICPUSDT,KAMA-Pullback,short,2025-09-27T11:30:00.000Z,2025-09-27T13:45:00.000Z,4.1739120000000005,4.175998956,-0.23,ATR Stop,135
ICPUSDT,Chandelier-MTF,short,2025-03-10T09:15:00.000Z,2025-03-10T10:00:00.000Z,5.407295,5.520902002751247,-2.28,ATR Stop,45
ICPUSDT,Chandelier-MTF,short,2025-03-11T09:30:00.000Z,2025-03-11T09:45:00.000Z,5.161418,5.296176494110269,-2.79,ATR Stop,15
ICPUSDT,Chandelier-MTF,long,2025-03-12T03:30:00.000Z,2025-03-12T04:30:00.000Z,5.460729,5.378569047014803,-1.68,ATR Stop,60
ICPUSDT,Chandelier-MTF,long,2025-03-12T16:45:00.000Z,2025-03-12T23:00:00.000Z,5.470733999999999,5.509038433811711,0.52,ATR Stop,375
ICPUSDT,Chandelier-MTF,long,2025-03-26T02:00:00.000Z,2025-03-26T04:15:00.000Z,6.2881425,6.287617500847063,-0.19,ATR Stop,135
ICPUSDT,Chandelier-MTF,short,2025-09-02T07:45:00.000Z,2025-09-02T09:00:00.000Z,4.7466254999999995,4.800829907298091,-1.32,ATR Stop,75
ICPUSDT,Chandelier-MTF,long,2025-09-10T08:15:00.000Z,2025-09-10T09:45:00.000Z,4.9654815,4.941003118048413,-0.67,ATR Stop,90
ICPUSDT,Chandelier-MTF,long,2025-09-11T02:45:00.000Z,2025-09-11T04:15:00.000Z,4.929463499999999,4.899209491147043,-0.79,ATR Stop,90
ICPUSDT,Chandelier-MTF,long,2025-09-11T17:15:00.000Z,2025-09-11T19:45:00.000Z,4.9364669999999995,4.982930512192541,0.76,ATR Stop,150
ICPUSDT,Chandelier-MTF,short,2025-09-15T01:30:00.000Z,2025-09-15T03:30:00.000Z,4.8105935,4.690082770175865,2.33,Target,120
ICPUSDT,Chandelier-MTF,short,2025-09-17T04:45:00.000Z,2025-09-17T07:15:00.000Z,4.679659000000001,4.71011086416746,-0.83,ATR Stop,150
ICPUSDT,Chandelier-MTF,short,2025-09-22T10:00:00.000Z,2025-09-22T15:15:00.000Z,4.3118430000000005,4.267674976269466,0.84,ATR Stop,315
ICPUSDT,Chandelier-MTF,short,2025-09-22T19:45:00.000Z,2025-09-22T20:00:00.000Z,4.256870500000001,4.293429157490259,-1.04,ATR Stop,15
ICPUSDT,Chandelier-MTF,short,2025-09-22T21:15:00.000Z,2025-09-22T22:00:00.000Z,4.239879,4.276547156037825,-1.04,ATR Stop,45
LTCUSDT,KAMA-Pullback,short,2025-03-12T19:30:00.000Z,2025-03-12T20:30:00.000Z,90.68463500000001,91.44858177672337,-1.02,ATR Stop,60
LTCUSDT,KAMA-Pullback,long,2025-03-15T01:00:00.000Z,2025-03-15T01:45:00.000Z,91.86590999999999,91.21479088706829,-0.89,ATR Stop,45
LTCUSDT,KAMA-Pullback,long,2025-03-16T11:15:00.000Z,2025-03-16T13:45:00.000Z,90.735345,89.70657664038978,-1.31,ATR Stop,150
LTCUSDT,KAMA-Pullback,long,2025-03-17T04:00:00.000Z,2025-03-17T07:30:00.000Z,93.31663499999999,92.3837082636686,-1.18,ATR Stop,210
LTCUSDT,KAMA-Pullback,short,2025-06-01T20:45:00.000Z,2025-06-01T23:00:00.000Z,87.68613500000001,87.7299780675,-0.23,ATR Stop,135
LTCUSDT,KAMA-Pullback,long,2025-06-03T09:15:00.000Z,2025-06-03T15:15:00.000Z,89.8449,89.79997755,-0.23,ATR Stop,360
LTCUSDT,KAMA-Pullback,long,2025-06-11T03:15:00.000Z,2025-06-11T03:30:00.000Z,92.11603499999998,91.55351012622236,-0.79,ATR Stop,15
LTCUSDT,KAMA-Pullback,short,2025-06-14T01:45:00.000Z,2025-06-14T02:00:00.000Z,85.83706,86.25840410566475,-0.67,ATR Stop,15
LTCUSDT,KAMA-Pullback,short,2025-06-14T08:45:00.000Z,2025-06-14T10:45:00.000Z,85.96699500000001,85.03715023607602,0.90,Target,120
LTCUSDT,KAMA-Pullback,short,2025-06-18T01:45:00.000Z,2025-06-18T02:30:00.000Z,84.65765,85.14734230295093,-0.76,ATR Stop,45
LTCUSDT,KAMA-Pullback,short,2025-06-19T08:30:00.000Z,2025-06-19T10:30:00.000Z,84.807575,84.84997878749999,-0.23,ATR Stop,120
LTCUSDT,KAMA-Pullback,short,2025-06-21T02:45:00.000Z,2025-06-21T08:15:00.000Z,83.31832,82.5242631312608,0.77,Target,330
LTCUSDT,KAMA-Pullback,short,2025-06-22T04:15:00.000Z,2025-06-22T05:45:00.000Z,80.69963,81.36534141756358,-1.00,ATR Stop,90
LTCUSDT,KAMA-Pullback,short,2025-06-24T02:45:00.000Z,2025-06-24T04:00:00.000Z,84.25785,84.80382323687721,-0.83,ATR Stop,75
LTCUSDT,KAMA-Pullback,long,2025-06-25T08:00:00.000Z,2025-06-25T09:00:00.000Z,85.32263999999999,84.78669730449178,-0.81,ATR Stop,60
LTCUSDT,KAMA-Pullback,long,2025-06-25T18:45:00.000Z,2025-06-26T06:00:00.000Z,84.87241499999999,84.8299787925,-0.23,ATR Stop,675
LTCUSDT,Chandelier-MTF,long,2025-09-11T17:00:00.000Z,2025-09-11T20:15:00.000Z,115.90792499999999,115.8509638246148,-0.23,ATR Stop,195
LTCUSDT,Chandelier-MTF,short,2025-09-17T00:45:00.000Z,2025-09-17T01:00:00.000Z,114.5427,115.04733372286535,-0.62,ATR Stop,15
LTCUSDT,Chandelier-MTF,short,2025-09-17T09:30:00.000Z,2025-09-17T11:15:00.000Z,113.793075,114.30767342698135,-0.63,ATR Stop,105
LTCUSDT,Chandelier-MTF,short,2025-09-22T13:15:00.000Z,2025-09-22T15:15:00.000Z,105.11741500000001,104.77150788366414,0.15,ATR Stop,120
LTCUSDT,Chandelier-MTF,short,2025-09-22T21:15:00.000Z,2025-09-22T22:00:00.000Z,105.017465,104.9700828900487,-0.13,ATR Stop,45
LTCUSDT,Chandelier-MTF,short,2025-09-26T05:00:00.000Z,2025-09-26T07:15:00.000Z,101.32931,102.00225313283958,-0.84,ATR Stop,135
LTCUSDT,Chandelier-MTF,long,2025-10-28T02:15:00.000Z,2025-10-28T02:30:00.000Z,102.97146,101.60668221548676,-1.51,ATR Stop,15
LTCUSDT,Chandelier-MTF,long,2025-10-28T03:00:00.000Z,2025-10-28T03:00:00.000Z,102.26110499999999,101.84653333091876,-0.59,ATR Stop,0
LTCUSDT,Chandelier-MTF,long,2025-10-28T08:30:00.000Z,2025-10-28T08:45:00.000Z,101.69081999999999,102.78776793619046,0.90,ATR Stop,15
LTCUSDT,Chandelier-MTF,short,2025-10-29T23:30:00.000Z,2025-10-30T00:15:00.000Z,96.281835,97.57524942055387,-1.52,ATR Stop,45
LTCUSDT,Chandelier-MTF,short,2025-11-04T00:15:00.000Z,2025-11-04T00:45:00.000Z,86.666645,87.77198585562788,-1.46,ATR Stop,30
LTCUSDT,Chandelier-MTF,long,2025-11-07T10:30:00.000Z,2025-11-07T11:15:00.000Z,93.09652499999999,97.36324464265066,4.40,Target,45
LTCUSDT,Chandelier-MTF,long,2025-11-08T19:45:00.000Z,2025-11-08T20:00:00.000Z,104.842395,105.90442102380356,0.83,ATR Stop,15
LTCUSDT,Chandelier-MTF,long,2025-11-09T06:15:00.000Z,2025-11-09T06:30:00.000Z,104.802375,102.37919495050411,-2.49,ATR Stop,15
LTCUSDT,Chandelier-MTF,short,2025-11-12T11:15:00.000Z,2025-11-12T14:45:00.000Z,96.60167500000001,98.01095573568075,-1.64,ATR Stop,210
LTCUSDT,Chandelier-MTF,short,2025-11-25T04:30:00.000Z,2025-11-25T10:15:00.000Z,84.37779,84.4842880323103,-0.31,ATR Stop,345
QNTUSDT,KAMA-Pullback,short,2025-03-07T02:45:00.000Z,2025-03-07T06:15:00.000Z,82.708625,80.53164677267945,2.45,Target,210
QNTUSDT,KAMA-Pullback,short,2025-03-08T22:30:00.000Z,2025-03-09T03:00:00.000Z,84.11792,81.55881865389634,2.86,Target,270
QNTUSDT,KAMA-Pullback,short,2025-03-30T01:00:00.000Z,2025-03-30T01:45:00.000Z,69.635165,70.1041077524644,-0.85,ATR Stop,45
QNTUSDT,KAMA-Pullback,short,2025-03-30T05:30:00.000Z,2025-03-30T05:45:00.000Z,69.915025,70.32527882683927,-0.77,ATR Stop,15
QNTUSDT,KAMA-Pullback,long,2025-05-04T02:45:00.000Z,2025-05-04T04:00:00.000Z,85.61278499999999,84.67002124332224,-1.28,ATR Stop,75
QNTUSDT,KAMA-Pullback,long,2025-05-11T09:00:00.000Z,2025-05-11T10:45:00.000Z,97.54875,96.79589834962876,-0.95,ATR Stop,105
QNTUSDT,KAMA-Pullback,long,2025-05-14T05:15:00.000Z,2025-05-14T07:15:00.000Z,99.14954999999999,97.9543131218818,-1.39,ATR Stop,120
QNTUSDT,KAMA-Pullback,long,2025-05-14T12:15:00.000Z,2025-05-14T18:45:00.000Z,98.52924,100.80451569296683,2.13,Target,390
QNTUSDT,KAMA-Pullback,short,2025-05-16T11:15:00.000Z,2025-05-16T17:00:00.000Z,94.26284500000001,92.4881567715424,1.70,Target,345
QNTUSDT,KAMA-Pullback,long,2025-05-22T18:45:00.000Z,2025-05-22T19:00:00.000Z,98.57926499999999,97.66822558844456,-1.10,ATR Stop,15
QNTUSDT,KAMA-Pullback,long,2025-05-29T02:15:00.000Z,2025-05-29T04:15:00.000Z,117.4587,116.33195504905025,-1.14,ATR Stop,120
QNTUSDT,KAMA-Pullback,short,2025-11-04T00:15:00.000Z,2025-11-04T00:45:00.000Z,72.95350499999999,73.76833494213162,-1.30,ATR Stop,30
QNTUSDT,KAMA-Pullback,long,2025-11-07T11:15:00.000Z,2025-11-07T11:45:00.000Z,82.18106999999999,84.57551545088374,2.73,Target,30
QNTUSDT,KAMA-Pullback,long,2025-11-09T19:30:00.000Z,2025-11-10T05:45:00.000Z,85.132545,87.07380420044426,2.10,Target,615
QNTUSDT,KAMA-Pullback,short,2025-11-20T17:45:00.000Z,2025-11-21T02:15:00.000Z,74.94251000000001,72.90276818720292,2.54,Target,510
QNTUSDT,KAMA-Pullback,short,2025-11-22T03:15:00.000Z,2025-11-22T05:45:00.000Z,72.14391,73.14306269521082,-1.56,ATR Stop,150
QNTUSDT,KAMA-Pullback,long,2025-11-23T21:00:00.000Z,2025-11-23T22:30:00.000Z,78.50923499999999,77.53966339394205,-1.41,ATR Stop,90
QNTUSDT,KAMA-Pullback,long,2025-11-24T01:15:00.000Z,2025-11-24T04:00:00.000Z,77.908935,77.00441090347906,-1.34,ATR Stop,165
QNTUSDT,KAMA-Pullback,long,2025-11-24T07:45:00.000Z,2025-11-24T08:30:00.000Z,77.57877,76.92114606723518,-1.03,ATR Stop,45
QNTUSDT,KAMA-Pullback,long,2025-11-24T09:45:00.000Z,2025-11-24T10:45:00.000Z,77.708835,79.14480809334266,1.67,Target,60
QNTUSDT,KAMA-Pullback,long,2025-11-26T12:45:00.000Z,2025-11-26T15:00:00.000Z,85.67281499999999,84.71678736910933,-1.30,ATR Stop,135
SOLUSDT,TrendPullback-EMA,short,2025-09-28T03:45:00.000Z,2025-09-28T07:15:00.000Z,201.16936500000003,198.56902653931135,1.11,Target,210
SOLUSDT,TrendPullback-EMA,long,2025-10-05T19:15:00.000Z,2025-10-05T22:00:00.000Z,229.12450499999997,233.0006671137721,1.51,Target,165
SOLUSDT,TrendPullback-EMA,long,2025-10-09T00:15:00.000Z,2025-10-09T01:30:00.000Z,227.41365,225.4305443572434,-1.05,ATR Stop,75
SOLUSDT,TrendPullback-EMA,short,2025-10-15T06:00:00.000Z,2025-10-15T10:00:00.000Z,202.77856,197.0568209531032,2.64,Target,240
SOLUSDT,TrendPullback-EMA,short,2025-10-17T09:15:00.000Z,2025-10-17T10:15:00.000Z,178.45073,181.81069152709858,-2.06,ATR Stop,60
SOLUSDT,TrendPullback-EMA,short,2025-10-18T19:30:00.000Z,2025-10-18T22:00:00.000Z,185.58716,186.73412009846425,-0.80,ATR Stop,150
SOLUSDT,TrendPullback-EMA,short,2025-10-19T01:15:00.000Z,2025-10-19T04:30:00.000Z,185.317295,185.4099536475,-0.23,ATR Stop,195
SOLUSDT,KAMA-Pullback,long,2025-03-02T01:15:00.000Z,2025-03-02T02:30:00.000Z,144.43218000000002,142.9855565642997,-1.18,ATR Stop,75
SOLUSDT,KAMA-Pullback,long,2025-03-02T04:30:00.000Z,2025-03-02T06:45:00.000Z,144.001965,142.6204762445066,-1.14,ATR Stop,135
SOLUSDT,KAMA-Pullback,long,2025-03-03T07:45:00.000Z,2025-03-03T09:45:00.000Z,163.871895,161.14505261661574,-1.84,ATR Stop,120
SOLUSDT,KAMA-Pullback,short,2025-03-11T08:30:00.000Z,2025-03-11T09:45:00.000Z,122.608665,122.66996933249999,-0.23,ATR Stop,75
SOLUSDT,KAMA-Pullback,short,2025-03-12T09:45:00.000Z,2025-03-12T11:45:00.000Z,123.38827500000001,125.57171894715943,-1.95,ATR Stop,120
SOLUSDT,KAMA-Pullback,long,2025-03-16T01:15:00.000Z,2025-03-16T01:45:00.000Z,135.697815,134.77140864276225,-0.86,ATR Stop,30
SOLUSDT,KAMA-Pullback,long,2025-03-26T01:15:00.000Z,2025-03-26T06:45:00.000Z,143.89191,143.819964045,-0.23,ATR Stop,330
SOLUSDT,KAMA-Pullback,short,2025-03-27T02:15:00.000Z,2025-03-27T09:15:00.000Z,138.57067999999998,138.63996533999997,-0.23,ATR Stop,420
SOLUSDT,KAMA-Pullback,short,2025-03-31T12:30:00.000Z,2025-03-31T13:00:00.000Z,123.947995,125.54664311819329,-1.47,ATR Stop,30
SOLUSDT,KAMA-Pullback,long,2025-06-04T03:00:00.000Z,2025-06-04T06:00:00.000Z,156.83837999999997,155.78465766094698,-0.85,ATR Stop,180
SOLUSDT,KAMA-Pullback,long,2025-06-11T07:30:00.000Z,2025-06-11T08:15:00.000Z,167.253585,165.64417747252895,-1.14,ATR Stop,45
SOLUSDT,KAMA-Pullback,short,2025-06-13T09:00:00.000Z,2025-06-13T09:15:00.000Z,143.94799,145.4827488229472,-1.25,ATR Stop,15
SOLUSDT,KAMA-Pullback,long,2025-06-16T09:00:00.000Z,2025-06-16T17:30:00.000Z,157.068495,155.69840911924715,-1.05,ATR Stop,510
SOLUSDT,KAMA-Pullback,short,2025-06-18T01:15:00.000Z,2025-06-18T02:30:00.000Z,147.11640500000001,148.1600988067045,-0.89,ATR Stop,75
SOLUSDT,KAMA-Pullback,short,2025-06-19T00:45:00.000Z,2025-06-19T04:45:00.000Z,145.19736500000002,146.371943257609,-0.99,ATR Stop,240
SOLUSDT,KAMA-Pullback,short,2025-06-19T06:15:00.000Z,2025-06-19T09:15:00.000Z,144.877525,143.3290873828272,0.89,Target,180
SOLUSDT,KAMA-Pullback,short,2025-06-22T02:15:00.000Z,2025-06-22T04:30:00.000Z,134.76258500000003,132.1657014241512,1.75,Target,135
SOLUSDT,KAMA-Pullback,long,2025-06-25T01:00:00.000Z,2025-06-25T03:15:00.000Z,146.16304499999998,145.1120143237787,-0.90,ATR Stop,135
SOLUSDT,KAMA-Pullback,long,2025-06-26T02:00:00.000Z,2025-06-26T03:45:00.000Z,145.502715,144.39581862749623,-0.94,ATR Stop,105
SOLUSDT,KAMA-Pullback,long,2025-09-10T07:00:00.000Z,2025-09-10T07:30:00.000Z,220.83035999999998,224.18482356372817,1.34,Target,30
SOLUSDT,KAMA-Pullback,long,2025-09-11T16:45:00.000Z,2025-09-11T19:30:00.000Z,227.48368499999998,230.9058655205621,1.32,Target,165
SOLUSDT,KAMA-Pullback,short,2025-09-15T19:30:00.000Z,2025-09-15T19:30:00.000Z,233.613135,235.3396053207201,-0.92,ATR Stop,0
SOLUSDT,KAMA-Pullback,short,2025-09-23T09:30:00.000Z,2025-09-23T09:45:00.000Z,217.50119500000002,219.3423327466451,-1.03,ATR Stop,15
SOLUSDT,KAMA-Pullback,short,2025-09-26T00:30:00.000Z,2025-09-26T07:15:00.000Z,194.89250500000003,194.98995125250002,-0.23,ATR Stop,405
SOLUSDT,KAMA-Pullback,long,2025-09-27T07:30:00.000Z,2025-09-27T11:45:00.000Z,202.42116,201.23808907716364,-0.76,ATR Stop,255
SOLUSDT,KAMA-Pullback,long,2025-10-05T19:15:00.000Z,2025-10-05T21:15:00.000Z,229.12450499999997,232.2025222405177,1.16,Target,120
SOLUSDT,KAMA-Pullback,short,2025-10-08T09:30:00.000Z,2025-10-08T10:00:00.000Z,219.85002000000003,222.05783970309034,-1.18,ATR Stop,30
SOLUSDT,KAMA-Pullback,long,2025-10-14T09:15:00.000Z,2025-10-14T11:00:00.000Z,197.248575,203.6152663695434,3.05,Target,105
SOLUSDT,KAMA-Pullback,short,2025-10-17T09:15:00.000Z,2025-10-17T10:15:00.000Z,178.45073,181.81069152709858,-2.06,ATR Stop,60
SOLUSDT,KAMA-Pullback,short,2025-10-18T19:30:00.000Z,2025-10-18T22:00:00.000Z,185.58716,186.73412009846425,-0.80,ATR Stop,150
SOLUSDT,KAMA-Pullback,short,2025-10-19T01:15:00.000Z,2025-10-19T03:30:00.000Z,185.317295,183.4486754261957,0.83,Target,135
SOLUSDT,KAMA-Pullback,long,2025-10-28T08:15:00.000Z,2025-10-28T09:30:00.000Z,202.00095,200.31329510556665,-1.02,ATR Stop,75
SOLUSDT,KAMA-Pullback,short,2025-10-29T10:45:00.000Z,2025-10-29T12:15:00.000Z,195.18236000000002,197.29686334934706,-1.26,ATR Stop,90
SOLUSDT,KAMA-Pullback,short,2025-10-31T11:30:00.000Z,2025-10-31T13:45:00.000Z,184.857525,186.82790180275475,-1.25,ATR Stop,135
SOLUSDT,KAMA-Pullback,short,2025-10-31T19:00:00.000Z,2025-11-01T10:30:00.000Z,186.45672500000003,186.54995336250002,-0.23,ATR Stop,930
SOLUSDT,KAMA-Pullback,short,2025-11-01T16:45:00.000Z,2025-11-01T17:15:00.000Z,184.95747500000002,185.92723989756763,-0.70,ATR Stop,30
SOLUSDT,KAMA-Pullback,short,2025-11-02T04:45:00.000Z,2025-11-02T06:00:00.000Z,185.80705,185.899953525,-0.23,ATR Stop,75
SOLUSDT,KAMA-Pullback,short,2025-11-05T03:00:00.000Z,2025-11-05T03:30:00.000Z,154.25283500000003,156.42831992868875,-1.59,ATR Stop,30
SOLUSDT,KAMA-Pullback,long,2025-11-06T08:15:00.000Z,2025-11-06T08:45:00.000Z,160.76033999999999,159.09803415200923,-1.21,ATR Stop,30
SOLUSDT,KAMA-Pullback,short,2025-11-12T10:00:00.000Z,2025-11-12T10:45:00.000Z,157.35128500000002,153.41564447663367,2.32,Target,45
SOLUSDT,KAMA-Pullback,short,2025-11-15T03:15:00.000Z,2025-11-15T11:15:00.000Z,141.099415,142.3217564861121,-1.05,ATR Stop,480
SOLUSDT,KAMA-Pullback,short,2025-11-16T06:15:00.000Z,2025-11-16T10:45:00.000Z,139.600165,136.8055061792384,1.82,Target,270
SOLUSDT,KAMA-Pullback,short,2025-11-17T08:00:00.000Z,2025-11-17T08:45:00.000Z,140.44974000000002,137.8025707512978,1.70,Target,45
SOLUSDT,KAMA-Pullback,short,2025-11-18T18:45:00.000Z,2025-11-18T19:15:00.000Z,139.79007000000001,141.08006884398054,-1.10,ATR Stop,30
SOLUSDT,KAMA-Pullback,short,2025-11-20T04:30:00.000Z,2025-11-20T09:45:00.000Z,141.91900500000003,139.10170116243523,1.81,Target,315
SOLUSDT,Chandelier-MTF,long,2025-03-03T08:30:00.000Z,2025-03-03T09:45:00.000Z,165.772845,162.00837156358466,-2.45,ATR Stop,75
SOLUSDT,Chandelier-MTF,short,2025-03-11T09:15:00.000Z,2025-03-11T09:45:00.000Z,119.42026000000001,121.655073475636,-2.05,ATR Stop,30
SOLUSDT,Chandelier-MTF,long,2025-03-26T02:15:00.000Z,2025-03-26T08:30:00.000Z,144.622275,143.63184469762896,-0.86,ATR Stop,375
SOLUSDT,Chandelier-MTF,short,2025-04-01T09:15:00.000Z,2025-04-01T10:00:00.000Z,126.12690500000001,127.4600793604329,-1.24,ATR Stop,45
SOLUSDT,Chandelier-MTF,short,2025-04-04T06:15:00.000Z,2025-04-04T07:15:00.000Z,113.62316000000001,115.68538963870766,-1.99,ATR Stop,60
SOLUSDT,Chandelier-MTF,long,2025-04-09T12:45:00.000Z,2025-04-09T19:00:00.000Z,118.82938499999999,121.08497533860078,1.72,ATR Stop,375
SOLUSDT,Chandelier-MTF,long,2025-04-13T21:30:00.000Z,2025-04-13T22:00:00.000Z,133.396665,131.971367318236,-1.25,ATR Stop,30
SOLUSDT,Chandelier-MTF,long,2025-04-15T04:15:00.000Z,2025-04-15T07:00:00.000Z,132.37615499999998,131.3794215502099,-0.93,ATR Stop,165
SOLUSDT,Chandelier-MTF,long,2025-04-20T19:45:00.000Z,2025-04-20T19:45:00.000Z,141.12052500000001,140.6397589275132,-0.52,ATR Stop,0
SOLUSDT,Chandelier-MTF,long,2025-04-21T09:15:00.000Z,2025-04-21T09:45:00.000Z,139.73983499999997,139.34332989378015,-0.46,ATR Stop,30
SOLUSDT,Chandelier-MTF,long,2025-04-21T22:00:00.000Z,2025-04-22T07:45:00.000Z,139.179555,142.73507962275193,2.37,Target,585
SOLUSDT,Chandelier-MTF,long,2025-04-24T12:00:00.000Z,2025-04-24T21:00:00.000Z,150.53523,152.46763867944992,1.10,ATR Stop,540
SOLUSDT,Chandelier-MTF,short,2025-04-27T20:45:00.000Z,2025-04-27T22:15:00.000Z,144.98747,146.60844284459458,-1.30,ATR Stop,90
SOLUSDT,Chandelier-MTF,long,2025-09-29T09:15:00.000Z,2025-09-29T10:15:00.000Z,211.19554499999998,210.32309412412832,-0.59,ATR Stop,60
SOLUSDT,Chandelier-MTF,long,2025-09-30T16:45:00.000Z,2025-09-30T17:15:00.000Z,210.33511499999997,207.890758092298,-1.34,ATR Stop,30
SOLUSDT,Chandelier-MTF,long,2025-10-03T10:30:00.000Z,2025-10-03T11:45:00.000Z,234.78733499999998,232.89349165234873,-0.99,ATR Stop,75
SOLUSDT,Chandelier-MTF,long,2025-10-04T22:15:00.000Z,2025-10-05T02:30:00.000Z,231.865875,236.98818221423758,2.03,Target,255
SOLUSDT,Chandelier-MTF,long,2025-10-06T01:15:00.000Z,2025-10-06T02:15:00.000Z,234.267075,232.35072123510574,-1.00,ATR Stop,60
SOLUSDT,Chandelier-MTF,short,2025-10-09T03:30:00.000Z,2025-10-09T05:00:00.000Z,219.77006,222.5838240754115,-1.46,ATR Stop,90
SOLUSDT,Chandelier-MTF,short,2025-10-09T09:15:00.000Z,2025-10-09T15:30:00.000Z,219.87001,217.27876800473524,1.00,ATR Stop,375
SOLUSDT,Chandelier-MTF,short,2025-10-10T10:45:00.000Z,2025-10-10T16:30:00.000Z,211.15437,200.38883096515232,4.92,Target,345
SOLUSDT,Chandelier-MTF,short,2025-10-11T00:15:00.000Z,2025-10-11T03:15:00.000Z,180.02994,186.98193762117725,-4.04,ATR Stop,180
SOLUSDT,Chandelier-MTF,short,2025-10-11T08:15:00.000Z,2025-10-11T16:30:00.000Z,182.01894500000003,177.21034805487895,2.46,ATR Stop,495
SOLUSDT,Chandelier-MTF,long,2025-10-12T07:15:00.000Z,2025-10-12T08:15:00.000Z,182.04097499999997,181.61559941080895,-0.41,ATR Stop,60
SOLUSDT,Chandelier-MTF,short,2025-10-14T01:45:00.000Z,2025-10-14T01:45:00.000Z,195.93198500000003,196.95848101952575,-0.70,ATR Stop,0
SOLUSDT,Chandelier-MTF,long,2025-10-21T10:00:00.000Z,2025-10-21T11:30:00.000Z,194.207055,193.93444667279823,-0.32,ATR Stop,90
SOLUSDT,Chandelier-MTF,long,2025-10-27T11:30:00.000Z,2025-10-27T13:30:00.000Z,202.44117,200.33361771891913,-1.22,ATR Stop,120
SOLUSDT,Chandelier-MTF,long,2025-10-28T02:30:00.000Z,2025-10-28T04:30:00.000Z,202.34112,201.28007308189365,-0.70,ATR Stop,120
SOLUSDT,Chandelier-MTF,short,2025-10-29T03:15:00.000Z,2025-10-29T05:15:00.000Z,194.01294500000003,194.88996007904618,-0.63,ATR Stop,120
SOLUSDT,Chandelier-MTF,short,2025-11-02T21:15:00.000Z,2025-11-02T22:30:00.000Z,183.61814500000003,178.6706318546619,2.51,Target,75
SOLUSDT,Chandelier-MTF,short,2025-11-04T11:30:00.000Z,2025-11-04T13:45:00.000Z,158.07092500000002,157.31786555475907,0.30,ATR Stop,135
SOLUSDT,Chandelier-MTF,short,2025-11-05T03:15:00.000Z,2025-11-05T04:15:00.000Z,155.03244500000002,157.06679515404025,-1.49,ATR Stop,60
SOLUSDT,Chandelier-MTF,long,2025-11-09T04:00:00.000Z,2025-11-09T04:30:00.000Z,159.049485,159.44872452223333,0.07,ATR Stop,30
SOLUSDT,Chandelier-MTF,short,2025-11-16T06:15:00.000Z,2025-11-16T09:15:00.000Z,139.600165,140.70255490636936,-0.97,ATR Stop,180
SOLUSDT,Chandelier-MTF,short,2025-11-22T08:45:00.000Z,2025-11-22T08:45:00.000Z,126.46673500000001,127.2240442751905,-0.78,ATR Stop,0
SUIUSDT,TrendPullback-EMA,long,2025-05-01T00:30:00.000Z,2025-05-01T01:15:00.000Z,3.52666245,3.4869483747442835,-1.31,ATR Stop,45
SUIUSDT,TrendPullback-EMA,long,2025-05-10T00:45:00.000Z,2025-05-10T05:30:00.000Z,3.9627803999999998,3.9184952872655323,-1.30,ATR Stop,285
SUIUSDT,TrendPullback-EMA,short,2025-05-25T02:15:00.000Z,2025-05-25T03:45:00.000Z,3.6002989500000004,3.5436736786939447,1.39,Target,90
SUIUSDT,TrendPullback-EMA,short,2025-05-27T17:00:00.000Z,2025-05-27T20:15:00.000Z,3.6453764000000004,3.684946040478271,-1.27,ATR Stop,195
SUIUSDT,TrendPullback-EMA,long,2025-07-17T01:00:00.000Z,2025-07-17T06:30:00.000Z,3.9987983999999996,3.9967990008,-0.23,ATR Stop,330
SUIUSDT,TrendPullback-EMA,long,2025-07-19T06:15:00.000Z,2025-07-19T06:45:00.000Z,3.81100455,3.772825982621079,-1.18,ATR Stop,30
SUIUSDT,TrendPullback-EMA,short,2025-11-01T08:30:00.000Z,2025-11-01T11:00:00.000Z,2.3696146000000002,2.3869607518278384,-0.91,ATR Stop,150
SUIUSDT,TrendPullback-EMA,short,2025-11-01T16:45:00.000Z,2025-11-01T17:45:00.000Z,2.36071905,2.3774464615554685,-0.89,ATR Stop,60
SUIUSDT,TrendPullback-EMA,short,2025-11-02T04:30:00.000Z,2025-11-02T06:15:00.000Z,2.3514237,2.369662798274881,-0.96,ATR Stop,105
SUIUSDT,TrendPullback-EMA,short,2025-11-02T20:15:00.000Z,2025-11-02T21:45:00.000Z,2.3002493000000004,2.255891085656664,1.75,Target,90
SUIUSDT,TrendPullback-EMA,short,2025-11-04T10:45:00.000Z,2025-11-04T12:00:00.000Z,2.0363813,1.9668868688632604,3.23,Target,75
SUIUSDT,TrendPullback-EMA,short,2025-11-09T04:45:00.000Z,2025-11-09T05:45:00.000Z,2.0612688500000003,2.083155520610908,-1.24,ATR Stop,60
SUIUSDT,TrendPullback-EMA,short,2025-11-15T03:00:00.000Z,2025-11-15T06:45:00.000Z,1.76781565,1.7686995578249998,-0.23,ATR Stop,225
SUIUSDT,TrendPullback-EMA,short,2025-11-18T08:00:00.000Z,2025-11-18T10:00:00.000Z,1.63488215,1.6548353833549596,-1.40,ATR Stop,120
SUIUSDT,TrendPullback-EMA,short,2025-11-20T04:45:00.000Z,2025-11-20T06:15:00.000Z,1.6160915500000002,1.6304425044832083,-1.07,ATR Stop,90
SUIUSDT,TrendPullback-EMA,short,2025-11-23T05:45:00.000Z,2025-11-23T06:30:00.000Z,1.3622185500000001,1.3751771024340214,-1.13,ATR Stop,45
SUIUSDT,TrendPullback-EMA,short,2025-11-25T02:30:00.000Z,2025-11-25T05:00:00.000Z,1.5248372000000001,1.5255996186,-0.23,ATR Stop,150
SUIUSDT,KAMA-Pullback,long,2025-05-10T00:45:00.000Z,2025-05-10T05:30:00.000Z,3.9627803999999998,3.9184952872655323,-1.30,ATR Stop,285
SUIUSDT,KAMA-Pullback,short,2025-05-27T17:00:00.000Z,2025-05-27T20:15:00.000Z,3.6453764000000004,3.684946040478271,-1.27,ATR Stop,195
SUIUSDT,KAMA-Pullback,short,2025-08-03T08:45:00.000Z,2025-08-03T13:30:00.000Z,3.4172905,3.4461016898200167,-1.02,ATR Stop,285
SUIUSDT,KAMA-Pullback,short,2025-08-04T01:00:00.000Z,2025-08-04T02:15:00.000Z,3.4592695,3.4909699378179133,-1.10,ATR Stop,75
SUIUSDT,KAMA-Pullback,short,2025-08-04T20:30:00.000Z,2025-08-04T23:00:00.000Z,3.540229,3.4722606686016104,1.74,Target,150
SUIUSDT,KAMA-Pullback,short,2025-08-05T19:30:00.000Z,2025-08-05T23:45:00.000Z,3.3779102,3.3795991550999998,-0.23,ATR Stop,255
SUIUSDT,KAMA-Pullback,long,2025-08-08T12:15:00.000Z,2025-08-08T23:45:00.000Z,3.8455217999999998,3.9328247385614414,2.09,Target,690
SUIUSDT,KAMA-Pullback,long,2025-08-09T11:00:00.000Z,2025-08-09T11:30:00.000Z,3.9495737999999996,3.908923660355079,-1.21,ATR Stop,30
SUIUSDT,KAMA-Pullback,long,2025-08-10T09:30:00.000Z,2025-08-10T15:00:00.000Z,3.851925,3.8499990375000004,-0.23,ATR Stop,330
SUIUSDT,KAMA-Pullback,short,2025-08-16T00:15:00.000Z,2025-08-16T02:15:00.000Z,3.7023479000000004,3.729671795805123,-0.92,ATR Stop,120
SUIUSDT,KAMA-Pullback,short,2025-08-16T19:45:00.000Z,2025-08-16T20:30:00.000Z,3.7424278500000003,3.761479522755953,-0.69,ATR Stop,45
SUIUSDT,KAMA-Pullback,short,2025-08-21T18:30:00.000Z,2025-08-21T18:30:00.000Z,3.40939445,3.435432855829792,-0.94,ATR Stop,0
SUIUSDT,KAMA-Pullback,short,2025-08-21T19:30:00.000Z,2025-08-21T20:45:00.000Z,3.4141920500000005,3.4407208144427552,-0.96,ATR Stop,75
SUIUSDT,KAMA-Pullback,short,2025-08-21T22:30:00.000Z,2025-08-21T22:45:00.000Z,3.40099865,3.4294071316234565,-1.02,ATR Stop,15
SUIUSDT,KAMA-Pullback,short,2025-08-22T20:15:00.000Z,2025-08-22T23:00:00.000Z,3.6734623500000003,3.675299081175,-0.23,ATR Stop,165
SUIUSDT,KAMA-Pullback,short,2025-09-02T06:00:00.000Z,2025-09-02T07:30:00.000Z,3.2574704500000005,3.2073422186204312,1.36,Target,90
SUIUSDT,KAMA-Pullback,long,2025-09-14T23:00:00.000Z,2025-09-15T01:30:00.000Z,3.713856,3.6846022833805026,-0.97,ATR Stop,150
SUIUSDT,KAMA-Pullback,short,2025-09-16T17:45:00.000Z,2025-09-16T21:15:00.000Z,3.6069956000000003,3.6087990978,-0.23,ATR Stop,210
SUIUSDT,KAMA-Pullback,short,2025-09-16T22:30:00.000Z,2025-09-17T01:15:00.000Z,3.5933024500000004,3.617367360467087,-0.85,ATR Stop,165
SUIUSDT,KAMA-Pullback,short,2025-09-20T03:00:00.000Z,2025-09-20T08:00:00.000Z,3.6564708500000003,3.658299085425,-0.23,ATR Stop,300
SUIUSDT,Chandelier-MTF,short,2025-03-10T09:15:00.000Z,2025-03-10T13:00:00.000Z,2.23198345,2.097070053745211,5.86,Target,225
SUIUSDT,Chandelier-MTF,short,2025-03-11T09:30:00.000Z,2025-03-11T09:45:00.000Z,2.0971509,2.1660347642152225,-3.46,ATR Stop,15
SUIUSDT,Chandelier-MTF,long,2025-03-27T10:45:00.000Z,2025-03-27T18:15:00.000Z,2.743371,2.7765493877436835,1.03,ATR Stop,450
SUIUSDT,Chandelier-MTF,long,2025-07-13T19:30:00.000Z,2025-07-13T21:30:00.000Z,3.6427204499999997,3.7985715551667787,4.10,Target,120
SUIUSDT,Chandelier-MTF,long,2025-07-15T09:00:00.000Z,2025-07-15T09:30:00.000Z,3.9947964,4.001743825459027,-0.01,ATR Stop,30
SUIUSDT,Chandelier-MTF,long,2025-07-17T03:45:00.000Z,2025-07-17T06:30:00.000Z,4.01290545,4.06455603060719,1.11,ATR Stop,165
SUIUSDT,Chandelier-MTF,short,2025-07-24T19:15:00.000Z,2025-07-24T23:15:00.000Z,3.6905538000000004,3.625369474508784,1.59,ATR Stop,240
SUIUSDT,Chandelier-MTF,long,2025-07-27T01:15:00.000Z,2025-07-27T03:45:00.000Z,4.240719299999999,4.251652464590538,0.08,ATR Stop,150
SUIUSDT,Chandelier-MTF,long,2025-07-27T06:30:00.000Z,2025-07-27T08:30:00.000Z,4.290043949999999,4.341424248921265,1.02,ATR Stop,120
SUIUSDT,Chandelier-MTF,short,2025-08-01T17:15:00.000Z,2025-08-01T18:15:00.000Z,3.3902040500000004,3.4522439649740404,-2.01,ATR Stop,60
SUIUSDT,Chandelier-MTF,short,2025-08-02T05:15:00.000Z,2025-08-02T11:45:00.000Z,3.39720055,3.3906450527817467,0.01,ATR Stop,390
SUIUSDT,Chandelier-MTF,short,2025-08-04T06:45:00.000Z,2025-08-04T06:45:00.000Z,3.4445768500000002,3.4540141617800804,-0.45,ATR Stop,0
SUIUSDT,Chandelier-MTF,long,2025-08-10T21:15:00.000Z,2025-08-11T00:45:00.000Z,3.9745863,3.9270226872275744,-1.38,ATR Stop,210
SUIUSDT,Chandelier-MTF,short,2025-08-19T09:15:00.000Z,2025-08-19T20:30:00.000Z,3.50334745,3.410864177462808,2.46,ATR Stop,675
SUIUSDT,Chandelier-MTF,long,2025-08-22T23:15:00.000Z,2025-08-23T03:45:00.000Z,3.6986483999999997,3.800335146772926,2.57,ATR Stop,270
SUIUSDT,Chandelier-MTF,short,2025-08-31T09:45:00.000Z,2025-08-31T13:15:00.000Z,3.28745545,3.28091004869226,0.02,ATR Stop,210
SUIUSDT,Chandelier-MTF,long,2025-09-04T18:15:00.000Z,2025-09-04T18:15:00.000Z,3.2950467,3.286115497614872,-0.45,ATR Stop,0
SUIUSDT,Chandelier-MTF,long,2025-09-04T18:45:00.000Z,2025-09-04T19:15:00.000Z,3.2957470499999997,3.3014329180251294,-0.01,ATR Stop,30
SUIUSDT,Chandelier-MTF,long,2025-09-12T12:15:00.000Z,2025-09-12T15:30:00.000Z,3.67293555,3.667343232448244,-0.33,ATR Stop,195
SUIUSDT,Chandelier-MTF,short,2025-09-22T14:00:00.000Z,2025-09-22T15:45:00.000Z,3.3289347,3.3283685416703355,-0.16,ATR Stop,105
SUIUSDT,Chandelier-MTF,short,2025-09-24T18:15:00.000Z,2025-09-24T23:00:00.000Z,3.35802015,3.287012319795639,1.93,Target,285
SUIUSDT,Chandelier-MTF,long,2025-09-29T09:30:00.000Z,2025-09-29T11:15:00.000Z,3.3114548999999998,3.271636183400754,-1.38,ATR Stop,105
SUIUSDT,Chandelier-MTF,long,2025-10-04T16:15:00.000Z,2025-10-04T19:30:00.000Z,3.5741861999999998,3.6078986666205695,0.76,ATR Stop,195
SUIUSDT,Chandelier-MTF,long,2025-10-06T02:30:00.000Z,2025-10-06T05:30:00.000Z,3.6214098,3.6421955162768036,0.39,ATR Stop,180
SUIUSDT,Chandelier-MTF,short,2025-10-10T10:30:00.000Z,2025-10-10T16:15:00.000Z,3.2992495500000003,3.159244708805998,4.06,Target,345
SUIUSDT,Chandelier-MTF,long,2025-10-14T21:30:00.000Z,2025-10-14T21:45:00.000Z,2.8339162499999997,2.802634480195337,-1.28,ATR Stop,15
SUIUSDT,Chandelier-MTF,long,2025-10-21T10:00:00.000Z,2025-10-21T11:30:00.000Z,2.6616301499999997,2.6167564441896363,-1.87,ATR Stop,90
SUIUSDT,Chandelier-MTF,short,2025-10-23T18:45:00.000Z,2025-10-23T19:15:00.000Z,2.42488695,2.433981588388483,-0.56,ATR Stop,30
TRBUSDT,KAMA-Pullback,short,2025-03-05T20:15:00.000Z,2025-03-05T20:45:00.000Z,31.711136500000002,32.04058561171651,-1.22,ATR Stop,30
TRBUSDT,KAMA-Pullback,short,2025-03-07T16:15:00.000Z,2025-03-08T05:15:00.000Z,31.0334755,29.837167296008364,3.67,Target,780
TRBUSDT,KAMA-Pullback,short,2025-03-11T09:15:00.000Z,2025-03-11T09:45:00.000Z,25.439274000000005,26.002660511121704,-2.39,ATR Stop,30
TRBUSDT,KAMA-Pullback,short,2025-03-11T19:30:00.000Z,2025-03-11T19:45:00.000Z,27.250368,27.619932746061604,-1.54,ATR Stop,15
TRBUSDT,KAMA-Pullback,short,2025-03-11T22:30:00.000Z,2025-03-11T23:00:00.000Z,26.942522,27.460791886469774,-2.10,ATR Stop,30
TRBUSDT,KAMA-Pullback,long,2025-03-15T03:30:00.000Z,2025-03-15T03:45:00.000Z,28.837411499999998,28.593703680129956,-1.03,ATR Stop,15
TRBUSDT,KAMA-Pullback,long,2025-03-15T07:15:00.000Z,2025-03-15T10:30:00.000Z,28.7933895,29.30303183629011,1.59,Target,195
TRBUSDT,KAMA-Pullback,long,2025-03-15T23:30:00.000Z,2025-03-16T04:15:00.000Z,29.3416635,29.32699266825,-0.23,ATR Stop,285
TRBUSDT,KAMA-Pullback,long,2025-03-18T04:30:00.000Z,2025-03-18T06:00:00.000Z,30.2481165,29.7889783390085,-1.70,ATR Stop,90
TRBUSDT,KAMA-Pullback,short,2025-03-21T20:30:00.000Z,2025-03-21T21:00:00.000Z,29.327329,29.627941236440183,-1.21,ATR Stop,30
TRBUSDT,KAMA-Pullback,short,2025-03-30T05:15:00.000Z,2025-03-30T12:30:00.000Z,26.7955955,26.80899329775,-0.23,ATR Stop,435
TRBUSDT,KAMA-Pullback,long,2025-04-01T10:00:00.000Z,2025-04-01T10:45:00.000Z,27.501744,27.1024064059471,-1.63,ATR Stop,45
TRBUSDT,KAMA-Pullback,short,2025-04-05T00:45:00.000Z,2025-04-05T01:00:00.000Z,24.009989,24.21247556329028,-1.02,ATR Stop,15
TRBUSDT,KAMA-Pullback,short,2025-04-05T21:45:00.000Z,2025-04-05T22:45:00.000Z,23.972008000000002,24.165632317143224,-0.99,ATR Stop,60
TRBUSDT,KAMA-Pullback,short,2025-04-07T18:45:00.000Z,2025-04-07T20:15:00.000Z,21.847071000000003,22.15148257434279,-1.57,ATR Stop,90
TRBUSDT,KAMA-Pullback,short,2025-04-08T09:15:00.000Z,2025-04-08T11:45:00.000Z,21.6761565,21.169330388809698,2.16,Target,150
TRBUSDT,KAMA-Pullback,long,2025-10-28T07:45:00.000Z,2025-10-28T09:30:00.000Z,26.991489,26.736188517257297,-1.13,ATR Stop,105
TRBUSDT,KAMA-Pullback,short,2025-10-29T10:00:00.000Z,2025-10-29T11:15:00.000Z,25.553217,25.565993608499998,-0.23,ATR Stop,75
TRBUSDT,KAMA-Pullback,short,2025-11-04T11:00:00.000Z,2025-11-04T12:45:00.000Z,22.664662,21.65511224507912,4.27,Target,105
TRBUSDT,KAMA-Pullback,short,2025-11-05T03:30:00.000Z,2025-11-05T10:00:00.000Z,22.176906,22.505691438997356,-1.66,ATR Stop,390
TRBUSDT,KAMA-Pullback,short,2025-11-06T00:00:00.000Z,2025-11-06T08:00:00.000Z,22.432778,22.443994388999997,-0.23,ATR Stop,480
TRBUSDT,KAMA-Pullback,short,2025-11-06T09:45:00.000Z,2025-11-06T12:00:00.000Z,22.250869,22.2619944345,-0.23,ATR Stop,135
TRBUSDT,KAMA-Pullback,short,2025-11-06T15:15:00.000Z,2025-11-06T16:00:00.000Z,22.0079905,22.355603802320292,-1.76,ATR Stop,45
TRBUSDT,KAMA-Pullback,long,2025-11-08T20:00:00.000Z,2025-11-08T20:45:00.000Z,26.5202535,26.206114093125418,-1.36,ATR Stop,45
TRBUSDT,KAMA-Pullback,long,2025-11-09T05:45:00.000Z,2025-11-09T06:30:00.000Z,26.1760815,25.814424424660732,-1.56,ATR Stop,45
TRBUSDT,KAMA-Pullback,long,2025-11-14T20:15:00.000Z,2025-11-15T04:45:00.000Z,25.568778,27.267858660608155,6.47,Target,510
TRBUSDT,KAMA-Pullback,short,2025-11-18T01:45:00.000Z,2025-11-18T10:30:00.000Z,24.7806035,24.79299380175,-0.23,ATR Stop,525
TRBUSDT,KAMA-Pullback,short,2025-11-22T18:45:00.000Z,2025-11-22T20:00:00.000Z,19.895047500000004,20.11584540799205,-1.29,ATR Stop,75
TRBUSDT,KAMA-Pullback,short,2025-11-23T01:00:00.000Z,2025-11-23T03:15:00.000Z,19.9430235,20.152214767202764,-1.23,ATR Stop,135
TRBUSDT,Chandelier-MTF,short,2025-03-06T08:45:00.000Z,2025-03-06T09:45:00.000Z,31.374305000000003,31.498529458139835,-0.58,ATR Stop,60
TRBUSDT,Chandelier-MTF,short,2025-03-09T23:00:00.000Z,2025-03-10T01:45:00.000Z,26.824581000000002,26.975267766171434,-0.74,ATR Stop,165
TRBUSDT,Chandelier-MTF,short,2025-03-11T06:30:00.000Z,2025-03-11T08:00:00.000Z,25.515236,25.66002233115033,-0.75,ATR Stop,90
TRBUSDT,Chandelier-MTF,long,2025-03-12T18:45:00.000Z,2025-03-12T18:45:00.000Z,27.9269565,27.853120826033756,-0.44,ATR Stop,0
TRBUSDT,Chandelier-MTF,long,2025-03-18T09:15:00.000Z,2025-03-18T09:45:00.000Z,30.622303499999997,30.415577982184633,-0.86,ATR Stop,30
TRBUSDT,Chandelier-MTF,short,2025-05-18T22:30:00.000Z,2025-05-19T04:30:00.000Z,31.110437000000005,29.90536798073226,3.69,Target,360
TRBUSDT,Chandelier-MTF,short,2025-05-20T06:15:00.000Z,2025-05-20T12:15:00.000Z,30.488748000000005,30.500148935306065,-0.22,ATR Stop,360
TRBUSDT,Chandelier-MTF,long,2025-05-28T03:45:00.000Z,2025-05-28T04:00:00.000Z,50.617295999999996,50.8950243973603,0.37,ATR Stop,15
TRBUSDT,Chandelier-MTF,long,2025-05-29T20:00:00.000Z,2025-05-29T23:15:00.000Z,61.93395149999999,66.98062826008807,7.97,Target,195
TRBUSDT,Chandelier-MTF,short,2025-11-04T01:45:00.000Z,2025-11-04T03:00:00.000Z,22.4757565,22.81061782960487,-1.67,ATR Stop,75
TRBUSDT,Chandelier-MTF,short,2025-11-04T13:30:00.000Z,2025-11-04T15:15:00.000Z,21.951019000000002,21.64244508140341,1.23,ATR Stop,105
TRBUSDT,Chandelier-MTF,long,2025-11-08T08:15:00.000Z,2025-11-08T10:15:00.000Z,26.9524695,26.72457734222967,-1.03,ATR Stop,120
TRBUSDT,Chandelier-MTF,long,2025-11-09T19:15:00.000Z,2025-11-09T20:15:00.000Z,26.797392,26.403944841324915,-1.65,ATR Stop,60
TRBUSDT,Chandelier-MTF,short,2025-11-25T10:15:00.000Z,2025-11-25T10:15:00.000Z,20.7186355,20.738495110643335,-0.28,ATR Stop,0
XMRUSDT,TrendPullback-EMA,short,2025-06-05T09:45:00.000Z,2025-06-05T12:30:00.000Z,325.427205,314.54007018107876,3.17,Target,165
XMRUSDT,Supertrend-Quality,short,2025-06-15T05:15:00.000Z,2025-06-15T05:30:00.000Z,314.10287,317.0790315739644,-1.13,ATR Stop,15
XMRUSDT,Supertrend-Quality,short,2025-06-27T20:00:00.000Z,2025-06-27T21:15:00.000Z,303.64810000000006,306.54616542602037,-1.13,ATR Stop,75
XMRUSDT,KAMA-Pullback,long,2025-07-04T00:00:00.000Z,2025-07-04T01:30:00.000Z,322.010925,319.8133656485737,-0.86,ATR Stop,90
XMRUSDT,KAMA-Pullback,short,2025-07-21T22:00:00.000Z,2025-07-22T00:30:00.000Z,317.08138,319.6983435317226,-1.01,ATR Stop,150
XMRUSDT,KAMA-Pullback,short,2025-07-23T23:45:00.000Z,2025-07-24T02:00:00.000Z,312.92346,313.07992172999997,-0.23,ATR Stop,135
XMRUSDT,KAMA-Pullback,long,2025-07-25T19:30:00.000Z,2025-07-26T05:15:00.000Z,323.911875,323.74991906250006,-0.23,ATR Stop,585
XRPUSDT,TrendPullback-EMA,short,2025-09-30T02:45:00.000Z,2025-09-30T04:15:00.000Z,2.8703641,2.844621664107462,0.72,Target,90
XRPUSDT,TrendPullback-EMA,long,2025-10-03T02:30:00.000Z,2025-10-03T04:00:00.000Z,3.03441645,3.0328992417750005,-0.23,ATR Stop,90
XRPUSDT,TrendPullback-EMA,long,2025-10-03T10:00:00.000Z,2025-10-03T10:30:00.000Z,3.0411197999999997,3.0785400222381916,1.05,Target,30
XRPUSDT,TrendPullback-EMA,long,2025-10-06T00:45:00.000Z,2025-10-06T02:15:00.000Z,2.98619235,2.9689433852225586,-0.76,ATR Stop,90
XRPUSDT,TrendPullback-EMA,short,2025-10-12T09:00:00.000Z,2025-10-12T10:00:00.000Z,2.3777105499999998,2.400953908373714,-1.16,ATR Stop,60
XRPUSDT,TrendPullback-EMA,short,2025-10-13T18:30:00.000Z,2025-10-13T21:30:00.000Z,2.6028979000000003,2.5625395000375244,1.37,Target,180
XRPUSDT,TrendPullback-EMA,short,2025-10-16T02:00:00.000Z,2025-10-16T04:45:00.000Z,2.40509685,2.4244197751993233,-0.98,ATR Stop,165
XRPUSDT,TrendPullback-EMA,short,2025-10-18T10:00:00.000Z,2025-10-18T12:15:00.000Z,2.3460264,2.364455476067032,-0.97,ATR Stop,135
XRPUSDT,TrendPullback-EMA,short,2025-10-20T11:15:00.000Z,2025-10-20T11:30:00.000Z,2.43328275,2.4525312913530293,-0.97,ATR Stop,15
XRPUSDT,TrendPullback-EMA,long,2025-10-26T17:00:00.000Z,2025-10-26T21:00:00.000Z,2.6423205,2.64099933975,-0.23,ATR Stop,240
XRPUSDT,KAMA-Pullback,short,2025-03-04T07:45:00.000Z,2025-03-04T09:30:00.000Z,2.3198395000000005,2.3648834260877223,-2.12,ATR Stop,105
XRPUSDT,KAMA-Pullback,short,2025-03-04T10:00:00.000Z,2025-03-04T10:15:00.000Z,2.3328330000000004,2.4064345721819,-3.34,ATR Stop,15
XRPUSDT,KAMA-Pullback,short,2025-03-08T17:00:00.000Z,2025-03-08T18:45:00.000Z,2.3370309000000002,2.33819941545,-0.23,ATR Stop,105
XRPUSDT,KAMA-Pullback,short,2025-03-11T07:45:00.000Z,2025-03-11T08:00:00.000Z,2.08605645,2.120105337165934,-1.81,ATR Stop,15
XRPUSDT,KAMA-Pullback,short,2025-03-11T22:30:00.000Z,2025-03-12T02:45:00.000Z,2.16581655,2.1976071594771924,-1.65,ATR Stop,255
XRPUSDT,KAMA-Pullback,long,2025-03-13T00:00:00.000Z,2025-03-13T00:30:00.000Z,2.2509249,2.2295246320976982,-1.13,ATR Stop,30
XRPUSDT,KAMA-Pullback,long,2025-03-13T04:00:00.000Z,2025-03-13T07:15:00.000Z,2.2447217999999998,2.2949005552235984,2.06,Target,195
XRPUSDT,KAMA-Pullback,long,2025-03-13T17:45:00.000Z,2025-03-13T18:00:00.000Z,2.27003445,2.2426004646772775,-1.39,ATR Stop,15
XRPUSDT,KAMA-Pullback,long,2025-03-13T19:15:00.000Z,2025-03-14T05:15:00.000Z,2.2672330499999997,2.3288524428972273,2.54,Target,600
XRPUSDT,KAMA-Pullback,long,2025-03-16T19:15:00.000Z,2025-03-17T02:45:00.000Z,2.3232610499999997,2.3220994194749998,-0.23,ATR Stop,450
XRPUSDT,KAMA-Pullback,long,2025-03-17T10:30:00.000Z,2025-03-17T15:15:00.000Z,2.3447717999999997,2.3435994141,-0.23,ATR Stop,285
XRPUSDT,KAMA-Pullback,long,2025-03-20T03:15:00.000Z,2025-03-20T05:45:00.000Z,2.49194535,2.4674878817839447,-1.16,ATR Stop,150
XRPUSDT,KAMA-Pullback,long,2025-03-20T19:45:00.000Z,2025-03-20T21:30:00.000Z,2.4477232499999997,2.4266854033005187,-1.04,ATR Stop,105
XRPUSDT,KAMA-Pullback,short,2025-03-27T00:30:00.000Z,2025-03-27T01:00:00.000Z,2.3550219,2.3690888487289485,-0.78,ATR Stop,30
XRPUSDT,KAMA-Pullback,short,2025-03-30T05:15:00.000Z,2025-03-30T05:30:00.000Z,2.1523233,2.17145131794603,-1.07,ATR Stop,15
XRPUSDT,KAMA-Pullback,short,2025-07-30T02:30:00.000Z,2025-07-30T03:15:00.000Z,3.11654095,3.140040563499152,-0.93,ATR Stop,45
XRPUSDT,KAMA-Pullback,short,2025-08-02T01:30:00.000Z,2025-08-02T02:15:00.000Z,2.9664160500000003,2.993061655456897,-1.08,ATR Stop,45
XRPUSDT,KAMA-Pullback,long,2025-08-05T04:30:00.000Z,2025-08-05T07:15:00.000Z,3.06102975,3.0389150726605707,-0.90,ATR Stop,165
XRPUSDT,KAMA-Pullback,long,2025-08-08T20:15:00.000Z,2025-08-08T22:30:00.000Z,3.3078531,3.2853065069296465,-0.86,ATR Stop,135
XRPUSDT,KAMA-Pullback,long,2025-08-09T22:00:00.000Z,2025-08-10T01:00:00.000Z,3.2588285999999997,3.2351387709059316,-0.91,ATR Stop,180
XRPUSDT,KAMA-Pullback,short,2025-08-18T19:00:00.000Z,2025-08-18T19:15:00.000Z,3.0360812,3.059886655479036,-0.96,ATR Stop,15
XRPUSDT,KAMA-Pullback,short,2025-08-21T14:15:00.000Z,2025-08-21T19:00:00.000Z,2.86586635,2.867299283175,-0.23,ATR Stop,285
XRPUSDT,Chandelier-MTF,short,2025-06-01T04:15:00.000Z,2025-06-01T05:45:00.000Z,2.1286351500000005,2.1448925808918187,-0.94,ATR Stop,90
XRPUSDT,Chandelier-MTF,short,2025-06-13T09:00:00.000Z,2025-06-13T09:30:00.000Z,2.1217386,2.1463160092684936,-1.34,ATR Stop,30
XRPUSDT,Chandelier-MTF,short,2025-06-14T13:15:00.000Z,2025-06-14T14:00:00.000Z,2.1171409,2.136481617534113,-1.09,ATR Stop,45
XRPUSDT,Chandelier-MTF,short,2025-06-20T10:45:00.000Z,2025-06-20T12:30:00.000Z,2.1255367,2.1162538867997145,0.26,ATR Stop,105
XRPUSDT,Chandelier-MTF,short,2025-06-21T07:30:00.000Z,2025-06-21T10:00:00.000Z,2.1279355,2.1124900236054343,0.55,Target,150
XRPUSDT,Chandelier-MTF,short,2025-06-22T04:15:00.000Z,2025-06-22T06:15:00.000Z,2.0545722000000004,2.0141430848594655,1.79,Target,120
XRPUSDT,Chandelier-MTF,short,2025-06-23T05:15:00.000Z,2025-06-23T06:45:00.000Z,1.9866062000000002,2.0046191611604267,-1.09,ATR Stop,90
