Symbol,Strategy,Window,BestParams,Trades,WinRate%,TotalReturn%,ProfitFactor,Sharpe,MaxDD%,Score
ADAUSDT,TripleEMA-MTF,W01,"EMA(5/21/89) ATR×1.5",11,54.55,7.91,2.56,1.25,2.62,49.57
ADAUSDT,TripleEMA-MTF,W02,"EMA(9/34/89) ATR×1.5",10,40.00,0.53,1.10,0.11,2.16,25.05
ADAUSDT,TripleEMA-MTF,W03,"EMA(9/34/89) ATR×1.5",16,6.25,-11.54,0.03,-7.10,11.54,1.46
ADAUSDT,TripleEMA-MTF,W04,"EMA(13/34/89) ATR×1.5",8,12.50,-7.45,0.07,-4.26,7.45,2.99
ADAUSDT,TripleEMA-MTF,W05,"EMA(13/34/55) ATR×2.0",10,30.00,6.16,2.40,0.91,3.97,41.10
ADAUSDT,TripleEMA-MTF,W06,"EMA(13/34/89) ATR×3.0",18,33.33,-5.11,0.60,-0.95,5.98,15.27
ADAUSDT,TripleEMA-MTF,W07,"EMA(13/34/89) ATR×3.0",14,21.43,-2.93,0.80,-0.28,7.04,17.08
ADAUSDT,TripleEMA-MTF,W08,"EMA(13/34/55) ATR×3.0",11,18.18,-7.77,0.35,-1.47,11.16,8.26
ADAUSDT,TripleEMA-MTF,W09,"EMA(13/34/55) ATR×3.0",10,10.00,-10.58,0.03,-4.43,10.96,2.24
ADAUSDT,TripleEMA-MTF,W10,"EMA(5/34/55) ATR×2.5",19,31.58,0.20,1.02,0.03,3.94,22.05
ADAUSDT,TripleEMA-MTF,W11,"EMA(13/21/89) ATR×2.5",13,30.77,-3.64,0.44,-1.35,4.44,11.97
ADAUSDT,TripleEMA-MTF,W12,"EMA(13/34/55) ATR×1.5",14,28.57,6.55,1.81,0.78,3.95,34.68
ADAUSDT,TripleEMA-MTF,W13,"EMA(13/34/55) ATR×2.5",18,27.78,-6.32,0.58,-0.95,8.42,13.98
ADAUSDT,Supertrend-MTF,W01,"ST(14,2.5) ATR×2.5",5,40.00,6.77,1.96,0.66,5.48,46.40
ADAUSDT,Supertrend-MTF,W02,"ST(14,2.5) ATR×2.5",11,18.18,-2.79,0.71,-0.40,6.94,15.27
ADAUSDT,Supertrend-MTF,W03,"ST(14,2.5) ATR×1.5",14,14.29,-8.09,0.19,-3.06,8.09,4.19
ADAUSDT,Supertrend-MTF,W04,"ST(14,2.0) ATR×2.5",20,20.00,-14.58,0.27,-2.59,15.09,5.92
ADAUSDT,Supertrend-MTF,W05,"ST(14,2.0) ATR×1.5",12,25.00,-5.20,0.36,-1.64,7.15,9.04
ADAUSDT,Supertrend-MTF,W06,"ST(10,3.0) ATR×2.0",20,10.00,-12.43,0.19,-3.04,12.43,3.32
ADAUSDT,Supertrend-MTF,W07,"ST(14,3.0) ATR×2.5",9,55.56,13.62,4.22,1.51,3.76,70.37
ADAUSDT,Supertrend-MTF,W08,"ST(14,3.0) ATR×2.5",11,36.36,-4.41,0.52,-0.96,6.29,15.22
ADAUSDT,Supertrend-MTF,W09,"ST(14,3.0) ATR×2.5",10,30.00,-6.52,0.25,-2.03,6.93,7.74
ADAUSDT,Supertrend-MTF,W10,"ST(10,2.5) ATR×2.5",14,50.00,3.43,1.53,0.54,3.05,33.74
ADAUSDT,Supertrend-MTF,W11,"ST(14,2.5) ATR×2.5",9,33.33,-2.68,0.55,-0.75,5.53,15.72
ADAUSDT,Supertrend-MTF,W12,"ST(10,2.5) ATR×2.5",10,30.00,25.33,4.05,0.89,3.45,66.38
ADAUSDT,Supertrend-MTF,W13,"ST(10,2.5) ATR×2.5",21,28.57,-9.45,0.60,-0.97,13.51,14.20
ADAUSDT,Donchian-MTF,W01,"Don(55) ATR×2.5",15,26.67,-11.10,0.42,-1.29,11.10,11.26
ADAUSDT,Donchian-MTF,W02,"Don(55) ATR×2.5",29,20.69,-14.62,0.51,-1.48,24.31,9.91
ADAUSDT,Donchian-MTF,W03,"Don(55) ATR×3.0",15,26.67,-3.31,0.75,-0.36,6.48,17.46
ADAUSDT,Donchian-MTF,W04,"Don(20) ATR×1.5",36,33.33,-10.87,0.50,-1.85,11.64,10.77
ADAUSDT,Donchian-MTF,W05,"Don(55) ATR×3.0",19,31.58,-4.34,0.72,-0.58,6.55,17.29
ADAUSDT,Donchian-MTF,W06,"Don(20) ATR×3.0",24,37.50,-3.64,0.80,-0.46,8.10,19.51
ADAUSDT,Donchian-MTF,W07,"Don(20) ATR×3.0",23,47.83,9.81,1.67,0.88,6.35,37.56
ADAUSDT,Donchian-MTF,W08,"Don(20) ATR×3.0",21,33.33,-14.98,0.35,-2.01,22.01,9.13
ADAUSDT,Donchian-MTF,W09,"Don(20) ATR×3.0",24,20.83,-10.12,0.63,-0.74,19.84,13.82
ADAUSDT,Donchian-MTF,W10,"Don(20) ATR×3.0",22,31.82,-7.36,0.49,-1.26,9.62,12.92
ADAUSDT,Donchian-MTF,W11,"Don(10) ATR×3.0",26,30.77,-5.59,0.71,-0.64,11.48,16.75
ADAUSDT,Donchian-MTF,W12,"Don(10) ATR×3.0",21,42.86,29.10,4.33,1.24,2.93,66.21
ADAUSDT,Donchian-MTF,W13,"Don(10) ATR×3.0",35,25.71,-24.21,0.36,-2.58,27.65,7.65
ADAUSDT,HullMA-Cross,W01,"Hull(21/34) ATR×2.5",57,26.32,-17.01,0.71,-0.82,17.32,15.15
ADAUSDT,HullMA-Cross,W02,"Hull(9/55) ATR×1.5",62,22.58,-27.27,0.39,-2.82,27.27,7.25
ADAUSDT,HullMA-Cross,W03,"Hull(21/34) ATR×2.0",56,23.21,-26.54,0.27,-4.03,29.93,6.55
ADAUSDT,HullMA-Cross,W04,"Hull(21/34) ATR×2.0",65,29.23,-32.66,0.39,-3.22,34.76,8.59
ADAUSDT,HullMA-Cross,W05,"Hull(21/34) ATR×1.5",59,23.73,-18.36,0.42,-2.74,21.62,7.66
ADAUSDT,HullMA-Cross,W06,"Hull(16/34) ATR×2.0",66,28.79,-24.02,0.33,-3.70,24.02,8.06
ADAUSDT,HullMA-Cross,W07,"Hull(21/55) ATR×2.5",44,29.55,-14.54,0.60,-1.36,22.23,12.76
ADAUSDT,HullMA-Cross,W08,"Hull(21/55) ATR×2.5",46,30.43,-14.39,0.53,-1.78,18.14,10.69
ADAUSDT,HullMA-Cross,W09,"Hull(21/55) ATR×2.5",36,27.78,-14.54,0.61,-0.91,23.70,14.38
ADAUSDT,HullMA-Cross,W10,"Hull(21/55) ATR×2.5",43,30.23,-11.81,0.54,-1.68,13.35,11.15
ADAUSDT,HullMA-Cross,W11,"Hull(21/55) ATR×2.5",46,15.22,-22.78,0.29,-3.21,24.33,5.10
ADAUSDT,HullMA-Cross,W12,"Hull(21/34) ATR×2.5",50,26.00,-8.79,0.77,-0.55,22.54,16.65
ADAUSDT,HullMA-Cross,W13,"Hull(16/55) ATR×1.5",57,19.30,-29.30,0.32,-3.78,29.30,6.11
ADAUSDT,Vortex-Cross,W01,"Vortex(28) ATR×1.5",70,24.29,-15.01,0.65,-1.18,22.98,12.86
ADAUSDT,Vortex-Cross,W02,"Vortex(28) ATR×2.0",56,30.36,-10.78,0.62,-1.34,11.14,13.18
ADAUSDT,Vortex-Cross,W03,"Vortex(28) ATR×2.0",71,14.08,-37.01,0.22,-4.92,40.12,4.37
ADAUSDT,Vortex-Cross,W04,"Vortex(28) ATR×2.0",62,22.58,-20.65,0.47,-1.99,22.98,7.83
ADAUSDT,Vortex-Cross,W05,"Vortex(28) ATR×2.5",57,28.07,-5.87,0.80,-0.59,13.34,17.07
ADAUSDT,Vortex-Cross,W06,"Vortex(28) ATR×2.5",71,22.54,-13.62,0.60,-1.46,14.41,10.95
ADAUSDT,Vortex-Cross,W07,"Vortex(28) ATR×2.5",50,24.00,-8.28,0.76,-0.62,14.64,15.85
ADAUSDT,Vortex-Cross,W08,"Vortex(28) ATR×2.5",68,22.06,-24.03,0.39,-2.88,29.51,7.15
ADAUSDT,Vortex-Cross,W09,"Vortex(28) ATR×2.5",67,14.93,-28.24,0.44,-1.98,34.54,6.17
ADAUSDT,Vortex-Cross,W10,"Vortex(14) ATR×2.5",92,21.74,-26.63,0.39,-3.62,26.92,7.05
ADAUSDT,Vortex-Cross,W11,"Vortex(14) ATR×2.0",84,11.90,-29.61,0.35,-3.01,32.30,4.82
ADAUSDT,Vortex-Cross,W12,"Vortex(21) ATR×1.5",70,18.57,-28.53,0.32,-3.38,29.10,5.93
ADAUSDT,Vortex-Cross,W13,"Vortex(28) ATR×2.0",72,23.61,-17.72,0.57,-1.85,20.35,9.30
ADAUSDT,PSAR-Trail,W01,"PSAR(0.02/0.02/0.3) ATR×2.5",60,30.00,13.70,1.22,0.32,22.52,26.46
ADAUSDT,PSAR-Trail,W02,"PSAR(0.01/0.015/0.2) ATR×2.0",57,31.58,-20.35,0.55,-1.69,20.37,11.44
ADAUSDT,PSAR-Trail,W03,"PSAR(0.02/0.02/0.3) ATR×1.5",70,21.43,-37.57,0.29,-4.50,40.49,6.28
ADAUSDT,PSAR-Trail,W04,"PSAR(0.02/0.015/0.3) ATR×1.5",62,25.81,-30.65,0.36,-3.48,30.65,7.69
ADAUSDT,PSAR-Trail,W05,"PSAR(0.02/0.015/0.2) ATR×2.0",58,27.59,-16.45,0.57,-1.84,20.71,10.15
ADAUSDT,PSAR-Trail,W06,"PSAR(0.02/0.015/0.2) ATR×2.5",70,27.14,-26.45,0.44,-2.92,26.45,8.51
ADAUSDT,PSAR-Trail,W07,"PSAR(0.01/0.015/0.2) ATR×2.5",57,33.33,0.17,1.00,0.01,11.51,22.10
ADAUSDT,PSAR-Trail,W08,"PSAR(0.01/0.015/0.2) ATR×2.5",60,31.67,-16.95,0.61,-1.48,26.59,12.80
ADAUSDT,PSAR-Trail,W09,"PSAR(0.01/0.015/0.2) ATR×2.5",55,18.18,-38.08,0.36,-2.46,45.60,6.16
ADAUSDT,PSAR-Trail,W10,"PSAR(0.01/0.015/0.3) ATR×2.0",56,26.79,-16.73,0.51,-2.17,17.95,8.90
ADAUSDT,PSAR-Trail,W11,"PSAR(0.01/0.015/0.3) ATR×2.0",54,12.96,-28.40,0.23,-4.53,28.40,4.20
ADAUSDT,PSAR-Trail,W12,"PSAR(0.01/0.02/0.3) ATR×2.5",53,28.30,-2.45,0.93,-0.14,20.99,19.93
ADAUSDT,PSAR-Trail,W13,"PSAR(0.02/0.015/0.3) ATR×2.0",72,23.61,-25.76,0.53,-2.02,31.81,8.42
APTUSDT,TripleEMA-MTF,W01,"EMA(13/34/55) ATR×3.0",12,16.67,-5.38,0.66,-0.59,8.84,13.85
APTUSDT,TripleEMA-MTF,W02,"EMA(13/21/55) ATR×2.5",16,37.50,-4.80,0.53,-1.17,7.31,14.64
APTUSDT,TripleEMA-MTF,W03,"EMA(13/21/89) ATR×2.0",22,9.09,-21.27,0.04,-6.36,21.27,2.07
APTUSDT,TripleEMA-MTF,W04,"EMA(13/34/89) ATR×1.5",11,0.00,-10.52,0.00,-14.43,10.52,0.00
APTUSDT,TripleEMA-MTF,W05,"EMA(13/34/55) ATR×1.5",8,37.50,1.24,1.26,0.23,3.39,27.16
APTUSDT,TripleEMA-MTF,W06,"EMA(13/21/89) ATR×3.0",10,10.00,-6.65,0.25,-2.17,6.65,3.72
APTUSDT,TripleEMA-MTF,W07,"EMA(13/34/89) ATR×2.5",13,15.38,-6.04,0.48,-1.07,10.30,10.32
APTUSDT,TripleEMA-MTF,W08,"EMA(13/34/89) ATR×2.0",12,16.67,-11.15,0.19,-2.70,11.15,4.63
APTUSDT,TripleEMA-MTF,W09,"EMA(9/34/89) ATR×1.5",8,25.00,-3.13,0.39,-1.28,3.13,10.72
APTUSDT,TripleEMA-MTF,W10,"EMA(9/21/55) ATR×2.0",12,33.33,-3.68,0.42,-1.42,4.62,12.04
APTUSDT,TripleEMA-MTF,W11,"EMA(13/21/89) ATR×1.5",18,16.67,-6.40,0.41,-1.57,8.73,7.99
APTUSDT,TripleEMA-MTF,W12,"EMA(13/21/55) ATR×3.0",15,20.00,-4.46,0.75,-0.37,8.75,16.04
APTUSDT,TripleEMA-MTF,W13,"EMA(5/21/55) ATR×2.0",25,28.00,-6.95,0.61,-0.88,13.58,14.55
APTUSDT,Supertrend-MTF,W01,"ST(14,2.5) ATR×2.5",9,22.22,-9.96,0.26,-1.72,11.95,7.44
APTUSDT,Supertrend-MTF,W02,"ST(14,2.5) ATR×2.5",17,41.18,-3.01,0.79,-0.35,9.80,20.66
APTUSDT,Supertrend-MTF,W03,"ST(14,3.0) ATR×1.5",15,33.33,-2.57,0.73,-0.52,4.07,17.92
APTUSDT,Supertrend-MTF,W04,"ST(14,3.0) ATR×2.5",12,33.33,-3.89,0.64,-0.71,7.90,16.48
APTUSDT,Supertrend-MTF,W05,"ST(14,3.0) ATR×2.5",7,28.57,4.51,1.84,0.61,4.34,35.94
APTUSDT,Supertrend-MTF,W06,"ST(14,2.0) ATR×1.5",18,38.89,10.03,2.24,1.00,3.43,41.51
APTUSDT,Supertrend-MTF,W07,"ST(7,2.0) ATR×2.5",20,25.00,-15.76,0.17,-3.30,15.76,6.20
APTUSDT,Supertrend-MTF,W08,"ST(14,2.0) ATR×1.5",19,15.79,-9.72,0.18,-2.94,9.72,4.39
APTUSDT,Supertrend-MTF,W09,"ST(10,2.0) ATR×1.5",23,21.74,-9.88,0.36,-2.19,10.34,6.84
APTUSDT,Supertrend-MTF,W10,"ST(14,2.5) ATR×2.0",12,8.33,-7.40,0.12,-3.76,7.40,2.51
APTUSDT,Supertrend-MTF,W11,"ST(7,2.5) ATR×2.0",14,28.57,-6.40,0.33,-1.69,7.11,9.35
APTUSDT,Supertrend-MTF,W12,"ST(14,2.0) ATR×1.5",11,27.27,-2.74,0.72,-0.46,3.63,16.93
APTUSDT,Supertrend-MTF,W13,"ST(14,2.0) ATR×2.5",19,31.58,12.31,1.69,0.69,16.61,35.83
APTUSDT,Donchian-MTF,W01,"Don(10) ATR×3.0",29,20.69,-21.06,0.40,-2.02,23.99,6.91
APTUSDT,Donchian-MTF,W02,"Don(10) ATR×3.0",31,35.48,-0.51,0.98,-0.04,9.03,22.08
APTUSDT,Donchian-MTF,W03,"Don(20) ATR×2.5",27,22.22,-14.59,0.43,-1.77,16.40,8.40
APTUSDT,Donchian-MTF,W04,"Don(20) ATR×3.0",21,42.86,8.68,1.47,0.60,7.19,33.82
APTUSDT,Donchian-MTF,W05,"Don(20) ATR×3.0",19,31.58,4.61,1.29,0.44,7.86,27.96
APTUSDT,Donchian-MTF,W06,"Don(20) ATR×3.0",23,30.43,7.08,1.31,0.43,9.54,28.48
APTUSDT,Donchian-MTF,W07,"Don(20) ATR×3.0",23,30.43,-7.79,0.63,-0.87,10.35,15.22
APTUSDT,Donchian-MTF,W08,"Don(20) ATR×3.0",19,21.05,-10.72,0.46,-1.27,17.62,10.46
APTUSDT,Donchian-MTF,W09,"Don(55) ATR×2.0",20,50.00,3.39,1.46,0.66,4.86,33.03
APTUSDT,Donchian-MTF,W10,"Don(55) ATR×2.0",26,19.23,-12.93,0.09,-5.27,13.08,4.48
APTUSDT,Donchian-MTF,W11,"Don(55) ATR×2.0",28,35.71,-2.40,0.87,-0.31,6.69,20.29
APTUSDT,Donchian-MTF,W12,"Don(20) ATR×3.0",11,72.73,31.51,8.64,1.72,2.57,85.06
APTUSDT,Donchian-MTF,W13,"Don(20) ATR×3.0",19,26.32,-3.20,0.89,-0.17,20.19,19.10
APTUSDT,HullMA-Cross,W01,"Hull(16/34) ATR×2.5",67,23.88,-33.74,0.49,-1.95,39.68,8.44
APTUSDT,HullMA-Cross,W02,"Hull(16/34) ATR×2.5",66,30.30,-19.62,0.57,-1.64,20.86,11.56
APTUSDT,HullMA-Cross,W03,"Hull(21/34) ATR×1.5",59,32.20,-19.39,0.42,-2.87,24.10,9.40
APTUSDT,HullMA-Cross,W04,"Hull(21/34) ATR×2.5",60,36.67,-18.99,0.52,-2.02,21.63,11.00
APTUSDT,HullMA-Cross,W05,"Hull(21/34) ATR×2.5",57,36.84,-5.35,0.83,-0.49,10.90,19.48
APTUSDT,HullMA-Cross,W06,"Hull(16/55) ATR×2.5",43,32.56,4.69,1.13,0.25,14.03,24.92
APTUSDT,HullMA-Cross,W07,"Hull(21/55) ATR×2.5",47,27.66,-21.57,0.44,-2.46,30.76,8.63
APTUSDT,HullMA-Cross,W08,"Hull(21/55) ATR×2.5",46,28.26,-17.62,0.41,-2.39,18.87,8.50
APTUSDT,HullMA-Cross,W09,"Hull(21/55) ATR×2.5",47,29.79,-10.78,0.64,-1.22,18.42,13.69
APTUSDT,HullMA-Cross,W10,"Hull(21/55) ATR×2.0",41,19.51,-16.85,0.26,-3.89,16.85,5.74
APTUSDT,HullMA-Cross,W11,"Hull(21/55) ATR×2.0",48,25.00,-19.91,0.33,-3.46,20.78,7.33
APTUSDT,HullMA-Cross,W12,"Hull(21/34) ATR×2.5",50,32.00,3.11,1.09,0.17,18.41,23.67
APTUSDT,HullMA-Cross,W13,"Hull(21/34) ATR×2.0",64,20.31,-39.65,0.37,-3.10,39.65,6.65
APTUSDT,Vortex-Cross,W01,"Vortex(28) ATR×1.5",60,18.33,-28.08,0.34,-2.96,30.43,6.03
APTUSDT,Vortex-Cross,W02,"Vortex(14) ATR×2.5",82,23.17,-19.97,0.61,-1.40,21.59,11.40
APTUSDT,Vortex-Cross,W03,"Vortex(28) ATR×1.5",72,25.00,-22.30,0.36,-3.39,24.56,7.52
APTUSDT,Vortex-Cross,W04,"Vortex(28) ATR×1.5",61,32.79,-7.06,0.74,-0.76,12.81,16.92
APTUSDT,Vortex-Cross,W05,"Vortex(28) ATR×1.5",63,12.70,-21.13,0.35,-2.77,22.80,4.97
APTUSDT,Vortex-Cross,W06,"Vortex(14) ATR×2.5",74,20.27,-28.12,0.45,-2.42,31.07,7.20
APTUSDT,Vortex-Cross,W07,"Vortex(28) ATR×2.5",63,23.81,-17.28,0.47,-1.93,22.00,8.31
APTUSDT,Vortex-Cross,W08,"Vortex(28) ATR×2.5",64,26.56,-31.71,0.26,-4.21,32.45,7.14
APTUSDT,Vortex-Cross,W09,"Vortex(28) ATR×2.5",68,20.59,-29.68,0.36,-3.46,31.72,6.67
APTUSDT,Vortex-Cross,W10,"Vortex(28) ATR×2.0",57,21.05,-12.32,0.50,-2.10,13.39,7.72
APTUSDT,Vortex-Cross,W11,"Vortex(28) ATR×2.0",70,25.71,-15.43,0.48,-2.38,18.15,8.51
APTUSDT,Vortex-Cross,W12,"Vortex(28) ATR×2.0",60,20.00,-14.03,0.56,-1.57,14.68,9.69
APTUSDT,Vortex-Cross,W13,"Vortex(14) ATR×2.5",103,22.33,-29.35,0.59,-1.79,29.35,9.48
APTUSDT,PSAR-Trail,W01,"PSAR(0.01/0.015/0.3) ATR×2.0",52,19.23,-31.90,0.45,-2.26,35.46,6.97
APTUSDT,PSAR-Trail,W02,"PSAR(0.01/0.015/0.3) ATR×2.0",52,30.77,-17.74,0.57,-1.51,19.79,12.19
APTUSDT,PSAR-Trail,W03,"PSAR(0.02/0.02/0.3) ATR×2.0",66,28.79,-21.88,0.46,-2.64,23.59,9.00
APTUSDT,PSAR-Trail,W04,"PSAR(0.02/0.02/0.2) ATR×2.0",79,26.58,-25.26,0.58,-2.02,25.26,9.38
APTUSDT,PSAR-Trail,W05,"PSAR(0.02/0.015/0.2) ATR×2.0",62,32.26,-8.26,0.82,-0.64,21.16,17.84
APTUSDT,PSAR-Trail,W06,"PSAR(0.02/0.015/0.2) ATR×1.5",63,30.16,-1.45,0.97,-0.08,10.98,20.81
APTUSDT,PSAR-Trail,W07,"PSAR(0.02/0.015/0.2) ATR×1.5",65,21.54,-21.96,0.52,-2.00,21.96,7.92
APTUSDT,PSAR-Trail,W08,"PSAR(0.02/0.015/0.2) ATR×1.5",71,25.35,-30.59,0.42,-2.88,32.90,7.99
APTUSDT,PSAR-Trail,W09,"PSAR(0.01/0.02/0.3) ATR×2.5",64,32.81,-14.36,0.65,-1.39,16.24,13.65
APTUSDT,PSAR-Trail,W10,"PSAR(0.01/0.02/0.3) ATR×2.5",61,22.95,-21.33,0.24,-5.07,21.95,6.26
APTUSDT,PSAR-Trail,W11,"PSAR(0.01/0.02/0.3) ATR×2.5",67,23.88,-19.64,0.59,-1.82,22.67,9.65
APTUSDT,PSAR-Trail,W12,"PSAR(0.01/0.02/0.3) ATR×2.5",60,33.33,8.06,1.15,0.27,27.35,25.53
APTUSDT,PSAR-Trail,W13,"PSAR(0.01/0.015/0.3) ATR×2.5",58,27.59,-14.81,0.75,-0.76,19.52,15.96
BCHUSDT,TripleEMA-MTF,W01,"EMA(5/21/55) ATR×3.0",16,18.75,-7.59,0.31,-2.15,9.12,5.93
BCHUSDT,TripleEMA-MTF,W02,"EMA(5/21/55) ATR×3.0",33,15.15,-7.11,0.66,-0.82,12.89,12.55
BCHUSDT,TripleEMA-MTF,W03,"EMA(5/34/89) ATR×1.5",18,22.22,-4.37,0.58,-0.95,6.34,12.87
BCHUSDT,TripleEMA-MTF,W04,"EMA(13/21/55) ATR×2.0",14,14.29,-7.47,0.29,-2.26,8.45,4.86
BCHUSDT,TripleEMA-MTF,W05,"EMA(13/21/89) ATR×1.5",11,36.36,-0.99,0.77,-0.30,4.21,19.73
BCHUSDT,TripleEMA-MTF,W06,"EMA(13/21/89) ATR×2.0",14,21.43,-0.96,0.87,-0.19,3.85,17.94
BCHUSDT,TripleEMA-MTF,W07,"EMA(9/21/89) ATR×2.0",17,29.41,-4.34,0.41,-1.59,4.62,10.45
BCHUSDT,TripleEMA-MTF,W08,"EMA(9/21/89) ATR×2.0",20,25.00,-3.92,0.64,-0.74,6.05,14.72
BCHUSDT,TripleEMA-MTF,W09,"EMA(13/21/89) ATR×2.0",18,27.78,-2.92,0.65,-0.65,3.68,15.72
BCHUSDT,TripleEMA-MTF,W10,"EMA(13/21/89) ATR×2.0",8,0.00,-3.55,0.00,-3.22,3.55,0.00
BCHUSDT,TripleEMA-MTF,W11,"EMA(9/34/89) ATR×1.5",12,16.67,-4.46,0.17,-2.89,4.48,4.54
BCHUSDT,TripleEMA-MTF,W12,"EMA(9/21/89) ATR×1.5",12,25.00,4.52,1.97,0.55,2.02,33.19
BCHUSDT,TripleEMA-MTF,W13,"EMA(13/34/89) ATR×3.0",16,18.75,-9.30,0.32,-2.08,9.99,5.99
BCHUSDT,Supertrend-MTF,W01,"ST(7,2.5) ATR×2.5",13,0.00,-26.03,0.00,-6.69,26.03,0.00
BCHUSDT,Supertrend-MTF,W02,"ST(7,2.0) ATR×2.5",27,14.81,-13.25,0.35,-1.82,14.74,6.20
BCHUSDT,Supertrend-MTF,W03,"ST(14,3.0) ATR×2.5",15,40.00,6.13,1.65,0.63,5.84,34.59
BCHUSDT,Supertrend-MTF,W04,"ST(14,3.0) ATR×1.5",8,25.00,-4.18,0.01,-3.41,4.21,5.07
BCHUSDT,Supertrend-MTF,W05,"ST(14,3.0) ATR×1.5",15,6.67,-8.69,0.04,-5.58,8.69,1.59
BCHUSDT,Supertrend-MTF,W06,"ST(7,3.0) ATR×2.0",12,33.33,-4.74,0.29,-2.01,6.28,8.72
BCHUSDT,Supertrend-MTF,W07,"ST(7,2.0) ATR×2.5",21,28.57,-10.13,0.28,-2.50,10.22,7.66
BCHUSDT,Supertrend-MTF,W08,"ST(7,2.0) ATR×2.5",19,36.84,0.31,1.03,0.05,4.30,23.29
BCHUSDT,Supertrend-MTF,W09,"ST(14,2.0) ATR×2.5",20,20.00,-10.65,0.29,-2.35,10.65,6.05
BCHUSDT,Supertrend-MTF,W10,"ST(7,2.0) ATR×2.0",15,20.00,-5.75,0.35,-1.80,6.16,7.25
BCHUSDT,Supertrend-MTF,W11,"ST(10,3.0) ATR×1.5",16,18.75,-0.59,0.90,-0.13,4.16,17.80
BCHUSDT,Supertrend-MTF,W12,"ST(10,3.0) ATR×1.5",3,33.33,-1.03,0.29,-1.05,1.03,0.00
BCHUSDT,Supertrend-MTF,W13,"ST(7,2.0) ATR×2.0",25,24.00,-14.77,0.31,-2.50,14.77,7.00
BCHUSDT,Donchian-MTF,W01,"Don(10) ATR×3.0",29,24.14,-14.03,0.65,-0.91,25.51,13.88
BCHUSDT,Donchian-MTF,W02,"Don(55) ATR×3.0",17,23.53,-10.49,0.41,-1.55,11.98,9.46
BCHUSDT,Donchian-MTF,W03,"Don(55) ATR×3.0",18,27.78,-10.04,0.56,-0.99,18.41,13.64
BCHUSDT,Donchian-MTF,W04,"Don(55) ATR×3.0",17,11.76,-20.22,0.06,-5.74,20.22,2.79
BCHUSDT,Donchian-MTF,W05,"Don(20) ATR×1.5",39,12.82,-18.81,0.24,-3.85,19.82,4.27
BCHUSDT,Donchian-MTF,W06,"Don(20) ATR×3.0",19,42.11,-6.25,0.61,-0.80,8.02,17.67
BCHUSDT,Donchian-MTF,W07,"Don(10) ATR×3.0",31,12.90,-20.45,0.17,-4.13,21.08,3.74
BCHUSDT,Donchian-MTF,W08,"Don(55) ATR×1.5",24,20.83,-10.12,0.41,-1.83,10.61,7.73
BCHUSDT,Donchian-MTF,W09,"Don(20) ATR×3.0",25,20.00,-14.46,0.33,-2.49,14.46,6.33
BCHUSDT,Donchian-MTF,W10,"Don(55) ATR×3.0",15,26.67,-5.64,0.47,-1.22,7.01,11.92
BCHUSDT,Donchian-MTF,W11,"Don(55) ATR×3.0",17,29.41,-0.30,0.97,-0.06,6.16,20.75
BCHUSDT,Donchian-MTF,W12,"Don(55) ATR×3.0",18,44.44,11.39,1.88,0.92,6.13,40.54
BCHUSDT,Donchian-MTF,W13,"Don(55) ATR×3.0",19,15.79,-16.84,0.16,-3.38,18.82,4.27
BCHUSDT,HullMA-Cross,W01,"Hull(21/55) ATR×2.5",40,30.00,-10.90,0.60,-1.16,15.40,13.67
BCHUSDT,HullMA-Cross,W02,"Hull(21/34) ATR×2.0",53,39.62,5.50,1.20,0.35,14.79,27.17
BCHUSDT,HullMA-Cross,W03,"Hull(21/34) ATR×2.0",57,28.07,-16.82,0.53,-1.96,22.82,9.45
BCHUSDT,HullMA-Cross,W04,"Hull(21/34) ATR×2.0",64,20.31,-28.95,0.34,-3.38,31.25,6.45
BCHUSDT,HullMA-Cross,W05,"Hull(21/34) ATR×1.5",54,29.63,-4.18,0.83,-0.52,12.05,17.90
BCHUSDT,HullMA-Cross,W06,"Hull(21/34) ATR×2.5",65,26.15,-19.84,0.53,-2.02,23.83,8.98
BCHUSDT,HullMA-Cross,W07,"Hull(9/34) ATR×1.5",69,28.99,-14.98,0.54,-2.07,17.85,9.57
BCHUSDT,HullMA-Cross,W08,"Hull(21/34) ATR×2.0",60,23.33,-13.26,0.60,-1.49,15.93,10.97
BCHUSDT,HullMA-Cross,W09,"Hull(21/34) ATR×2.5",57,17.54,-19.98,0.42,-2.72,21.72,6.46
BCHUSDT,HullMA-Cross,W10,"Hull(21/55) ATR×1.5",41,12.20,-15.12,0.21,-4.92,15.12,3.89
BCHUSDT,HullMA-Cross,W11,"Hull(16/55) ATR×2.5",48,29.17,-13.32,0.39,-2.82,13.32,8.58
BCHUSDT,HullMA-Cross,W12,"Hull(16/55) ATR×2.5",47,23.40,-2.89,0.90,-0.23,10.55,18.32
BCHUSDT,HullMA-Cross,W13,"Hull(16/55) ATR×2.5",46,21.74,-18.52,0.46,-1.85,23.90,8.20
BCHUSDT,Vortex-Cross,W01,"Vortex(28) ATR×2.5",54,25.93,-14.95,0.58,-1.49,22.87,11.35
BCHUSDT,Vortex-Cross,W02,"Vortex(28) ATR×2.5",63,20.63,-23.19,0.35,-2.73,23.46,6.61
BCHUSDT,Vortex-Cross,W03,"Vortex(14) ATR×2.0",91,13.19,-26.63,0.48,-1.89,35.38,6.48
BCHUSDT,Vortex-Cross,W04,"Vortex(14) ATR×2.0",93,17.20,-43.67,0.19,-6.46,43.67,4.79
BCHUSDT,Vortex-Cross,W05,"Vortex(28) ATR×2.5",58,20.69,-17.26,0.46,-2.39,19.72,7.36
BCHUSDT,Vortex-Cross,W06,"Vortex(28) ATR×2.5",68,22.06,-12.80,0.62,-1.28,14.07,11.75
BCHUSDT,Vortex-Cross,W07,"Vortex(28) ATR×2.5",57,15.79,-18.18,0.31,-3.54,20.12,5.31
BCHUSDT,Vortex-Cross,W08,"Vortex(28) ATR×2.0",69,20.29,-18.71,0.47,-1.90,19.10,7.74
BCHUSDT,Vortex-Cross,W09,"Vortex(14) ATR×2.0",90,15.56,-28.63,0.33,-3.78,28.63,5.45
BCHUSDT,Vortex-Cross,W10,"Vortex(14) ATR×2.5",96,7.29,-39.09,0.13,-8.82,39.09,2.34
BCHUSDT,Vortex-Cross,W11,"Vortex(21) ATR×2.0",60,18.33,-13.72,0.38,-2.52,14.45,6.35
BCHUSDT,Vortex-Cross,W12,"Vortex(28) ATR×1.5",68,13.24,-17.71,0.39,-1.97,17.71,5.48
BCHUSDT,Vortex-Cross,W13,"Vortex(21) ATR×2.0",76,21.05,-15.61,0.55,-1.71,16.88,9.30
BCHUSDT,PSAR-Trail,W01,"PSAR(0.01/0.02/0.2) ATR×1.5",54,24.07,-14.61,0.65,-1.11,27.65,13.10
BCHUSDT,PSAR-Trail,W02,"PSAR(0.01/0.02/0.2) ATR×1.5",55,25.45,-20.46,0.47,-2.07,20.46,8.35
BCHUSDT,PSAR-Trail,W03,"PSAR(0.01/0.02/0.2) ATR×2.5",53,22.64,-19.52,0.54,-1.40,33.22,10.79
BCHUSDT,PSAR-Trail,W04,"PSAR(0.02/0.02/0.3) ATR×2.5",64,21.88,-32.52,0.31,-4.15,33.53,6.52
BCHUSDT,PSAR-Trail,W05,"PSAR(0.01/0.02/0.3) ATR×1.5",62,19.35,-23.08,0.39,-3.16,31.71,6.63
BCHUSDT,PSAR-Trail,W06,"PSAR(0.01/0.015/0.2) ATR×2.5",50,20.00,-28.65,0.32,-3.55,29.29,6.27
BCHUSDT,PSAR-Trail,W07,"PSAR(0.02/0.02/0.3) ATR×2.5",54,25.93,-16.52,0.49,-2.21,20.56,8.59
BCHUSDT,PSAR-Trail,W08,"PSAR(0.02/0.02/0.3) ATR×2.5",76,28.95,-25.36,0.51,-2.32,30.49,9.35
BCHUSDT,PSAR-Trail,W09,"PSAR(0.02/0.02/0.2) ATR×1.5",71,15.49,-31.99,0.20,-5.84,31.99,4.50
BCHUSDT,PSAR-Trail,W10,"PSAR(0.01/0.02/0.3) ATR×2.5",58,15.52,-32.91,0.11,-7.89,32.91,3.88
BCHUSDT,PSAR-Trail,W11,"PSAR(0.01/0.02/0.3) ATR×2.5",61,34.43,-12.59,0.47,-2.47,16.56,10.14
BCHUSDT,PSAR-Trail,W12,"PSAR(0.01/0.02/0.3) ATR×2.5",56,26.79,-10.38,0.72,-0.71,16.89,15.77
BCHUSDT,PSAR-Trail,W13,"PSAR(0.01/0.015/0.2) ATR×2.5",50,22.00,-29.92,0.30,-3.50,30.77,6.51
BNBUSDT,TripleEMA-MTF,W01,"EMA(5/34/55) ATR×3.0",23,13.04,-8.63,0.54,-1.01,14.18,10.49
BNBUSDT,TripleEMA-MTF,W02,"EMA(5/34/55) ATR×3.0",15,46.67,5.98,2.32,0.99,3.16,42.02
BNBUSDT,TripleEMA-MTF,W03,"EMA(13/21/89) ATR×3.0",8,12.50,-4.73,0.05,-4.51,4.73,2.82
BNBUSDT,TripleEMA-MTF,W04,"EMA(13/21/55) ATR×3.0",9,22.22,-0.05,0.99,-0.01,3.64,19.65
BNBUSDT,TripleEMA-MTF,W05,"EMA(5/34/89) ATR×3.0",21,4.76,-9.85,0.04,-7.81,9.85,1.27
BNBUSDT,TripleEMA-MTF,W06,"EMA(13/21/89) ATR×2.0",16,12.50,-5.96,0.09,-4.46,5.96,3.16
BNBUSDT,TripleEMA-MTF,W07,"EMA(13/21/89) ATR×2.5",22,18.18,-4.86,0.53,-1.16,6.22,10.87
BNBUSDT,TripleEMA-MTF,W08,"EMA(5/34/89) ATR×2.5",19,21.05,-1.30,0.86,-0.19,4.24,17.78
BNBUSDT,TripleEMA-MTF,W09,"EMA(9/34/55) ATR×2.5",15,20.00,-3.43,0.64,-0.62,4.66,14.23
BNBUSDT,TripleEMA-MTF,W10,"EMA(9/34/89) ATR×2.5",17,29.41,-1.36,0.75,-0.45,1.97,17.60
BNBUSDT,TripleEMA-MTF,W11,"EMA(9/21/55) ATR×2.5",21,28.57,-4.63,0.54,-1.10,6.24,13.23
BNBUSDT,TripleEMA-MTF,W12,"EMA(13/34/89) ATR×2.5",10,10.00,-6.69,0.08,-3.42,6.69,2.53
BNBUSDT,TripleEMA-MTF,W13,"EMA(13/21/55) ATR×2.5",12,25.00,-0.53,0.95,-0.07,8.17,19.69
BNBUSDT,Supertrend-MTF,W01,"ST(14,2.0) ATR×2.0",22,18.18,-15.22,0.05,-5.01,15.22,4.01
BNBUSDT,Supertrend-MTF,W02,"ST(14,2.0) ATR×2.0",20,20.00,-9.73,0.24,-2.89,10.32,5.68
BNBUSDT,Supertrend-MTF,W03,"ST(7,2.5) ATR×2.0",9,22.22,-2.82,0.35,-1.48,4.36,9.09
BNBUSDT,Supertrend-MTF,W04,"ST(14,3.0) ATR×2.5",6,16.67,0.50,1.17,0.13,2.03,21.25
BNBUSDT,Supertrend-MTF,W05,"ST(10,3.0) ATR×2.0",11,36.36,-2.17,0.29,-1.74,2.74,10.34
BNBUSDT,Supertrend-MTF,W06,"ST(7,3.0) ATR×2.0",19,10.53,-8.13,0.06,-6.36,8.13,2.55
BNBUSDT,Supertrend-MTF,W07,"ST(7,3.0) ATR×2.5",21,19.05,-4.36,0.53,-1.11,6.94,11.26
BNBUSDT,Supertrend-MTF,W08,"ST(10,2.5) ATR×2.5",17,23.53,-9.67,0.22,-3.08,9.67,6.26
BNBUSDT,Supertrend-MTF,W09,"ST(7,3.0) ATR×2.5",8,25.00,-4.48,0.20,-2.27,4.48,6.38
BNBUSDT,Supertrend-MTF,W10,"ST(14,3.0) ATR×2.5",11,27.27,-2.55,0.40,-1.36,3.31,10.95
BNBUSDT,Supertrend-MTF,W11,"ST(7,3.0) ATR×2.5",10,80.00,12.69,31.02,2.85,0.39,83.89
BNBUSDT,Supertrend-MTF,W12,"ST(7,3.0) ATR×2.5",11,9.09,-8.81,0.07,-4.62,8.81,2.30
BNBUSDT,Supertrend-MTF,W13,"ST(7,2.5) ATR×2.5",14,35.71,-1.60,0.89,-0.18,7.27,20.96
BNBUSDT,Donchian-MTF,W01,"Don(20) ATR×2.5",30,16.67,-14.82,0.49,-1.60,14.82,8.43
BNBUSDT,Donchian-MTF,W02,"Don(55) ATR×3.0",19,21.05,-5.99,0.50,-1.06,9.55,11.62
BNBUSDT,Donchian-MTF,W03,"Don(55) ATR×3.0",20,20.00,-5.12,0.37,-2.06,5.97,6.58
BNBUSDT,Donchian-MTF,W04,"Don(20) ATR×3.0",26,19.23,-6.99,0.48,-1.33,6.99,10.02
BNBUSDT,Donchian-MTF,W05,"Don(20) ATR×3.0",21,23.81,-1.31,0.86,-0.25,4.40,18.09
BNBUSDT,Donchian-MTF,W06,"Don(20) ATR×3.0",27,11.11,-12.62,0.14,-4.97,12.62,3.17
BNBUSDT,Donchian-MTF,W07,"Don(55) ATR×2.5",27,14.81,-9.34,0.31,-2.45,9.42,5.11
BNBUSDT,Donchian-MTF,W08,"Don(55) ATR×2.5",24,33.33,-8.48,0.51,-1.29,9.33,13.20
BNBUSDT,Donchian-MTF,W09,"Don(55) ATR×3.0",17,23.53,-5.70,0.57,-1.03,5.70,12.74
BNBUSDT,Donchian-MTF,W10,"Don(55) ATR×3.0",15,33.33,-1.72,0.76,-0.48,3.58,18.29
BNBUSDT,Donchian-MTF,W11,"Don(55) ATR×3.0",21,38.10,6.80,1.62,0.90,4.04,34.30
BNBUSDT,Donchian-MTF,W12,"Don(55) ATR×3.0",14,28.57,-2.84,0.79,-0.33,6.35,18.17
BNBUSDT,Donchian-MTF,W13,"Don(55) ATR×3.0",17,23.53,-6.17,0.58,-0.82,10.77,13.68
BNBUSDT,HullMA-Cross,W01,"Hull(21/55) ATR×1.5",46,21.74,-18.91,0.26,-3.87,18.91,6.17
BNBUSDT,HullMA-Cross,W02,"Hull(21/55) ATR×1.5",46,17.39,-9.38,0.52,-1.51,13.43,9.21
BNBUSDT,HullMA-Cross,W03,"Hull(9/34) ATR×2.5",81,19.75,-28.47,0.15,-8.11,28.47,5.03
BNBUSDT,HullMA-Cross,W04,"Hull(9/34) ATR×2.5",89,20.22,-25.60,0.32,-3.86,25.60,6.26
BNBUSDT,HullMA-Cross,W05,"Hull(9/34) ATR×2.5",78,25.64,-13.15,0.48,-2.31,15.42,8.52
BNBUSDT,HullMA-Cross,W06,"Hull(16/34) ATR×2.5",66,15.15,-23.38,0.16,-6.46,23.38,4.18
BNBUSDT,HullMA-Cross,W07,"Hull(21/55) ATR×2.5",41,29.27,-8.89,0.45,-1.87,10.43,9.54
BNBUSDT,HullMA-Cross,W08,"Hull(21/55) ATR×2.5",50,28.00,-12.90,0.51,-1.88,12.90,9.66
BNBUSDT,HullMA-Cross,W09,"Hull(21/55) ATR×2.5",42,28.57,-5.09,0.77,-0.62,6.48,16.85
BNBUSDT,HullMA-Cross,W10,"Hull(21/55) ATR×2.5",40,27.50,-6.89,0.49,-1.88,8.72,9.43
BNBUSDT,HullMA-Cross,W11,"Hull(21/55) ATR×2.5",46,36.96,-5.31,0.80,-0.64,8.32,18.65
BNBUSDT,HullMA-Cross,W12,"Hull(21/55) ATR×2.5",42,26.19,-16.64,0.64,-0.89,21.14,14.38
BNBUSDT,HullMA-Cross,W13,"Hull(16/55) ATR×2.0",59,15.25,-30.88,0.26,-4.41,30.88,4.89
BNBUSDT,Vortex-Cross,W01,"Vortex(21) ATR×2.0",76,15.79,-30.48,0.18,-5.83,30.48,4.44
BNBUSDT,Vortex-Cross,W02,"Vortex(21) ATR×2.0",63,15.87,-20.79,0.26,-4.48,20.79,4.99
BNBUSDT,Vortex-Cross,W03,"Vortex(14) ATR×1.5",79,12.66,-27.97,0.07,-11.55,27.97,3.03
BNBUSDT,Vortex-Cross,W04,"Vortex(28) ATR×2.5",54,20.37,-10.04,0.49,-1.84,10.04,8.21
BNBUSDT,Vortex-Cross,W05,"Vortex(28) ATR×2.5",42,23.81,-3.61,0.74,-0.66,5.91,15.51
BNBUSDT,Vortex-Cross,W06,"Vortex(28) ATR×2.5",70,14.29,-15.73,0.36,-3.18,16.08,5.37
BNBUSDT,Vortex-Cross,W07,"Vortex(28) ATR×2.5",63,11.11,-18.52,0.24,-4.16,18.52,3.93
BNBUSDT,Vortex-Cross,W08,"Vortex(28) ATR×2.5",60,18.33,-12.98,0.50,-1.68,13.97,8.48
BNBUSDT,Vortex-Cross,W09,"Vortex(28) ATR×2.0",53,20.75,-16.52,0.31,-3.48,17.09,6.29
BNBUSDT,Vortex-Cross,W10,"Vortex(28) ATR×2.0",60,16.67,-14.48,0.28,-3.99,15.73,5.33
BNBUSDT,Vortex-Cross,W11,"Vortex(21) ATR×2.5",71,22.54,-4.35,0.82,-0.56,8.05,16.26
BNBUSDT,Vortex-Cross,W12,"Vortex(21) ATR×2.5",66,27.27,-6.41,0.83,-0.41,12.58,17.93
BNBUSDT,Vortex-Cross,W13,"Vortex(28) ATR×2.5",58,13.79,-16.22,0.46,-1.84,18.36,6.69
BNBUSDT,PSAR-Trail,W01,"PSAR(0.01/0.02/0.2) ATR×2.5",59,35.59,-8.11,0.76,-0.82,13.41,17.32
BNBUSDT,PSAR-Trail,W02,"PSAR(0.01/0.015/0.3) ATR×2.0",48,22.92,-11.71,0.52,-1.80,16.20,9.09
BNBUSDT,PSAR-Trail,W03,"PSAR(0.01/0.02/0.2) ATR×2.0",67,19.40,-26.72,0.10,-8.90,26.96,4.59
BNBUSDT,PSAR-Trail,W04,"PSAR(0.01/0.02/0.2) ATR×2.5",58,20.69,-20.77,0.34,-3.05,20.84,6.49
BNBUSDT,PSAR-Trail,W05,"PSAR(0.01/0.02/0.2) ATR×2.5",59,30.51,-7.66,0.61,-1.59,10.57,12.07
BNBUSDT,PSAR-Trail,W06,"PSAR(0.01/0.015/0.3) ATR×2.0",60,15.00,-18.54,0.29,-3.76,18.54,5.05
BNBUSDT,PSAR-Trail,W07,"PSAR(0.01/0.015/0.2) ATR×2.0",55,20.00,-17.56,0.31,-3.46,17.56,6.18
BNBUSDT,PSAR-Trail,W08,"PSAR(0.01/0.015/0.2) ATR×2.0",57,22.81,-18.44,0.49,-2.05,19.60,7.99
BNBUSDT,PSAR-Trail,W09,"PSAR(0.01/0.015/0.2) ATR×2.0",52,15.38,-26.18,0.22,-4.96,27.76,4.59
BNBUSDT,PSAR-Trail,W10,"PSAR(0.01/0.015/0.2) ATR×2.5",52,19.23,-15.32,0.32,-3.39,15.32,6.08
BNBUSDT,PSAR-Trail,W11,"PSAR(0.01/0.015/0.2) ATR×2.5",57,36.84,4.04,1.14,0.36,10.43,25.92
BNBUSDT,PSAR-Trail,W12,"PSAR(0.01/0.015/0.2) ATR×2.5",47,34.04,-3.84,0.87,-0.33,11.96,19.83
BNBUSDT,PSAR-Trail,W13,"PSAR(0.01/0.015/0.2) ATR×2.5",52,23.08,-26.59,0.40,-2.69,26.59,7.44
BTCUSDT,TripleEMA-MTF,W01,"EMA(13/21/55) ATR×3.0",12,25.00,-2.16,0.75,-0.38,3.74,17.02
BTCUSDT,TripleEMA-MTF,W02,"EMA(13/21/89) ATR×3.0",7,28.57,-3.46,0.24,-1.47,3.46,9.63
BTCUSDT,TripleEMA-MTF,W03,"EMA(13/21/89) ATR×2.5",22,13.64,-4.26,0.63,-0.60,5.47,12.97
BTCUSDT,TripleEMA-MTF,W04,"EMA(13/34/89) ATR×3.0",14,14.29,-5.75,0.24,-2.21,6.46,4.55
BTCUSDT,TripleEMA-MTF,W05,"EMA(13/34/89) ATR×2.5",7,42.86,2.25,2.04,0.76,2.16,37.57
BTCUSDT,TripleEMA-MTF,W06,"EMA(13/34/55) ATR×2.5",20,10.00,-9.22,0.07,-5.61,9.48,2.49
BTCUSDT,TripleEMA-MTF,W07,"EMA(13/34/89) ATR×2.0",11,36.36,0.99,1.34,0.36,1.30,27.36
BTCUSDT,TripleEMA-MTF,W08,"EMA(13/34/89) ATR×3.0",9,22.22,-4.22,0.04,-3.90,4.22,4.74
BTCUSDT,TripleEMA-MTF,W09,"EMA(13/34/89) ATR×3.0",10,40.00,0.21,1.07,0.08,2.84,24.36
BTCUSDT,TripleEMA-MTF,W10,"EMA(13/34/55) ATR×3.0",14,14.29,-4.42,0.13,-3.55,4.42,3.76
BTCUSDT,TripleEMA-MTF,W11,"EMA(13/21/89) ATR×2.0",17,17.65,-5.16,0.16,-3.45,6.15,4.68
BTCUSDT,TripleEMA-MTF,W12,"EMA(13/21/55) ATR×2.5",19,26.32,-5.82,0.41,-1.65,6.31,9.56
BTCUSDT,TripleEMA-MTF,W13,"EMA(13/21/55) ATR×3.0",15,33.33,1.39,1.21,0.26,2.93,25.47
BTCUSDT,Supertrend-MTF,W01,"ST(14,2.5) ATR×2.5",5,20.00,-3.02,0.41,-0.96,4.28,11.23
BTCUSDT,Supertrend-MTF,W02,"ST(14,3.0) ATR×2.5",6,0.00,-3.59,0.00,-2.50,3.59,0.00
BTCUSDT,Supertrend-MTF,W03,"ST(14,3.0) ATR×2.5",14,7.14,-1.92,0.74,-0.32,5.09,13.64
BTCUSDT,Supertrend-MTF,W04,"ST(7,2.5) ATR×2.5",21,19.05,-6.30,0.41,-1.66,8.14,8.08
BTCUSDT,Supertrend-MTF,W05,"ST(7,2.5) ATR×2.0",9,44.44,2.26,1.89,0.88,2.52,36.65
BTCUSDT,Supertrend-MTF,W06,"ST(7,3.0) ATR×2.5",20,10.00,-12.13,0.03,-6.51,12.34,2.24
BTCUSDT,Supertrend-MTF,W07,"ST(14,3.0) ATR×2.5",13,38.46,3.46,1.62,0.56,2.89,32.34
BTCUSDT,Supertrend-MTF,W08,"ST(14,3.0) ATR×2.5",11,9.09,-6.63,0.01,-5.23,6.70,1.88
BTCUSDT,Supertrend-MTF,W09,"ST(14,3.0) ATR×2.5",13,23.08,-3.29,0.36,-1.69,3.71,8.43
BTCUSDT,Supertrend-MTF,W10,"ST(7,3.0) ATR×2.5",14,35.71,-1.84,0.54,-0.98,3.03,15.19
BTCUSDT,Supertrend-MTF,W11,"ST(7,3.0) ATR×2.0",15,13.33,-4.90,0.16,-3.27,5.02,3.81
BTCUSDT,Supertrend-MTF,W12,"ST(14,2.5) ATR×2.5",16,37.50,1.71,1.24,0.24,3.00,26.56
BTCUSDT,Supertrend-MTF,W13,"ST(14,2.5) ATR×2.5",11,36.36,-2.93,0.63,-0.67,5.32,17.20
BTCUSDT,Donchian-MTF,W01,"Don(55) ATR×3.0",16,31.25,-9.90,0.34,-1.55,10.08,10.51
BTCUSDT,Donchian-MTF,W02,"Don(55) ATR×3.0",18,33.33,-0.49,0.94,-0.09,5.95,21.19
BTCUSDT,Donchian-MTF,W03,"Don(55) ATR×3.0",18,22.22,-5.92,0.55,-0.97,5.92,12.56
BTCUSDT,Donchian-MTF,W04,"Don(20) ATR×3.0",31,12.90,-15.34,0.25,-3.73,16.10,4.34
BTCUSDT,Donchian-MTF,W05,"Don(55) ATR×3.0",16,25.00,-7.48,0.15,-3.52,7.81,6.03
BTCUSDT,Donchian-MTF,W06,"Don(55) ATR×2.5",21,23.81,-9.64,0.17,-3.74,9.64,5.96
BTCUSDT,Donchian-MTF,W07,"Don(55) ATR×3.0",21,23.81,-3.83,0.60,-0.75,5.22,14.17
BTCUSDT,Donchian-MTF,W08,"Don(55) ATR×3.0",22,9.09,-10.55,0.16,-4.24,10.55,2.92
BTCUSDT,Donchian-MTF,W09,"Don(55) ATR×3.0",20,25.00,-7.93,0.29,-2.45,7.93,7.06
BTCUSDT,Donchian-MTF,W10,"Don(20) ATR×3.0",24,29.17,-8.05,0.21,-3.44,9.38,7.27
BTCUSDT,Donchian-MTF,W11,"Don(20) ATR×3.0",24,33.33,1.08,1.12,0.23,3.04,24.26
BTCUSDT,Donchian-MTF,W12,"Don(20) ATR×3.0",25,28.00,-4.32,0.71,-0.68,7.74,16.04
BTCUSDT,Donchian-MTF,W13,"Don(55) ATR×3.0",22,22.73,-13.44,0.27,-2.58,13.44,6.43
BTCUSDT,HullMA-Cross,W01,"Hull(16/34) ATR×2.5",66,24.24,-19.08,0.43,-2.75,19.10,7.87
BTCUSDT,HullMA-Cross,W02,"Hull(21/34) ATR×1.5",57,21.05,-13.62,0.44,-2.51,13.62,7.26
BTCUSDT,HullMA-Cross,W03,"Hull(21/55) ATR×2.0",48,12.50,-17.14,0.21,-4.63,17.14,4.00
BTCUSDT,HullMA-Cross,W04,"Hull(21/55) ATR×2.0",45,13.33,-16.28,0.09,-6.86,16.50,3.33
BTCUSDT,HullMA-Cross,W05,"Hull(16/34) ATR×2.5",62,24.19,-13.42,0.33,-3.65,14.95,7.15
BTCUSDT,HullMA-Cross,W06,"Hull(16/34) ATR×2.0",58,15.52,-17.76,0.23,-4.98,17.76,4.74
BTCUSDT,HullMA-Cross,W07,"Hull(16/34) ATR×2.0",70,17.14,-18.87,0.33,-3.82,18.87,5.72
BTCUSDT,HullMA-Cross,W08,"Hull(21/55) ATR×2.0",42,9.52,-16.86,0.06,-8.76,16.86,2.29
BTCUSDT,HullMA-Cross,W09,"Hull(16/55) ATR×2.5",49,22.45,-8.01,0.59,-1.49,9.82,10.75
BTCUSDT,HullMA-Cross,W10,"Hull(21/55) ATR×2.5",43,13.95,-13.86,0.16,-5.32,14.49,3.94
BTCUSDT,HullMA-Cross,W11,"Hull(16/55) ATR×2.5",58,18.97,-16.54,0.24,-4.92,17.56,5.44
BTCUSDT,HullMA-Cross,W12,"Hull(21/55) ATR×2.5",41,14.63,-15.85,0.28,-3.16,15.85,4.92
BTCUSDT,HullMA-Cross,W13,"Hull(16/55) ATR×2.5",52,17.31,-21.62,0.34,-3.36,21.62,5.85
BTCUSDT,Vortex-Cross,W01,"Vortex(14) ATR×2.0",77,22.08,-15.58,0.51,-2.37,15.58,8.00
BTCUSDT,Vortex-Cross,W02,"Vortex(14) ATR×2.0",83,20.48,-15.80,0.52,-1.91,20.39,8.09
BTCUSDT,Vortex-Cross,W03,"Vortex(14) ATR×2.0",88,7.95,-30.13,0.12,-8.91,30.13,2.43
BTCUSDT,Vortex-Cross,W04,"Vortex(14) ATR×2.0",76,14.47,-16.08,0.31,-3.49,16.47,5.05
BTCUSDT,Vortex-Cross,W05,"Vortex(14) ATR×2.5",82,12.20,-22.70,0.17,-6.48,23.94,3.60
BTCUSDT,Vortex-Cross,W06,"Vortex(14) ATR×1.5",71,14.08,-18.13,0.26,-4.44,18.13,4.63
BTCUSDT,Vortex-Cross,W07,"Vortex(14) ATR×1.5",96,8.33,-29.92,0.14,-8.01,29.92,2.63
BTCUSDT,Vortex-Cross,W08,"Vortex(28) ATR×2.5",65,10.77,-21.59,0.12,-7.84,21.59,2.98
BTCUSDT,Vortex-Cross,W09,"Vortex(28) ATR×2.5",62,14.52,-16.88,0.22,-4.88,16.88,4.43
BTCUSDT,Vortex-Cross,W10,"Vortex(14) ATR×2.0",83,8.43,-25.82,0.11,-9.52,26.78,2.46
BTCUSDT,Vortex-Cross,W11,"Vortex(28) ATR×1.5",52,3.85,-16.64,0.05,-9.95,16.64,1.14
BTCUSDT,Vortex-Cross,W12,"Vortex(14) ATR×2.5",93,13.98,-28.69,0.29,-4.73,28.69,4.80
BTCUSDT,Vortex-Cross,W13,"Vortex(21) ATR×2.0",66,18.18,-19.16,0.36,-3.27,21.16,6.16
BTCUSDT,PSAR-Trail,W01,"PSAR(0.01/0.02/0.3) ATR×2.5",58,27.59,-9.20,0.75,-0.76,16.67,15.96
BTCUSDT,PSAR-Trail,W02,"PSAR(0.01/0.015/0.2) ATR×2.5",48,33.33,-15.47,0.45,-2.08,15.47,9.83
BTCUSDT,PSAR-Trail,W03,"PSAR(0.01/0.015/0.2) ATR×2.5",49,14.29,-20.41,0.20,-4.62,20.41,4.25
BTCUSDT,PSAR-Trail,W04,"PSAR(0.01/0.02/0.2) ATR×2.5",63,30.16,-13.68,0.42,-2.86,14.47,8.97
BTCUSDT,PSAR-Trail,W05,"PSAR(0.01/0.02/0.3) ATR×2.5",61,21.31,-14.35,0.38,-2.84,20.23,6.92
BTCUSDT,PSAR-Trail,W06,"PSAR(0.01/0.015/0.2) ATR×2.5",51,21.57,-15.16,0.40,-2.65,16.01,7.09
BTCUSDT,PSAR-Trail,W07,"PSAR(0.01/0.015/0.3) ATR×2.5",47,21.28,-8.98,0.52,-1.78,8.98,8.82
BTCUSDT,PSAR-Trail,W08,"PSAR(0.01/0.015/0.2) ATR×2.5",49,12.24,-21.83,0.07,-8.82,21.83,2.95
BTCUSDT,PSAR-Trail,W09,"PSAR(0.01/0.02/0.2) ATR×2.5",74,17.57,-23.38,0.29,-4.66,23.44,5.53
BTCUSDT,PSAR-Trail,W10,"PSAR(0.01/0.015/0.2) ATR×2.5",46,21.74,-12.32,0.27,-4.09,13.43,6.24
BTCUSDT,PSAR-Trail,W11,"PSAR(0.01/0.015/0.2) ATR×2.5",57,24.56,-11.39,0.42,-2.74,11.97,7.84
BTCUSDT,PSAR-Trail,W12,"PSAR(0.01/0.015/0.2) ATR×2.5",50,26.00,-16.53,0.39,-2.76,17.16,7.91
BTCUSDT,PSAR-Trail,W13,"PSAR(0.01/0.015/0.2) ATR×2.5",51,25.49,-19.44,0.40,-2.86,22.70,7.90
CFXUSDT,TripleEMA-MTF,W01,"EMA(13/34/89) ATR×2.0",8,25.00,-1.49,0.76,-0.31,4.24,17.35
CFXUSDT,TripleEMA-MTF,W02,"EMA(13/21/89) ATR×3.0",15,26.67,-9.42,0.26,-2.05,12.15,7.12
CFXUSDT,TripleEMA-MTF,W03,"EMA(13/21/89) ATR×3.0",17,35.29,-6.25,0.57,-1.01,8.58,15.19
CFXUSDT,TripleEMA-MTF,W04,"EMA(13/21/55) ATR×1.5",18,22.22,-9.61,0.13,-3.62,9.61,5.34
CFXUSDT,TripleEMA-MTF,W05,"EMA(13/21/89) ATR×1.5",12,50.00,6.94,2.31,0.97,3.30,44.32
CFXUSDT,TripleEMA-MTF,W06,"EMA(13/21/89) ATR×1.5",26,15.38,-18.72,0.05,-6.83,18.72,3.43
CFXUSDT,TripleEMA-MTF,W07,"EMA(13/21/89) ATR×2.5",18,11.11,-12.14,0.09,-4.50,12.14,2.82
CFXUSDT,TripleEMA-MTF,W08,"EMA(13/34/89) ATR×2.5",14,21.43,18.94,1.82,0.52,14.32,41.07
CFXUSDT,TripleEMA-MTF,W09,"EMA(5/21/89) ATR×2.5",31,6.45,-18.51,0.15,-4.70,18.51,2.36
CFXUSDT,TripleEMA-MTF,W10,"EMA(5/21/55) ATR×2.5",15,6.67,-13.68,0.01,-4.71,13.68,1.40
CFXUSDT,TripleEMA-MTF,W11,"EMA(5/34/55) ATR×1.5",24,33.33,-6.91,0.50,-1.51,9.03,12.22
CFXUSDT,TripleEMA-MTF,W12,"EMA(5/21/89) ATR×2.0",20,25.00,-5.68,0.69,-0.68,11.76,15.29
CFXUSDT,TripleEMA-MTF,W13,"EMA(13/34/89) ATR×2.0",24,12.50,-18.53,0.27,-2.63,18.53,4.36
CFXUSDT,Supertrend-MTF,W01,"ST(10,3.0) ATR×2.0",10,10.00,-8.72,0.29,-1.71,8.72,5.21
CFXUSDT,Supertrend-MTF,W02,"ST(10,2.0) ATR×2.0",19,36.84,-12.66,0.46,-1.24,14.91,13.74
CFXUSDT,Supertrend-MTF,W03,"ST(7,2.5) ATR×2.0",15,40.00,-5.37,0.64,-0.77,8.60,17.61
CFXUSDT,Supertrend-MTF,W04,"ST(10,2.5) ATR×2.0",12,25.00,-4.85,0.56,-0.84,6.77,13.76
CFXUSDT,Supertrend-MTF,W05,"ST(10,2.5) ATR×2.0",13,30.77,0.19,1.02,0.02,5.72,21.84
CFXUSDT,Supertrend-MTF,W06,"ST(10,2.0) ATR×2.5",28,28.57,-3.86,0.84,-0.33,7.91,18.54
CFXUSDT,Supertrend-MTF,W07,"ST(7,2.0) ATR×2.5",20,25.00,1.44,1.09,0.11,6.89,22.12
CFXUSDT,Supertrend-MTF,W08,"ST(7,3.0) ATR×2.5",10,20.00,13.37,1.63,0.38,13.99,38.71
CFXUSDT,Supertrend-MTF,W09,"ST(7,3.0) ATR×2.5",14,14.29,-4.65,0.65,-0.57,6.01,13.37
CFXUSDT,Supertrend-MTF,W10,"ST(7,3.0) ATR×2.5",6,16.67,-5.52,0.06,-3.07,5.52,3.72
CFXUSDT,Supertrend-MTF,W11,"ST(10,2.0) ATR×1.5",21,0.00,-18.82,0.00,-21.14,18.82,0.00
CFXUSDT,Supertrend-MTF,W12,"ST(7,2.5) ATR×2.0",10,30.00,-3.23,0.69,-0.53,5.60,16.93
CFXUSDT,Supertrend-MTF,W13,"ST(10,3.0) ATR×2.5",15,20.00,-8.43,0.50,-1.02,11.01,11.57
CFXUSDT,Donchian-MTF,W01,"Don(20) ATR×2.0",28,32.14,3.84,1.14,0.23,12.95,25.10
CFXUSDT,Donchian-MTF,W02,"Don(20) ATR×2.0",37,24.32,-18.56,0.47,-1.68,19.63,9.51
CFXUSDT,Donchian-MTF,W03,"Don(55) ATR×3.0",20,25.00,-24.93,0.24,-2.90,24.93,6.68
CFXUSDT,Donchian-MTF,W04,"Don(20) ATR×3.0",20,35.00,11.74,1.48,0.60,11.25,34.04
CFXUSDT,Donchian-MTF,W05,"Don(20) ATR×3.0",23,39.13,-3.91,0.83,-0.37,13.59,20.39
CFXUSDT,Donchian-MTF,W06,"Don(20) ATR×3.0",23,30.43,-3.00,0.87,-0.27,8.36,19.38
CFXUSDT,Donchian-MTF,W07,"Don(55) ATR×3.0",20,35.00,-9.20,0.68,-0.61,18.03,17.53
CFXUSDT,Donchian-MTF,W08,"Don(20) ATR×3.0",15,20.00,-10.28,0.75,-0.33,26.28,16.21
CFXUSDT,Donchian-MTF,W09,"Don(55) ATR×2.5",22,22.73,-6.80,0.67,-0.71,10.74,14.62
CFXUSDT,Donchian-MTF,W10,"Don(55) ATR×2.5",16,25.00,0.76,1.06,0.07,9.48,21.49
CFXUSDT,Donchian-MTF,W11,"Don(55) ATR×2.5",23,13.04,-8.69,0.64,-0.56,18.37,13.12
CFXUSDT,Donchian-MTF,W12,"Don(55) ATR×3.0",14,42.86,17.51,2.26,0.63,12.51,47.90
CFXUSDT,Donchian-MTF,W13,"Don(55) ATR×1.5",22,18.18,-12.83,0.48,-1.39,17.81,9.55
CFXUSDT,HullMA-Cross,W01,"Hull(21/55) ATR×2.0",45,40.00,1.06,1.03,0.06,12.25,23.99
CFXUSDT,HullMA-Cross,W02,"Hull(21/55) ATR×1.5",41,29.27,-1.53,0.95,-0.12,15.33,20.32
CFXUSDT,HullMA-Cross,W03,"Hull(21/55) ATR×2.5",42,35.71,-7.85,0.70,-0.88,10.35,16.74
CFXUSDT,HullMA-Cross,W04,"Hull(21/55) ATR×2.5",45,24.44,-13.50,0.68,-0.86,23.56,14.40
CFXUSDT,HullMA-Cross,W05,"Hull(21/55) ATR×2.0",45,35.56,2.17,1.07,0.19,11.20,24.20
CFXUSDT,HullMA-Cross,W06,"Hull(21/55) ATR×2.0",49,32.65,-8.90,0.70,-0.90,16.37,16.03
CFXUSDT,HullMA-Cross,W07,"Hull(21/55) ATR×2.0",47,29.79,-11.53,0.69,-0.76,19.36,15.92
CFXUSDT,HullMA-Cross,W08,"Hull(21/55) ATR×2.0",45,40.00,66.44,2.18,1.18,18.28,51.26
CFXUSDT,HullMA-Cross,W09,"Hull(21/55) ATR×1.5",54,22.22,-23.23,0.39,-2.65,25.50,7.16
CFXUSDT,HullMA-Cross,W10,"Hull(16/55) ATR×1.5",50,22.00,-18.88,0.26,-3.77,19.13,6.25
CFXUSDT,HullMA-Cross,W11,"Hull(16/55) ATR×1.5",56,16.07,-31.71,0.15,-6.61,34.03,4.25
CFXUSDT,HullMA-Cross,W12,"Hull(21/34) ATR×2.0",54,29.63,2.43,1.07,0.14,14.50,22.79
CFXUSDT,HullMA-Cross,W13,"Hull(21/55) ATR×2.5",44,22.73,-10.89,0.77,-0.59,19.21,15.83
CFXUSDT,Vortex-Cross,W01,"Vortex(28) ATR×2.0",65,18.46,-27.46,0.34,-3.36,27.92,6.04
CFXUSDT,Vortex-Cross,W02,"Vortex(14) ATR×2.0",75,25.33,-18.02,0.62,-1.35,27.02,12.09
CFXUSDT,Vortex-Cross,W03,"Vortex(14) ATR×2.5",83,27.71,-30.28,0.39,-3.04,30.28,8.30
CFXUSDT,Vortex-Cross,W04,"Vortex(14) ATR×2.0",103,25.24,-13.31,0.78,-0.69,19.79,16.02
CFXUSDT,Vortex-Cross,W05,"Vortex(14) ATR×2.0",93,22.58,-11.16,0.77,-0.86,15.70,14.65
CFXUSDT,Vortex-Cross,W06,"Vortex(14) ATR×2.0",82,20.73,-28.99,0.38,-2.84,29.73,6.81
CFXUSDT,Vortex-Cross,W07,"Vortex(21) ATR×2.5",61,27.87,-6.28,0.81,-0.41,13.91,17.91
CFXUSDT,Vortex-Cross,W08,"Vortex(21) ATR×1.5",68,19.12,17.24,1.21,0.27,69.47,24.29
CFXUSDT,Vortex-Cross,W09,"Vortex(21) ATR×2.5",78,23.08,-38.59,0.24,-5.01,40.19,6.31
CFXUSDT,Vortex-Cross,W10,"Vortex(21) ATR×1.5",60,26.67,-12.28,0.56,-1.48,20.13,11.40
CFXUSDT,Vortex-Cross,W11,"Vortex(21) ATR×2.5",63,22.22,-9.04,0.76,-0.52,22.37,15.89
CFXUSDT,Vortex-Cross,W12,"Vortex(21) ATR×2.0",58,15.52,-16.61,0.60,-1.39,21.53,9.84
CFXUSDT,Vortex-Cross,W13,"Vortex(21) ATR×2.0",89,19.10,-20.64,0.65,-1.27,22.63,11.43
CFXUSDT,PSAR-Trail,W01,"PSAR(0.01/0.02/0.2) ATR×1.5",65,29.23,-18.11,0.68,-1.11,19.34,14.30
CFXUSDT,PSAR-Trail,W02,"PSAR(0.02/0.015/0.3) ATR×1.5",66,27.27,-19.66,0.62,-1.49,21.36,11.92
CFXUSDT,PSAR-Trail,W03,"PSAR(0.02/0.02/0.3) ATR×1.5",62,29.03,-16.94,0.55,-1.96,17.60,9.82
CFXUSDT,PSAR-Trail,W04,"PSAR(0.01/0.02/0.3) ATR×2.0",69,26.09,-28.99,0.56,-1.93,28.99,9.45
CFXUSDT,PSAR-Trail,W05,"PSAR(0.01/0.02/0.2) ATR×2.5",61,24.59,-16.93,0.65,-1.36,27.43,12.13
CFXUSDT,PSAR-Trail,W06,"PSAR(0.01/0.02/0.3) ATR×2.5",70,27.14,-24.96,0.53,-1.93,27.34,9.46
CFXUSDT,PSAR-Trail,W07,"PSAR(0.01/0.015/0.2) ATR×2.0",51,23.53,-12.72,0.72,-0.68,16.76,15.23
CFXUSDT,PSAR-Trail,W08,"PSAR(0.02/0.015/0.3) ATR×2.0",52,34.62,31.22,1.40,0.53,52.43,33.23
CFXUSDT,PSAR-Trail,W09,"PSAR(0.02/0.015/0.3) ATR×2.5",54,25.93,-26.61,0.43,-2.55,34.75,8.18
CFXUSDT,PSAR-Trail,W10,"PSAR(0.01/0.015/0.3) ATR×2.5",49,26.53,-22.24,0.43,-2.40,25.96,8.30
CFXUSDT,PSAR-Trail,W11,"PSAR(0.01/0.015/0.2) ATR×2.5",54,18.52,-23.01,0.41,-1.74,29.87,7.63
CFXUSDT,PSAR-Trail,W12,"PSAR(0.01/0.02/0.3) ATR×2.0",56,23.21,-30.08,0.44,-2.63,30.08,7.73
CFXUSDT,PSAR-Trail,W13,"PSAR(0.01/0.02/0.3) ATR×2.0",63,20.63,-45.06,0.38,-2.81,45.92,6.81
DOGEUSDT,TripleEMA-MTF,W01,"EMA(9/34/89) ATR×2.0",7,14.29,-1.34,0.82,-0.20,4.07,16.08
DOGEUSDT,TripleEMA-MTF,W02,"EMA(5/21/55) ATR×3.0",21,23.81,-7.20,0.60,-0.93,7.20,13.43
DOGEUSDT,TripleEMA-MTF,W03,"EMA(5/21/55) ATR×3.0",21,4.76,-14.87,0.11,-5.00,14.87,1.69
DOGEUSDT,TripleEMA-MTF,W04,"EMA(9/21/89) ATR×1.5",13,15.38,-1.69,0.78,-0.26,4.75,15.78
DOGEUSDT,TripleEMA-MTF,W05,"EMA(13/34/89) ATR×3.0",13,30.77,1.79,1.16,0.20,9.51,24.79
DOGEUSDT,TripleEMA-MTF,W06,"EMA(13/34/89) ATR×3.0",16,25.00,-4.73,0.64,-0.72,6.66,14.82
DOGEUSDT,TripleEMA-MTF,W07,"EMA(13/21/89) ATR×1.5",22,22.73,-13.64,0.16,-3.87,13.64,5.67
DOGEUSDT,TripleEMA-MTF,W08,"EMA(9/21/55) ATR×3.0",23,21.74,-16.69,0.15,-3.20,16.99,5.41
DOGEUSDT,TripleEMA-MTF,W09,"EMA(13/34/89) ATR×2.0",8,12.50,-6.02,0.14,-2.74,6.02,3.51
DOGEUSDT,TripleEMA-MTF,W10,"EMA(9/34/55) ATR×3.0",19,36.84,-5.16,0.60,-0.94,7.14,15.99
DOGEUSDT,TripleEMA-MTF,W11,"EMA(13/21/89) ATR×3.0",12,16.67,-9.51,0.06,-4.09,9.51,3.74
DOGEUSDT,TripleEMA-MTF,W12,"EMA(9/34/89) ATR×1.5",12,25.00,-3.17,0.62,-0.58,8.24,15.28
DOGEUSDT,TripleEMA-MTF,W13,"EMA(5/21/55) ATR×3.0",21,23.81,-10.60,0.50,-1.15,15.77,11.79
DOGEUSDT,Supertrend-MTF,W01,"ST(14,2.0) ATR×2.5",12,16.67,-3.57,0.73,-0.34,6.86,15.38
DOGEUSDT,Supertrend-MTF,W02,"ST(14,2.0) ATR×2.5",18,33.33,10.23,1.72,0.66,7.28,35.50
DOGEUSDT,Supertrend-MTF,W03,"ST(10,2.0) ATR×1.5",16,37.50,-1.72,0.75,-0.42,5.28,19.34
DOGEUSDT,Supertrend-MTF,W04,"ST(10,2.0) ATR×1.5",22,27.27,7.69,1.53,0.69,7.80,30.86
DOGEUSDT,Supertrend-MTF,W05,"ST(10,3.0) ATR×2.5",11,36.36,-0.21,0.98,-0.02,5.64,22.35
DOGEUSDT,Supertrend-MTF,W06,"ST(10,2.0) ATR×2.0",26,30.77,-12.00,0.41,-1.93,12.83,9.31
DOGEUSDT,Supertrend-MTF,W07,"ST(7,2.0) ATR×2.5",24,29.17,9.15,1.62,0.69,7.01,32.21
DOGEUSDT,Supertrend-MTF,W08,"ST(10,3.0) ATR×2.0",13,46.15,0.03,1.00,0.01,6.39,24.64
DOGEUSDT,Supertrend-MTF,W09,"ST(14,3.0) ATR×2.0",11,36.36,-7.16,0.11,-3.10,7.16,8.03
DOGEUSDT,Supertrend-MTF,W10,"ST(10,3.0) ATR×2.0",14,28.57,-5.38,0.52,-1.08,7.54,13.17
DOGEUSDT,Supertrend-MTF,W11,"ST(10,2.0) ATR×2.5",20,25.00,-5.91,0.65,-0.61,11.61,15.32
DOGEUSDT,Supertrend-MTF,W12,"ST(7,3.0) ATR×1.5",10,20.00,-2.31,0.70,-0.39,6.27,15.57
DOGEUSDT,Supertrend-MTF,W13,"ST(14,3.0) ATR×2.5",17,35.29,-6.47,0.67,-0.69,13.46,17.20
DOGEUSDT,Donchian-MTF,W01,"Don(10) ATR×3.0",25,40.00,1.73,1.06,0.11,14.31,24.93
DOGEUSDT,Donchian-MTF,W02,"Don(10) ATR×3.0",28,50.00,12.18,1.55,0.94,14.75,37.44
DOGEUSDT,Donchian-MTF,W03,"Don(20) ATR×3.0",26,15.38,-12.85,0.53,-0.91,15.17,11.33
DOGEUSDT,Donchian-MTF,W04,"Don(55) ATR×3.0",19,31.58,7.28,1.31,0.39,14.17,29.27
DOGEUSDT,Donchian-MTF,W05,"Don(55) ATR×3.0",17,35.29,-0.76,0.96,-0.06,9.41,21.86
DOGEUSDT,Donchian-MTF,W06,"Don(55) ATR×3.0",22,22.73,-14.08,0.40,-1.85,14.08,7.97
DOGEUSDT,Donchian-MTF,W07,"Don(20) ATR×3.0",23,39.13,4.39,1.22,0.31,10.25,27.86
DOGEUSDT,Donchian-MTF,W08,"Don(10) ATR×2.0",36,27.78,-18.74,0.38,-2.52,20.37,8.24
DOGEUSDT,Donchian-MTF,W09,"Don(10) ATR×2.0",35,22.86,-16.97,0.38,-2.49,17.59,7.22
DOGEUSDT,Donchian-MTF,W10,"Don(10) ATR×2.0",32,53.13,8.68,1.59,1.01,4.96,37.01
DOGEUSDT,Donchian-MTF,W11,"Don(20) ATR×3.0",22,36.36,-2.82,0.85,-0.27,10.71,20.42
DOGEUSDT,Donchian-MTF,W12,"Don(55) ATR×3.0",14,35.71,11.21,1.86,0.54,8.27,38.74
DOGEUSDT,Donchian-MTF,W13,"Don(55) ATR×3.0",20,25.00,-14.98,0.30,-2.25,14.98,7.08
DOGEUSDT,HullMA-Cross,W01,"Hull(21/34) ATR×2.5",57,35.09,-8.98,0.81,-0.61,13.04,18.46
DOGEUSDT,HullMA-Cross,W02,"Hull(21/55) ATR×1.5",44,40.91,2.59,1.11,0.25,6.15,25.92
DOGEUSDT,HullMA-Cross,W03,"Hull(21/34) ATR×1.5",54,31.48,-12.50,0.56,-1.84,16.51,10.85
DOGEUSDT,HullMA-Cross,W04,"Hull(21/34) ATR×1.5",62,35.48,-12.05,0.71,-1.01,24.48,16.20
DOGEUSDT,HullMA-Cross,W05,"Hull(21/34) ATR×1.5",63,25.40,-13.83,0.57,-1.69,13.83,10.36
DOGEUSDT,HullMA-Cross,W06,"Hull(21/34) ATR×1.5",69,18.84,-33.86,0.21,-5.59,33.86,5.22
DOGEUSDT,HullMA-Cross,W07,"Hull(21/55) ATR×2.5",42,40.48,21.05,1.95,1.51,9.36,41.41
DOGEUSDT,HullMA-Cross,W08,"Hull(21/55) ATR×2.5",44,36.36,-13.41,0.61,-1.35,18.26,14.28
DOGEUSDT,HullMA-Cross,W09,"Hull(21/55) ATR×2.5",37,29.73,-6.22,0.76,-0.65,11.97,16.90
DOGEUSDT,HullMA-Cross,W10,"Hull(21/55) ATR×2.5",50,24.00,-16.32,0.59,-1.49,17.39,11.06
DOGEUSDT,HullMA-Cross,W11,"Hull(21/55) ATR×2.0",48,27.08,-10.45,0.61,-1.32,12.51,12.50
DOGEUSDT,HullMA-Cross,W12,"Hull(21/55) ATR×2.0",39,33.33,-2.71,0.88,-0.29,7.12,19.96
DOGEUSDT,HullMA-Cross,W13,"Hull(21/55) ATR×2.0",42,23.81,-9.91,0.72,-0.76,10.20,14.95
DOGEUSDT,Vortex-Cross,W01,"Vortex(28) ATR×2.0",65,27.69,-22.98,0.48,-1.95,24.77,9.13
DOGEUSDT,Vortex-Cross,W02,"Vortex(14) ATR×2.5",90,33.33,3.93,1.09,0.25,12.42,24.10
DOGEUSDT,Vortex-Cross,W03,"Vortex(14) ATR×2.5",92,18.48,-37.05,0.31,-4.22,37.50,5.87
DOGEUSDT,Vortex-Cross,W04,"Vortex(14) ATR×1.5",95,26.32,-13.72,0.72,-1.01,21.89,14.43
DOGEUSDT,Vortex-Cross,W05,"Vortex(14) ATR×1.5",85,25.88,-17.49,0.55,-1.96,20.87,9.21
DOGEUSDT,Vortex-Cross,W06,"Vortex(14) ATR×1.5",84,15.48,-30.20,0.31,-3.58,34.34,5.27
DOGEUSDT,Vortex-Cross,W07,"Vortex(28) ATR×2.0",57,17.54,-5.71,0.82,-0.41,20.45,15.89
DOGEUSDT,Vortex-Cross,W08,"Vortex(14) ATR×2.0",89,28.09,-24.17,0.54,-2.12,27.18,9.41
DOGEUSDT,Vortex-Cross,W09,"Vortex(28) ATR×2.0",69,24.64,-17.11,0.57,-1.64,22.24,10.43
DOGEUSDT,Vortex-Cross,W10,"Vortex(28) ATR×2.0",63,23.81,-4.95,0.83,-0.52,7.46,16.71
DOGEUSDT,Vortex-Cross,W11,"Vortex(28) ATR×2.0",47,19.15,-16.08,0.36,-2.13,19.36,6.34
DOGEUSDT,Vortex-Cross,W12,"Vortex(21) ATR×2.0",74,21.62,-38.31,0.21,-4.97,38.56,5.80
DOGEUSDT,Vortex-Cross,W13,"Vortex(21) ATR×2.0",72,16.67,-22.74,0.48,-1.99,22.74,6.72
DOGEUSDT,PSAR-Trail,W01,"PSAR(0.01/0.015/0.2) ATR×2.0",52,25.00,-19.00,0.63,-1.13,19.00,13.03
DOGEUSDT,PSAR-Trail,W02,"PSAR(0.02/0.015/0.2) ATR×1.5",61,29.51,-9.99,0.79,-0.67,12.77,16.96
DOGEUSDT,PSAR-Trail,W03,"PSAR(0.02/0.015/0.3) ATR×1.5",57,26.32,-18.15,0.53,-1.95,20.98,9.21
DOGEUSDT,PSAR-Trail,W04,"PSAR(0.01/0.015/0.2) ATR×1.5",55,34.55,-11.78,0.71,-0.89,20.68,16.51
DOGEUSDT,PSAR-Trail,W05,"PSAR(0.01/0.015/0.2) ATR×1.5",47,40.43,3.91,1.18,0.42,7.25,27.28
DOGEUSDT,PSAR-Trail,W06,"PSAR(0.01/0.015/0.2) ATR×1.5",57,29.82,-9.59,0.73,-0.85,19.87,15.87
DOGEUSDT,PSAR-Trail,W07,"PSAR(0.01/0.015/0.2) ATR×2.0",53,33.96,2.04,1.05,0.12,14.78,23.37
DOGEUSDT,PSAR-Trail,W08,"PSAR(0.02/0.015/0.2) ATR×2.5",64,29.69,-19.86,0.62,-1.61,20.28,11.88
DOGEUSDT,PSAR-Trail,W09,"PSAR(0.01/0.02/0.3) ATR×2.5",68,22.06,-39.22,0.37,-3.61,39.54,7.03
DOGEUSDT,PSAR-Trail,W10,"PSAR(0.01/0.015/0.2) ATR×2.5",47,36.17,-1.74,0.94,-0.16,12.04,21.49
DOGEUSDT,PSAR-Trail,W11,"PSAR(0.01/0.015/0.2) ATR×2.5",56,30.36,-14.68,0.61,-1.26,17.81,13.44
DOGEUSDT,PSAR-Trail,W12,"PSAR(0.01/0.015/0.2) ATR×2.5",48,22.92,-11.61,0.70,-0.82,18.72,14.37
DOGEUSDT,PSAR-Trail,W13,"PSAR(0.01/0.015/0.2) ATR×2.5",52,19.23,-37.97,0.28,-3.60,37.97,5.82
ENAUSDT,TripleEMA-MTF,W01,"EMA(13/34/55) ATR×2.0",8,37.50,-2.43,0.56,-0.67,2.84,16.95
ENAUSDT,TripleEMA-MTF,W02,"EMA(13/34/89) ATR×2.0",10,30.00,-8.50,0.25,-1.99,10.05,7.77
ENAUSDT,TripleEMA-MTF,W03,"EMA(9/21/55) ATR×1.5",18,27.78,-12.46,0.21,-2.96,12.52,7.05
ENAUSDT,TripleEMA-MTF,W04,"EMA(13/34/55) ATR×2.0",12,41.67,-8.51,0.38,-1.38,11.79,13.58
ENAUSDT,TripleEMA-MTF,W05,"EMA(9/34/55) ATR×2.0",19,15.79,-12.68,0.36,-1.99,17.61,5.70
ENAUSDT,TripleEMA-MTF,W06,"EMA(13/21/89) ATR×2.5",21,19.05,-17.77,0.36,-2.04,17.77,6.31
ENAUSDT,TripleEMA-MTF,W07,"EMA(9/21/55) ATR×2.5",21,23.81,-4.33,0.78,-0.39,8.09,16.91
ENAUSDT,TripleEMA-MTF,W08,"EMA(13/34/89) ATR×3.0",15,46.67,11.22,1.67,0.79,7.89,40.13
ENAUSDT,TripleEMA-MTF,W09,"EMA(13/34/55) ATR×3.0",18,16.67,-17.61,0.36,-1.61,20.38,7.49
ENAUSDT,TripleEMA-MTF,W10,"EMA(13/34/55) ATR×3.0",13,15.38,-13.22,0.18,-3.03,16.03,4.30
ENAUSDT,TripleEMA-MTF,W11,"EMA(5/34/55) ATR×2.0",21,23.81,-9.85,0.40,-1.78,10.77,8.45
ENAUSDT,TripleEMA-MTF,W12,"EMA(9/34/55) ATR×2.5",12,33.33,8.18,1.53,0.48,5.38,34.54
ENAUSDT,TripleEMA-MTF,W13,"EMA(13/34/89) ATR×3.0",18,27.78,-13.55,0.29,-2.20,17.09,7.56
ENAUSDT,Supertrend-MTF,W01,"ST(10,2.0) ATR×1.5",18,33.33,-8.23,0.48,-1.16,9.90,13.51
ENAUSDT,Supertrend-MTF,W02,"ST(14,2.5) ATR×2.0",15,26.67,-7.95,0.56,-1.01,10.15,13.37
ENAUSDT,Supertrend-MTF,W03,"ST(14,2.0) ATR×2.0",19,26.32,-17.21,0.35,-1.76,18.54,8.73
ENAUSDT,Supertrend-MTF,W04,"ST(14,2.0) ATR×2.0",28,42.86,7.03,1.26,0.46,16.74,30.14
ENAUSDT,Supertrend-MTF,W05,"ST(14,2.0) ATR×2.0",19,21.05,-15.64,0.23,-2.67,18.57,5.85
ENAUSDT,Supertrend-MTF,W06,"ST(7,2.5) ATR×1.5",17,23.53,-15.02,0.11,-3.99,15.80,5.49
ENAUSDT,Supertrend-MTF,W07,"ST(7,2.0) ATR×2.5",26,23.08,-2.76,0.91,-0.17,15.44,18.60
ENAUSDT,Supertrend-MTF,W08,"ST(14,2.0) ATR×2.5",19,21.05,-29.47,0.30,-2.51,38.30,6.34
ENAUSDT,Supertrend-MTF,W09,"ST(14,3.0) ATR×2.5",8,0.00,-11.20,0.00,-5.83,11.20,0.00
ENAUSDT,Supertrend-MTF,W10,"ST(14,3.0) ATR×2.5",11,27.27,-3.39,0.75,-0.35,13.84,17.63
ENAUSDT,Supertrend-MTF,W11,"ST(14,3.0) ATR×1.5",12,33.33,-3.68,0.50,-1.12,3.68,13.79
ENAUSDT,Supertrend-MTF,W12,"ST(14,3.0) ATR×2.5",9,55.56,40.81,10.21,1.77,2.65,81.82
ENAUSDT,Supertrend-MTF,W13,"ST(14,3.0) ATR×2.5",16,50.00,-5.24,0.66,-0.64,10.57,20.28
ENAUSDT,Donchian-MTF,W01,"Don(55) ATR×3.0",17,23.53,-19.10,0.46,-1.16,27.42,11.44
ENAUSDT,Donchian-MTF,W02,"Don(20) ATR×3.0",23,30.43,1.44,1.04,0.07,22.00,22.63
ENAUSDT,Donchian-MTF,W03,"Don(55) ATR×3.0",16,31.25,-4.87,0.81,-0.29,9.76,19.04
ENAUSDT,Donchian-MTF,W04,"Don(55) ATR×3.0",18,38.89,9.98,1.33,0.39,13.35,32.59
ENAUSDT,Donchian-MTF,W05,"Don(55) ATR×3.0",21,19.05,-14.01,0.65,-0.67,25.94,13.90
ENAUSDT,Donchian-MTF,W06,"Don(55) ATR×2.5",21,19.05,-15.31,0.50,-1.24,15.63,10.47
ENAUSDT,Donchian-MTF,W07,"Don(55) ATR×2.5",22,36.36,-1.98,0.92,-0.15,14.14,21.38
ENAUSDT,Donchian-MTF,W08,"Don(20) ATR×3.0",19,42.11,-1.17,0.97,-0.06,13.24,23.30
ENAUSDT,Donchian-MTF,W09,"Don(20) ATR×3.0",24,29.17,-14.14,0.60,-0.93,26.59,14.49
ENAUSDT,Donchian-MTF,W10,"Don(20) ATR×3.0",26,15.38,-27.21,0.19,-3.75,27.39,4.41
ENAUSDT,Donchian-MTF,W11,"Don(20) ATR×2.5",25,24.00,-13.12,0.52,-1.33,17.23,11.25
ENAUSDT,Donchian-MTF,W12,"Don(55) ATR×2.5",13,38.46,17.38,2.34,0.95,11.79,49.72
ENAUSDT,Donchian-MTF,W13,"Don(55) ATR×2.5",22,22.73,-19.55,0.42,-1.70,23.95,8.75
ENAUSDT,HullMA-Cross,W01,"Hull(21/55) ATR×1.5",44,22.73,-13.49,0.69,-0.82,31.53,14.31
ENAUSDT,HullMA-Cross,W02,"Hull(21/34) ATR×1.5",55,30.91,-19.69,0.58,-1.23,29.84,13.49
ENAUSDT,HullMA-Cross,W03,"Hull(16/55) ATR×1.5",53,30.19,-14.24,0.64,-1.26,17.43,13.58
ENAUSDT,HullMA-Cross,W04,"Hull(21/34) ATR×2.0",60,35.00,-7.37,0.87,-0.42,16.71,19.65
ENAUSDT,HullMA-Cross,W05,"Hull(21/34) ATR×2.5",62,41.94,-0.97,0.98,-0.05,19.64,23.38
ENAUSDT,HullMA-Cross,W06,"Hull(21/55) ATR×1.5",52,25.00,-10.56,0.71,-0.76,21.17,15.13
ENAUSDT,HullMA-Cross,W07,"Hull(21/55) ATR×1.5",56,33.93,-10.34,0.74,-0.83,17.82,16.84
ENAUSDT,HullMA-Cross,W08,"Hull(9/55) ATR×2.5",66,37.88,-16.18,0.81,-0.56,30.40,19.24
ENAUSDT,HullMA-Cross,W09,"Hull(21/55) ATR×2.5",44,34.09,-4.84,0.90,-0.25,17.64,20.39
ENAUSDT,HullMA-Cross,W10,"Hull(21/55) ATR×2.0",47,21.28,-20.29,0.53,-1.60,31.13,9.65
ENAUSDT,HullMA-Cross,W11,"Hull(16/55) ATR×2.5",55,32.73,-13.09,0.65,-1.28,17.66,14.09
ENAUSDT,HullMA-Cross,W12,"Hull(16/55) ATR×2.5",51,41.18,16.78,1.48,1.00,13.24,34.36
ENAUSDT,HullMA-Cross,W13,"Hull(16/55) ATR×2.5",52,26.92,-32.58,0.45,-2.22,41.02,8.51
ENAUSDT,Vortex-Cross,W01,"Vortex(14) ATR×1.5",89,25.84,-26.38,0.61,-1.63,33.12,10.97
ENAUSDT,Vortex-Cross,W02,"Vortex(14) ATR×1.5",80,26.25,-25.98,0.55,-1.48,33.16,11.23
ENAUSDT,Vortex-Cross,W03,"Vortex(28) ATR×2.0",69,21.74,-31.82,0.42,-2.64,33.03,7.32
ENAUSDT,Vortex-Cross,W04,"Vortex(14) ATR×1.5",97,34.02,-10.23,0.84,-0.60,14.48,18.54
ENAUSDT,Vortex-Cross,W05,"Vortex(28) ATR×2.5",67,20.90,-28.02,0.42,-2.56,28.40,7.13
ENAUSDT,Vortex-Cross,W06,"Vortex(28) ATR×2.0",75,24.00,-27.29,0.49,-1.95,33.65,8.42
ENAUSDT,Vortex-Cross,W07,"Vortex(28) ATR×2.0",65,24.62,-25.88,0.39,-2.36,28.37,7.67
ENAUSDT,Vortex-Cross,W08,"Vortex(21) ATR×2.5",72,27.78,2.67,1.04,0.10,20.65,21.94
ENAUSDT,Vortex-Cross,W09,"Vortex(21) ATR×2.5",87,26.44,-11.12,0.82,-0.55,27.49,17.10
ENAUSDT,Vortex-Cross,W10,"Vortex(21) ATR×2.5",70,22.86,-24.42,0.50,-1.98,28.00,8.14
ENAUSDT,Vortex-Cross,W11,"Vortex(21) ATR×2.5",62,25.81,-15.05,0.68,-1.13,20.69,13.53
ENAUSDT,Vortex-Cross,W12,"Vortex(21) ATR×2.5",62,27.42,-8.53,0.83,-0.40,21.02,17.92
ENAUSDT,Vortex-Cross,W13,"Vortex(28) ATR×2.5",57,35.09,6.42,1.16,0.36,12.71,26.10
ENAUSDT,PSAR-Trail,W01,"PSAR(0.02/0.015/0.3) ATR×2.5",64,28.13,-25.75,0.63,-1.33,30.16,12.85
ENAUSDT,PSAR-Trail,W02,"PSAR(0.02/0.015/0.2) ATR×2.5",68,26.47,-39.07,0.47,-2.24,39.07,8.61
ENAUSDT,PSAR-Trail,W03,"PSAR(0.02/0.02/0.2) ATR×2.5",72,36.11,-9.55,0.85,-0.49,19.41,19.49
ENAUSDT,PSAR-Trail,W04,"PSAR(0.02/0.02/0.2) ATR×2.0",77,28.57,-11.87,0.85,-0.50,22.23,17.95
ENAUSDT,PSAR-Trail,W05,"PSAR(0.02/0.02/0.2) ATR×2.0",77,33.77,-2.83,0.96,-0.14,20.36,21.20
ENAUSDT,PSAR-Trail,W06,"PSAR(0.01/0.02/0.3) ATR×2.5",67,29.85,-9.34,0.84,-0.48,27.07,18.14
ENAUSDT,PSAR-Trail,W07,"PSAR(0.01/0.02/0.2) ATR×2.5",68,26.47,-34.90,0.52,-1.94,35.61,9.23
ENAUSDT,PSAR-Trail,W08,"PSAR(0.01/0.02/0.2) ATR×2.5",66,33.33,-47.62,0.59,-1.81,58.10,11.59
ENAUSDT,PSAR-Trail,W09,"PSAR(0.01/0.015/0.3) ATR×1.5",58,27.59,-18.91,0.68,-1.11,34.56,13.97
ENAUSDT,PSAR-Trail,W10,"PSAR(0.01/0.015/0.3) ATR×1.5",59,11.86,-45.02,0.26,-4.63,45.47,4.18
ENAUSDT,PSAR-Trail,W11,"PSAR(0.02/0.02/0.3) ATR×1.5",69,27.54,-21.64,0.52,-2.30,24.94,9.18
ENAUSDT,PSAR-Trail,W12,"PSAR(0.02/0.02/0.3) ATR×2.0",73,27.40,-8.06,0.88,-0.40,32.70,18.28
ENAUSDT,PSAR-Trail,W13,"PSAR(0.02/0.02/0.2) ATR×2.0",78,34.62,-21.97,0.67,-1.43,26.13,13.95
ETHUSDT,TripleEMA-MTF,W01,"EMA(13/34/89) ATR×2.0",12,41.67,-0.77,0.91,-0.11,4.36,22.57
ETHUSDT,TripleEMA-MTF,W02,"EMA(13/34/89) ATR×2.0",9,44.44,2.11,1.37,0.37,2.08,30.67
ETHUSDT,TripleEMA-MTF,W03,"EMA(13/34/89) ATR×2.0",13,15.38,-7.97,0.17,-2.85,9.07,4.23
ETHUSDT,TripleEMA-MTF,W04,"EMA(13/34/89) ATR×2.0",12,8.33,-7.41,0.17,-2.75,7.41,2.83
ETHUSDT,TripleEMA-MTF,W05,"EMA(13/34/89) ATR×3.0",10,30.00,0.22,1.04,0.04,2.41,22.00
ETHUSDT,TripleEMA-MTF,W06,"EMA(13/21/89) ATR×2.0",11,18.18,-2.16,0.66,-0.58,4.59,14.19
ETHUSDT,TripleEMA-MTF,W07,"EMA(13/34/89) ATR×2.5",12,33.33,2.61,1.30,0.35,3.09,27.77
ETHUSDT,TripleEMA-MTF,W08,"EMA(13/21/55) ATR×2.5",11,18.18,-7.77,0.11,-3.20,7.85,4.38
ETHUSDT,TripleEMA-MTF,W09,"EMA(13/34/89) ATR×2.5",11,45.45,7.27,3.06,1.25,1.20,50.70
ETHUSDT,TripleEMA-MTF,W10,"EMA(13/34/89) ATR×2.5",7,0.00,-5.25,0.00,-6.70,5.25,0.00
ETHUSDT,TripleEMA-MTF,W11,"EMA(13/21/89) ATR×2.5",18,16.67,-10.13,0.02,-6.25,10.25,3.46
ETHUSDT,TripleEMA-MTF,W12,"EMA(9/34/55) ATR×2.0",9,33.33,0.17,1.03,0.04,3.04,22.54
ETHUSDT,TripleEMA-MTF,W13,"EMA(13/34/89) ATR×1.5",13,38.46,7.06,1.95,0.74,4.93,38.19
ETHUSDT,Supertrend-MTF,W01,"ST(14,2.0) ATR×1.5",10,0.00,-11.72,0.00,-6.11,11.72,0.00
ETHUSDT,Supertrend-MTF,W02,"ST(7,3.0) ATR×2.0",14,35.71,0.16,1.02,0.02,3.89,22.80
ETHUSDT,Supertrend-MTF,W03,"ST(7,3.0) ATR×2.0",12,8.33,-9.70,0.08,-3.65,9.70,2.22
ETHUSDT,Supertrend-MTF,W04,"ST(7,3.0) ATR×2.0",8,25.00,3.30,1.74,0.44,3.39,31.48
ETHUSDT,Supertrend-MTF,W05,"ST(10,3.0) ATR×2.0",10,30.00,-2.00,0.60,-0.65,2.70,15.82
ETHUSDT,Supertrend-MTF,W06,"ST(10,3.0) ATR×2.0",15,26.67,-7.36,0.21,-2.27,8.88,6.82
ETHUSDT,Supertrend-MTF,W07,"ST(7,3.0) ATR×2.5",12,25.00,2.52,1.36,0.36,3.15,26.46
ETHUSDT,Supertrend-MTF,W08,"ST(14,3.0) ATR×2.5",9,22.22,-6.45,0.16,-2.52,6.45,5.58
ETHUSDT,Supertrend-MTF,W09,"ST(10,2.0) ATR×2.5",23,43.48,4.35,1.30,0.47,6.58,29.94
ETHUSDT,Supertrend-MTF,W10,"ST(10,2.0) ATR×2.5",18,22.22,-4.25,0.60,-0.86,8.32,13.36
ETHUSDT,Supertrend-MTF,W11,"ST(7,2.5) ATR×2.5",17,29.41,-1.54,0.79,-0.27,5.33,18.65
ETHUSDT,Supertrend-MTF,W12,"ST(14,2.0) ATR×1.5",19,31.58,2.22,1.22,0.27,4.88,25.53
ETHUSDT,Supertrend-MTF,W13,"ST(14,2.5) ATR×2.5",15,33.33,4.59,1.37,0.45,6.81,29.53
ETHUSDT,Donchian-MTF,W01,"Don(55) ATR×2.5",16,31.25,-3.36,0.83,-0.29,8.71,19.17
ETHUSDT,Donchian-MTF,W02,"Don(10) ATR×2.5",28,39.29,6.03,1.42,0.64,7.54,30.96
ETHUSDT,Donchian-MTF,W03,"Don(20) ATR×2.5",21,14.29,-10.48,0.44,-1.17,12.22,9.41
ETHUSDT,Donchian-MTF,W04,"Don(20) ATR×1.5",32,28.13,8.93,1.50,0.67,7.47,30.04
ETHUSDT,Donchian-MTF,W05,"Don(20) ATR×2.0",27,22.22,-12.01,0.35,-2.18,14.02,6.87
ETHUSDT,Donchian-MTF,W06,"Don(55) ATR×2.0",17,17.65,-6.09,0.36,-1.73,6.09,7.15
ETHUSDT,Donchian-MTF,W07,"Don(20) ATR×2.5",27,18.52,5.15,1.31,0.47,5.65,25.07
ETHUSDT,Donchian-MTF,W08,"Don(55) ATR×3.0",15,26.67,-5.28,0.53,-1.07,5.57,12.88
ETHUSDT,Donchian-MTF,W09,"Don(55) ATR×3.0",16,25.00,-8.83,0.45,-1.23,11.43,11.40
ETHUSDT,Donchian-MTF,W10,"Don(55) ATR×3.0",14,7.14,-8.91,0.22,-2.42,8.91,2.93
ETHUSDT,Donchian-MTF,W11,"Don(55) ATR×3.0",15,53.33,0.42,1.05,0.06,5.92,26.90
ETHUSDT,Donchian-MTF,W12,"Don(55) ATR×3.0",14,35.71,2.12,1.17,0.20,6.99,26.01
ETHUSDT,Donchian-MTF,W13,"Don(20) ATR×3.0",21,28.57,-1.76,0.89,-0.21,9.65,19.40
ETHUSDT,HullMA-Cross,W01,"Hull(16/34) ATR×1.5",66,25.76,-19.03,0.55,-1.92,19.03,9.35
ETHUSDT,HullMA-Cross,W02,"Hull(21/55) ATR×1.5",41,19.51,-11.00,0.54,-1.35,11.32,10.40
ETHUSDT,HullMA-Cross,W03,"Hull(21/34) ATR×2.0",60,30.00,-14.53,0.48,-2.34,17.19,9.38
ETHUSDT,HullMA-Cross,W04,"Hull(21/34) ATR×2.0",67,29.85,-11.86,0.71,-1.09,19.23,14.74
ETHUSDT,HullMA-Cross,W05,"Hull(21/34) ATR×1.5",59,22.03,-18.29,0.38,-3.05,19.28,7.05
ETHUSDT,HullMA-Cross,W06,"Hull(16/34) ATR×2.0",64,26.56,-16.71,0.45,-2.20,19.61,8.48
ETHUSDT,HullMA-Cross,W07,"Hull(9/34) ATR×2.0",82,30.49,-7.90,0.77,-0.87,8.63,16.23
ETHUSDT,HullMA-Cross,W08,"Hull(9/34) ATR×2.5",82,25.61,-25.87,0.44,-3.23,32.09,8.17
ETHUSDT,HullMA-Cross,W09,"Hull(9/55) ATR×2.5",63,22.22,-15.85,0.56,-1.69,21.89,9.64
ETHUSDT,HullMA-Cross,W10,"Hull(21/55) ATR×2.5",48,20.83,-12.75,0.53,-1.74,15.42,8.98
ETHUSDT,HullMA-Cross,W11,"Hull(21/55) ATR×2.5",44,6.82,-22.73,0.02,-9.59,22.85,1.52
ETHUSDT,HullMA-Cross,W12,"Hull(16/55) ATR×2.5",37,29.73,0.54,1.03,0.06,5.77,21.89
ETHUSDT,HullMA-Cross,W13,"Hull(16/55) ATR×2.5",54,18.52,-15.33,0.59,-1.41,15.33,10.27
ETHUSDT,Vortex-Cross,W01,"Vortex(28) ATR×2.5",57,17.54,-28.77,0.38,-2.43,30.23,6.15
ETHUSDT,Vortex-Cross,W02,"Vortex(28) ATR×2.5",60,26.67,-21.12,0.39,-3.23,21.12,8.04
ETHUSDT,Vortex-Cross,W03,"Vortex(14) ATR×2.5",84,13.10,-38.14,0.25,-4.35,38.14,4.38
ETHUSDT,Vortex-Cross,W04,"Vortex(14) ATR×2.0",82,12.20,-30.27,0.27,-3.50,30.83,4.34
ETHUSDT,Vortex-Cross,W05,"Vortex(28) ATR×2.0",59,13.56,-21.06,0.24,-4.26,21.06,4.38
ETHUSDT,Vortex-Cross,W06,"Vortex(28) ATR×2.5",78,23.08,-6.05,0.79,-0.57,14.07,16.12
ETHUSDT,Vortex-Cross,W07,"Vortex(28) ATR×2.5",57,15.79,-3.95,0.85,-0.30,11.92,16.18
ETHUSDT,Vortex-Cross,W08,"Vortex(28) ATR×2.5",55,20.00,-18.07,0.45,-2.38,20.67,7.13
ETHUSDT,Vortex-Cross,W09,"Vortex(28) ATR×2.5",48,22.92,-9.24,0.63,-1.23,14.18,12.15
ETHUSDT,Vortex-Cross,W10,"Vortex(28) ATR×2.5",63,15.87,-11.39,0.55,-1.75,12.93,8.08
ETHUSDT,Vortex-Cross,W11,"Vortex(28) ATR×2.0",74,16.22,-18.01,0.43,-2.42,18.01,6.23
ETHUSDT,Vortex-Cross,W12,"Vortex(28) ATR×1.5",57,28.07,-6.12,0.75,-0.83,9.87,15.77
ETHUSDT,Vortex-Cross,W13,"Vortex(28) ATR×1.5",73,16.44,-16.22,0.55,-1.54,16.93,9.03
ETHUSDT,PSAR-Trail,W01,"PSAR(0.02/0.02/0.3) ATR×1.5",65,20.00,-32.41,0.30,-4.05,33.71,6.09
ETHUSDT,PSAR-Trail,W02,"PSAR(0.02/0.02/0.3) ATR×1.5",64,21.88,-29.08,0.38,-2.56,29.37,7.04
ETHUSDT,PSAR-Trail,W03,"PSAR(0.02/0.02/0.2) ATR×2.5",52,15.38,-22.18,0.37,-2.83,22.18,5.66
ETHUSDT,PSAR-Trail,W04,"PSAR(0.01/0.02/0.2) ATR×2.0",48,27.08,-8.12,0.79,-0.63,19.73,16.64
ETHUSDT,PSAR-Trail,W05,"PSAR(0.01/0.02/0.3) ATR×2.0",60,23.33,-19.96,0.40,-2.80,21.77,7.44
ETHUSDT,PSAR-Trail,W06,"PSAR(0.02/0.015/0.3) ATR×2.5",53,28.30,-14.81,0.60,-1.27,18.78,12.94
ETHUSDT,PSAR-Trail,W07,"PSAR(0.02/0.015/0.3) ATR×2.5",68,26.47,-11.44,0.73,-0.89,13.79,15.03
ETHUSDT,PSAR-Trail,W08,"PSAR(0.01/0.015/0.3) ATR×2.5",49,26.53,-12.31,0.64,-1.32,18.82,12.63
ETHUSDT,PSAR-Trail,W09,"PSAR(0.01/0.015/0.3) ATR×2.5",50,28.00,-8.44,0.75,-0.79,12.88,15.88
ETHUSDT,PSAR-Trail,W10,"PSAR(0.01/0.015/0.3) ATR×2.5",46,17.39,-15.64,0.36,-2.88,17.47,6.00
ETHUSDT,PSAR-Trail,W11,"PSAR(0.01/0.015/0.3) ATR×2.5",53,24.53,-18.19,0.39,-2.80,19.51,7.62
ETHUSDT,PSAR-Trail,W12,"PSAR(0.01/0.02/0.3) ATR×2.5",54,24.07,-12.67,0.68,-1.03,20.17,13.62
ETHUSDT,PSAR-Trail,W13,"PSAR(0.01/0.02/0.3) ATR×2.0",52,23.08,-18.66,0.54,-1.47,18.66,10.61
HBARUSDT,TripleEMA-MTF,W01,"EMA(5/21/55) ATR×2.5",22,27.27,-14.84,0.26,-2.63,17.86,7.30
HBARUSDT,TripleEMA-MTF,W02,"EMA(13/21/55) ATR×1.5",17,35.29,-7.65,0.28,-2.29,8.56,9.05
HBARUSDT,TripleEMA-MTF,W03,"EMA(13/21/89) ATR×2.0",11,18.18,-4.69,0.50,-0.87,8.24,11.88
HBARUSDT,TripleEMA-MTF,W04,"EMA(13/21/89) ATR×3.0",8,12.50,-6.58,0.12,-2.35,7.52,3.37
HBARUSDT,TripleEMA-MTF,W05,"EMA(5/21/55) ATR×2.0",22,40.91,3.66,1.43,0.60,2.20,30.67
HBARUSDT,TripleEMA-MTF,W06,"EMA(9/21/89) ATR×2.0",22,27.27,-4.25,0.64,-0.81,7.80,14.92
HBARUSDT,TripleEMA-MTF,W07,"EMA(9/21/89) ATR×2.5",17,29.41,5.02,1.41,0.45,6.46,28.95
HBARUSDT,TripleEMA-MTF,W08,"EMA(13/34/89) ATR×3.0",6,50.00,1.03,1.27,0.26,2.73,30.02
HBARUSDT,TripleEMA-MTF,W09,"EMA(13/34/55) ATR×3.0",20,25.00,-11.75,0.23,-2.90,11.75,6.64
HBARUSDT,TripleEMA-MTF,W10,"EMA(9/21/55) ATR×3.0",16,37.50,3.97,1.48,0.66,3.76,31.41
HBARUSDT,TripleEMA-MTF,W11,"EMA(9/21/89) ATR×3.0",14,7.14,-9.98,0.09,-4.47,11.01,2.08
HBARUSDT,TripleEMA-MTF,W12,"EMA(5/34/89) ATR×1.5",17,5.88,-9.73,0.27,-2.11,9.73,3.08
HBARUSDT,TripleEMA-MTF,W13,"EMA(13/21/55) ATR×2.0",20,25.00,-12.02,0.26,-2.87,12.02,6.82
HBARUSDT,Supertrend-MTF,W01,"ST(10,2.0) ATR×2.5",16,31.25,-13.34,0.27,-2.03,15.56,8.13
HBARUSDT,Supertrend-MTF,W02,"ST(14,2.0) ATR×2.5",20,50.00,13.53,2.21,1.23,4.42,45.69
HBARUSDT,Supertrend-MTF,W03,"ST(10,2.0) ATR×2.0",14,21.43,-6.09,0.52,-1.01,8.43,12.06
HBARUSDT,Supertrend-MTF,W04,"ST(10,2.5) ATR×2.0",17,35.29,-8.16,0.23,-2.65,8.97,8.69
HBARUSDT,Supertrend-MTF,W05,"ST(14,2.0) ATR×2.0",17,52.94,5.57,1.89,0.98,2.04,39.56
HBARUSDT,Supertrend-MTF,W06,"ST(7,2.0) ATR×2.5",29,34.48,4.57,1.23,0.39,7.17,27.03
HBARUSDT,Supertrend-MTF,W07,"ST(7,2.0) ATR×2.5",23,34.78,5.99,1.31,0.46,9.16,28.93
HBARUSDT,Supertrend-MTF,W08,"ST(14,2.0) ATR×2.5",16,37.50,-6.06,0.64,-0.78,9.09,17.08
HBARUSDT,Supertrend-MTF,W09,"ST(14,2.0) ATR×2.5",19,21.05,-11.35,0.30,-2.34,11.90,6.29
HBARUSDT,Supertrend-MTF,W10,"ST(14,2.0) ATR×2.5",23,34.78,-1.77,0.84,-0.33,5.23,19.80
HBARUSDT,Supertrend-MTF,W11,"ST(10,2.5) ATR×2.5",11,18.18,-4.26,0.52,-0.80,5.48,12.27
HBARUSDT,Supertrend-MTF,W12,"ST(10,2.5) ATR×2.5",15,33.33,25.52,2.86,0.83,9.20,55.46
HBARUSDT,Supertrend-MTF,W13,"ST(7,3.0) ATR×2.5",15,26.67,-16.48,0.20,-3.01,17.51,6.74
HBARUSDT,Donchian-MTF,W01,"Don(10) ATR×1.5",40,37.50,-12.72,0.58,-1.36,15.82,14.23
HBARUSDT,Donchian-MTF,W02,"Don(10) ATR×2.5",32,37.50,4.28,1.20,0.36,12.69,27.05
HBARUSDT,Donchian-MTF,W03,"Don(10) ATR×2.0",39,25.64,-16.76,0.44,-2.09,16.76,8.23
HBARUSDT,Donchian-MTF,W04,"Don(55) ATR×3.0",20,15.00,-11.69,0.44,-1.26,13.96,9.14
HBARUSDT,Donchian-MTF,W05,"Don(10) ATR×3.0",31,32.26,-11.16,0.54,-1.38,11.27,12.78
HBARUSDT,Donchian-MTF,W06,"Don(20) ATR×3.0",23,39.13,-0.17,0.99,-0.02,11.02,23.01
HBARUSDT,Donchian-MTF,W07,"Don(20) ATR×2.5",28,42.86,23.76,2.00,1.04,8.33,43.73
HBARUSDT,Donchian-MTF,W08,"Don(20) ATR×3.0",22,31.82,-14.58,0.51,-1.18,17.37,13.35
HBARUSDT,Donchian-MTF,W09,"Don(20) ATR×3.0",25,24.00,-14.61,0.29,-2.62,14.61,6.83
HBARUSDT,Donchian-MTF,W10,"Don(20) ATR×3.0",27,25.93,-12.23,0.44,-1.88,14.06,8.77
HBARUSDT,Donchian-MTF,W11,"Don(10) ATR×2.5",33,27.27,-6.37,0.71,-0.66,12.39,16.02
HBARUSDT,Donchian-MTF,W12,"Don(10) ATR×2.5",31,32.26,14.00,1.47,0.48,13.30,31.58
HBARUSDT,Donchian-MTF,W13,"Don(20) ATR×2.5",29,24.14,-19.76,0.46,-1.79,21.57,8.92
HBARUSDT,HullMA-Cross,W01,"Hull(21/55) ATR×1.5",46,26.09,-25.01,0.37,-2.68,26.10,7.80
HBARUSDT,HullMA-Cross,W02,"Hull(21/34) ATR×2.0",57,31.58,-12.17,0.66,-1.23,19.16,14.13
HBARUSDT,HullMA-Cross,W03,"Hull(16/55) ATR×2.5",50,38.00,-13.06,0.54,-1.59,17.46,13.06
HBARUSDT,HullMA-Cross,W04,"Hull(16/55) ATR×2.5",56,32.14,-26.41,0.31,-3.58,26.94,8.57
HBARUSDT,HullMA-Cross,W05,"Hull(16/55) ATR×2.0",56,26.79,-12.98,0.60,-1.48,18.01,11.77
HBARUSDT,HullMA-Cross,W06,"Hull(21/34) ATR×2.0",57,29.82,-3.30,0.89,-0.31,9.19,19.26
HBARUSDT,HullMA-Cross,W07,"Hull(21/55) ATR×1.5",43,27.91,-15.94,0.43,-2.20,18.86,8.57
HBARUSDT,HullMA-Cross,W08,"Hull(16/55) ATR×2.5",51,39.22,-3.11,0.92,-0.25,19.44,21.53
HBARUSDT,HullMA-Cross,W09,"Hull(21/55) ATR×2.5",40,15.00,-16.21,0.45,-2.04,19.81,6.18
HBARUSDT,HullMA-Cross,W10,"Hull(16/55) ATR×2.5",50,18.00,-19.77,0.39,-2.68,19.77,6.34
HBARUSDT,HullMA-Cross,W11,"Hull(21/55) ATR×2.5",50,22.00,-21.45,0.34,-3.21,22.20,6.75
HBARUSDT,HullMA-Cross,W12,"Hull(21/34) ATR×2.0",49,34.69,1.73,1.05,0.08,15.87,23.32
HBARUSDT,HullMA-Cross,W13,"Hull(16/55) ATR×2.5",47,29.79,-2.86,0.93,-0.16,24.59,20.14
HBARUSDT,Vortex-Cross,W01,"Vortex(21) ATR×1.5",83,26.51,-32.54,0.40,-3.04,36.75,8.10
HBARUSDT,Vortex-Cross,W02,"Vortex(21) ATR×1.5",53,26.42,-16.46,0.40,-2.35,17.26,8.07
HBARUSDT,Vortex-Cross,W03,"Vortex(21) ATR×2.0",80,16.25,-41.67,0.23,-5.31,41.67,4.83
HBARUSDT,Vortex-Cross,W04,"Vortex(14) ATR×2.0",85,29.41,-16.05,0.60,-1.87,21.53,10.60
HBARUSDT,Vortex-Cross,W05,"Vortex(14) ATR×2.0",79,22.78,-14.84,0.53,-2.03,16.36,8.29
HBARUSDT,Vortex-Cross,W06,"Vortex(14) ATR×2.0",83,19.28,-8.35,0.79,-0.62,17.86,15.17
HBARUSDT,Vortex-Cross,W07,"Vortex(14) ATR×2.0",84,22.62,-25.21,0.59,-1.62,25.99,10.29
HBARUSDT,Vortex-Cross,W08,"Vortex(21) ATR×2.5",74,29.73,-17.98,0.64,-1.54,18.02,12.34
HBARUSDT,Vortex-Cross,W09,"Vortex(21) ATR×2.5",66,21.21,-34.50,0.22,-5.12,34.50,5.80
HBARUSDT,Vortex-Cross,W10,"Vortex(21) ATR×2.5",62,29.03,-7.28,0.73,-0.97,11.67,15.21
HBARUSDT,Vortex-Cross,W11,"Vortex(28) ATR×1.5",57,14.04,-19.58,0.26,-4.37,21.64,4.61
HBARUSDT,Vortex-Cross,W12,"Vortex(28) ATR×2.0",56,30.36,-3.92,0.86,-0.41,8.38,18.70
HBARUSDT,Vortex-Cross,W13,"Vortex(28) ATR×2.0",50,30.00,-16.37,0.51,-1.92,16.41,9.94
HBARUSDT,PSAR-Trail,W01,"PSAR(0.01/0.015/0.2) ATR×2.5",55,23.64,-48.79,0.34,-3.11,50.15,7.11
HBARUSDT,PSAR-Trail,W02,"PSAR(0.02/0.015/0.2) ATR×1.5",70,32.86,-18.69,0.66,-1.32,20.26,14.01
HBARUSDT,PSAR-Trail,W03,"PSAR(0.02/0.015/0.2) ATR×2.0",59,35.59,-12.50,0.65,-1.30,19.20,14.59
HBARUSDT,PSAR-Trail,W04,"PSAR(0.02/0.015/0.2) ATR×2.0",60,38.33,-19.35,0.51,-2.20,19.35,11.21
HBARUSDT,PSAR-Trail,W05,"PSAR(0.02/0.015/0.2) ATR×2.0",58,27.59,-8.33,0.73,-0.90,16.69,15.18
HBARUSDT,PSAR-Trail,W06,"PSAR(0.02/0.015/0.2) ATR×2.5",73,24.66,-14.26,0.72,-0.91,16.19,14.48
HBARUSDT,PSAR-Trail,W07,"PSAR(0.01/0.015/0.3) ATR×2.5",58,36.21,4.73,1.09,0.21,23.24,24.88
HBARUSDT,PSAR-Trail,W08,"PSAR(0.01/0.015/0.2) ATR×2.5",55,34.55,-8.68,0.81,-0.60,11.62,18.43
HBARUSDT,PSAR-Trail,W09,"PSAR(0.01/0.015/0.2) ATR×2.5",62,22.58,-28.49,0.43,-2.82,28.71,7.55
HBARUSDT,PSAR-Trail,W10,"PSAR(0.01/0.015/0.2) ATR×2.5",57,38.60,-7.68,0.74,-0.86,15.31,17.62
HBARUSDT,PSAR-Trail,W11,"PSAR(0.01/0.015/0.2) ATR×2.5",50,26.00,-15.24,0.50,-1.90,16.54,9.07
HBARUSDT,PSAR-Trail,W12,"PSAR(0.01/0.015/0.2) ATR×2.5",52,38.46,12.65,1.37,0.75,7.20,31.16
HBARUSDT,PSAR-Trail,W13,"PSAR(0.01/0.015/0.2) ATR×2.5",62,30.65,-19.50,0.66,-1.26,33.89,13.85
ICPUSDT,TripleEMA-MTF,W01,"EMA(13/34/89) ATR×2.0",7,42.86,1.44,1.20,0.22,2.80,28.33
ICPUSDT,TripleEMA-MTF,W02,"EMA(9/34/89) ATR×3.0",15,46.67,-6.24,0.46,-1.16,7.98,16.04
ICPUSDT,TripleEMA-MTF,W03,"EMA(13/34/55) ATR×2.5",12,25.00,-8.06,0.26,-2.38,8.77,6.79
ICPUSDT,TripleEMA-MTF,W04,"EMA(13/34/89) ATR×1.5",8,25.00,-1.26,0.81,-0.23,5.01,18.00
ICPUSDT,TripleEMA-MTF,W05,"EMA(13/34/55) ATR×3.0",6,16.67,-0.10,0.98,-0.02,3.46,18.46
ICPUSDT,TripleEMA-MTF,W06,"EMA(9/21/89) ATR×1.5",28,28.57,-8.55,0.41,-2.19,8.74,8.58
ICPUSDT,TripleEMA-MTF,W07,"EMA(9/21/55) ATR×1.5",17,17.65,-8.82,0.19,-3.04,8.82,4.89
ICPUSDT,TripleEMA-MTF,W08,"EMA(13/34/89) ATR×3.0",12,16.67,-10.51,0.02,-4.19,10.59,3.45
ICPUSDT,TripleEMA-MTF,W09,"EMA(9/34/55) ATR×2.5",20,30.00,-6.96,0.52,-1.29,7.05,12.64
ICPUSDT,TripleEMA-MTF,W10,"EMA(13/34/55) ATR×2.5",10,30.00,-3.22,0.48,-1.05,4.96,13.33
ICPUSDT,TripleEMA-MTF,W11,"EMA(13/34/89) ATR×2.0",7,0.00,-4.58,0.00,-5.88,4.58,0.00
ICPUSDT,TripleEMA-MTF,W12,"EMA(13/34/89) ATR×1.5",10,30.00,-1.71,0.77,-0.30,5.91,18.50
ICPUSDT,TripleEMA-MTF,W13,"EMA(13/21/89) ATR×3.0",11,27.27,7.58,1.49,0.48,11.69,33.10
ICPUSDT,Supertrend-MTF,W01,"ST(14,2.0) ATR×2.5",14,21.43,-11.80,0.35,-1.75,11.80,7.76
ICPUSDT,Supertrend-MTF,W02,"ST(14,2.0) ATR×2.5",32,43.75,-4.07,0.82,-0.45,8.96,20.95
ICPUSDT,Supertrend-MTF,W03,"ST(10,2.0) ATR×2.5",27,7.41,-22.89,0.07,-5.53,23.61,1.98
ICPUSDT,Supertrend-MTF,W04,"ST(7,3.0) ATR×2.5",11,18.18,-6.71,0.35,-1.52,7.09,8.09
ICPUSDT,Supertrend-MTF,W05,"ST(14,3.0) ATR×2.0",7,0.00,-5.58,0.00,-3.48,5.58,0.00
ICPUSDT,Supertrend-MTF,W06,"ST(14,2.5) ATR×2.5",18,22.22,-9.34,0.32,-2.28,9.34,6.66
ICPUSDT,Supertrend-MTF,W07,"ST(14,2.5) ATR×2.5",14,35.71,0.55,1.06,0.07,6.09,23.61
ICPUSDT,Supertrend-MTF,W08,"ST(14,2.5) ATR×2.5",14,21.43,-12.76,0.15,-3.00,12.76,5.37
ICPUSDT,Supertrend-MTF,W09,"ST(10,2.5) ATR×2.5",15,26.67,-9.18,0.36,-1.86,9.18,8.42
ICPUSDT,Supertrend-MTF,W10,"ST(10,2.5) ATR×2.5",11,18.18,-5.71,0.21,-2.16,5.71,5.11
ICPUSDT,Supertrend-MTF,W11,"ST(14,2.0) ATR×2.0",15,20.00,-6.24,0.30,-1.99,6.24,6.13
ICPUSDT,Supertrend-MTF,W12,"ST(7,2.5) ATR×2.5",15,20.00,-12.03,0.29,-2.17,12.79,6.05
ICPUSDT,Supertrend-MTF,W13,"ST(7,3.0) ATR×2.0",13,15.38,-26.72,0.09,-3.94,26.72,3.70
ICPUSDT,Donchian-MTF,W01,"Don(55) ATR×2.5",17,35.29,2.21,1.13,0.17,8.88,25.31
ICPUSDT,Donchian-MTF,W02,"Don(55) ATR×2.5",24,29.17,-6.71,0.61,-0.92,9.22,14.63
ICPUSDT,Donchian-MTF,W03,"Don(20) ATR×2.5",29,24.14,-21.92,0.19,-3.78,21.92,6.18
ICPUSDT,Donchian-MTF,W04,"Don(10) ATR×1.5",47,25.53,-17.56,0.48,-2.03,17.56,8.49
ICPUSDT,Donchian-MTF,W05,"Don(20) ATR×3.0",21,38.10,-0.23,0.99,-0.02,6.80,22.79
ICPUSDT,Donchian-MTF,W06,"Don(20) ATR×3.0",27,29.63,-25.66,0.22,-3.45,25.66,7.49
ICPUSDT,Donchian-MTF,W07,"Don(20) ATR×2.5",29,24.14,-14.51,0.45,-1.74,18.37,9.07
ICPUSDT,Donchian-MTF,W08,"Don(55) ATR×3.0",17,11.76,-23.28,0.10,-4.58,23.28,3.07
ICPUSDT,Donchian-MTF,W09,"Don(10) ATR×3.0",31,25.81,-12.42,0.55,-1.48,12.42,11.17
ICPUSDT,Donchian-MTF,W10,"Don(55) ATR×3.0",20,20.00,-14.48,0.26,-2.83,15.18,5.85
ICPUSDT,Donchian-MTF,W11,"Don(20) ATR×3.0",22,27.27,-3.58,0.79,-0.39,8.69,17.75
ICPUSDT,Donchian-MTF,W12,"Don(20) ATR×3.0",21,38.10,18.40,1.78,0.58,11.57,39.61
ICPUSDT,Donchian-MTF,W13,"Don(55) ATR×2.5",21,42.86,16.31,1.40,0.60,22.09,36.98
ICPUSDT,HullMA-Cross,W01,"Hull(16/34) ATR×2.0",62,27.42,-25.72,0.46,-2.46,25.72,8.70
ICPUSDT,HullMA-Cross,W02,"Hull(16/34) ATR×2.5",63,33.33,-10.65,0.70,-1.03,17.61,15.60
ICPUSDT,HullMA-Cross,W03,"Hull(21/34) ATR×2.5",62,35.48,-22.46,0.46,-2.66,23.71,10.29
ICPUSDT,HullMA-Cross,W04,"Hull(21/34) ATR×2.5",64,34.38,-27.61,0.42,-2.92,30.00,9.81
ICPUSDT,HullMA-Cross,W05,"Hull(21/34) ATR×2.5",54,44.44,-3.19,0.90,-0.28,13.67,22.37
ICPUSDT,HullMA-Cross,W06,"Hull(21/34) ATR×2.5",59,18.64,-42.66,0.16,-5.90,42.66,4.83
ICPUSDT,HullMA-Cross,W07,"Hull(16/34) ATR×2.5",71,30.99,-17.35,0.57,-1.81,19.76,10.99
ICPUSDT,HullMA-Cross,W08,"Hull(16/34) ATR×2.5",69,26.09,-37.74,0.35,-3.73,38.57,7.65
ICPUSDT,HullMA-Cross,W09,"Hull(16/55) ATR×2.5",51,27.45,-16.36,0.54,-1.80,22.84,10.10
ICPUSDT,HullMA-Cross,W10,"Hull(21/55) ATR×2.5",42,21.43,-17.90,0.32,-3.14,19.30,6.50
ICPUSDT,HullMA-Cross,W11,"Hull(21/55) ATR×2.5",52,21.15,-18.98,0.40,-2.72,20.43,7.07
ICPUSDT,HullMA-Cross,W12,"Hull(21/34) ATR×2.5",50,36.00,4.50,1.14,0.23,16.48,25.37
ICPUSDT,HullMA-Cross,W13,"Hull(21/55) ATR×1.5",52,30.77,7.03,1.11,0.23,22.71,24.60
ICPUSDT,Vortex-Cross,W01,"Vortex(14) ATR×2.5",75,25.33,-11.10,0.76,-0.70,26.23,15.79
ICPUSDT,Vortex-Cross,W02,"Vortex(14) ATR×2.5",67,26.87,-11.36,0.70,-1.03,20.42,14.30
ICPUSDT,Vortex-Cross,W03,"Vortex(14) ATR×2.5",100,18.00,-43.80,0.22,-6.15,43.80,5.11
ICPUSDT,Vortex-Cross,W04,"Vortex(14) ATR×2.5",87,26.44,-34.63,0.39,-3.16,34.63,8.05
ICPUSDT,Vortex-Cross,W05,"Vortex(28) ATR×1.5",51,25.49,-17.94,0.35,-3.25,20.46,7.54
ICPUSDT,Vortex-Cross,W06,"Vortex(14) ATR×2.5",69,17.39,-30.03,0.37,-3.14,30.03,6.05
ICPUSDT,Vortex-Cross,W07,"Vortex(21) ATR×2.5",71,25.35,-23.43,0.42,-2.83,24.90,8.02
ICPUSDT,Vortex-Cross,W08,"Vortex(21) ATR×2.5",78,23.08,-28.77,0.39,-3.29,32.99,7.32
ICPUSDT,Vortex-Cross,W09,"Vortex(14) ATR×2.5",91,16.48,-34.09,0.38,-3.65,37.79,5.93
ICPUSDT,Vortex-Cross,W10,"Vortex(14) ATR×2.5",91,20.88,-29.75,0.29,-4.83,32.03,6.23
ICPUSDT,Vortex-Cross,W11,"Vortex(28) ATR×2.0",58,13.79,-20.06,0.39,-2.23,22.65,5.48
ICPUSDT,Vortex-Cross,W12,"Vortex(28) ATR×2.0",54,27.78,-6.07,0.76,-0.68,14.00,16.39
ICPUSDT,Vortex-Cross,W13,"Vortex(14) ATR×2.0",89,32.58,8.90,1.09,0.23,27.74,24.42
ICPUSDT,PSAR-Trail,W01,"PSAR(0.02/0.02/0.2) ATR×2.5",72,31.94,-6.56,0.87,-0.36,25.08,19.34
ICPUSDT,PSAR-Trail,W02,"PSAR(0.02/0.02/0.2) ATR×2.0",68,32.35,-23.35,0.56,-1.93,23.35,10.69
ICPUSDT,PSAR-Trail,W03,"PSAR(0.02/0.02/0.3) ATR×1.5",73,27.40,-24.65,0.46,-2.70,27.58,8.70
ICPUSDT,PSAR-Trail,W04,"PSAR(0.02/0.02/0.3) ATR×2.5",75,26.67,-36.71,0.41,-3.07,36.71,8.23
ICPUSDT,PSAR-Trail,W05,"PSAR(0.02/0.02/0.3) ATR×2.5",68,39.71,6.91,1.17,0.48,10.85,27.45
ICPUSDT,PSAR-Trail,W06,"PSAR(0.02/0.02/0.2) ATR×2.0",85,23.53,-43.33,0.33,-4.38,43.48,7.04
ICPUSDT,PSAR-Trail,W07,"PSAR(0.01/0.015/0.2) ATR×2.5",58,29.31,-18.34,0.59,-1.73,20.58,11.09
ICPUSDT,PSAR-Trail,W08,"PSAR(0.01/0.015/0.2) ATR×2.5",65,33.85,-32.37,0.41,-3.00,34.21,9.63
ICPUSDT,PSAR-Trail,W09,"PSAR(0.01/0.015/0.3) ATR×2.5",59,22.03,-29.19,0.41,-2.93,32.23,7.28
ICPUSDT,PSAR-Trail,W10,"PSAR(0.01/0.015/0.3) ATR×2.5",55,18.18,-27.01,0.20,-5.42,27.66,5.02
ICPUSDT,PSAR-Trail,W11,"PSAR(0.01/0.02/0.3) ATR×2.5",65,27.69,-18.27,0.48,-2.29,19.94,8.87
ICPUSDT,PSAR-Trail,W12,"PSAR(0.01/0.02/0.2) ATR×2.5",59,33.90,4.91,1.12,0.20,21.03,24.63
ICPUSDT,PSAR-Trail,W13,"PSAR(0.02/0.015/0.3) ATR×2.5",68,33.82,40.43,1.40,0.84,18.90,34.37
LTCUSDT,TripleEMA-MTF,W01,"EMA(13/34/89) ATR×1.5",13,15.38,-11.43,0.08,-4.63,11.43,3.65
LTCUSDT,TripleEMA-MTF,W02,"EMA(5/21/89) ATR×2.5",18,22.22,7.78,1.69,0.55,6.19,31.24
LTCUSDT,TripleEMA-MTF,W03,"EMA(9/21/89) ATR×3.0",24,8.33,-20.64,0.05,-5.83,20.64,2.04
LTCUSDT,TripleEMA-MTF,W04,"EMA(13/34/89) ATR×3.0",7,14.29,-4.63,0.18,-1.94,5.62,4.34
LTCUSDT,TripleEMA-MTF,W05,"EMA(9/34/55) ATR×3.0",9,22.22,-1.41,0.73,-0.34,4.36,16.43
LTCUSDT,TripleEMA-MTF,W06,"EMA(9/34/55) ATR×2.5",17,17.65,-8.80,0.25,-2.28,8.97,5.28
LTCUSDT,TripleEMA-MTF,W07,"EMA(9/34/89) ATR×3.0",6,50.00,2.24,2.15,0.58,1.93,39.55
LTCUSDT,TripleEMA-MTF,W08,"EMA(9/34/89) ATR×3.0",11,18.18,3.98,1.55,0.36,3.89,27.91
LTCUSDT,TripleEMA-MTF,W09,"EMA(9/34/89) ATR×2.5",12,8.33,-8.94,0.01,-4.88,8.94,1.71
LTCUSDT,TripleEMA-MTF,W10,"EMA(9/34/89) ATR×2.5",17,5.88,-8.99,0.07,-5.08,8.99,1.67
LTCUSDT,TripleEMA-MTF,W11,"EMA(5/21/55) ATR×2.0",23,13.04,-11.26,0.12,-4.56,11.26,3.47
LTCUSDT,TripleEMA-MTF,W12,"EMA(13/34/89) ATR×3.0",8,25.00,-3.27,0.61,-0.60,4.37,15.11
LTCUSDT,TripleEMA-MTF,W13,"EMA(9/34/89) ATR×2.0",16,12.50,-10.24,0.39,-1.64,11.58,6.69
LTCUSDT,Supertrend-MTF,W01,"ST(10,3.0) ATR×2.5",6,16.67,-3.18,0.66,-0.42,6.91,14.57
LTCUSDT,Supertrend-MTF,W02,"ST(10,3.0) ATR×2.5",12,33.33,8.19,1.86,0.61,3.61,37.38
LTCUSDT,Supertrend-MTF,W03,"ST(10,3.0) ATR×2.5",10,20.00,-8.07,0.14,-2.73,8.42,4.96
LTCUSDT,Supertrend-MTF,W04,"ST(7,3.0) ATR×2.5",5,40.00,2.82,1.95,0.48,1.70,37.61
LTCUSDT,Supertrend-MTF,W05,"ST(7,3.0) ATR×2.5",11,27.27,-1.76,0.76,-0.36,4.25,17.64
LTCUSDT,Supertrend-MTF,W06,"ST(7,3.0) ATR×2.5",13,23.08,-3.10,0.62,-0.67,4.38,14.54
LTCUSDT,Supertrend-MTF,W07,"ST(7,3.0) ATR×2.5",8,50.00,-0.32,0.93,-0.09,2.29,24.44
LTCUSDT,Supertrend-MTF,W08,"ST(10,2.0) ATR×2.5",18,11.11,-20.31,0.03,-6.97,20.53,2.43
LTCUSDT,Supertrend-MTF,W09,"ST(7,3.0) ATR×2.0",14,21.43,-7.24,0.09,-3.35,7.24,4.95
LTCUSDT,Supertrend-MTF,W10,"ST(7,2.0) ATR×1.5",18,16.67,-8.35,0.04,-5.14,8.35,3.63
LTCUSDT,Supertrend-MTF,W11,"ST(7,2.0) ATR×1.5",22,18.18,-5.58,0.53,-1.25,8.53,10.51
LTCUSDT,Supertrend-MTF,W12,"ST(7,2.5) ATR×2.5",11,36.36,0.76,1.08,0.10,5.43,24.28
LTCUSDT,Supertrend-MTF,W13,"ST(7,3.0) ATR×2.0",12,41.67,-1.02,0.91,-0.14,8.31,22.46
LTCUSDT,Donchian-MTF,W01,"Don(55) ATR×2.0",28,28.57,-13.12,0.53,-1.18,19.13,12.85
LTCUSDT,Donchian-MTF,W02,"Don(55) ATR×3.0",18,33.33,6.06,1.33,0.32,10.12,29.05
LTCUSDT,Donchian-MTF,W03,"Don(20) ATR×3.0",25,20.00,-14.95,0.33,-2.25,15.34,6.32
LTCUSDT,Donchian-MTF,W04,"Don(20) ATR×3.0",23,30.43,-12.70,0.50,-1.41,20.89,12.06
LTCUSDT,Donchian-MTF,W05,"Don(55) ATR×3.0",13,38.46,1.94,1.21,0.20,6.16,26.80
LTCUSDT,Donchian-MTF,W06,"Don(55) ATR×3.0",19,21.05,-7.81,0.43,-1.40,7.81,9.71
LTCUSDT,Donchian-MTF,W07,"Don(55) ATR×2.5",23,30.43,1.12,1.08,0.14,9.27,23.04
LTCUSDT,Donchian-MTF,W08,"Don(20) ATR×3.0",24,16.67,-16.02,0.49,-1.23,20.39,9.99
LTCUSDT,Donchian-MTF,W09,"Don(55) ATR×3.0",20,15.00,-12.40,0.49,-1.32,15.16,9.25
LTCUSDT,Donchian-MTF,W10,"Don(20) ATR×3.0",22,27.27,-9.50,0.43,-1.84,10.13,9.13
LTCUSDT,Donchian-MTF,W11,"Don(55) ATR×2.5",17,29.41,8.05,1.71,0.64,4.62,33.58
LTCUSDT,Donchian-MTF,W12,"Don(55) ATR×3.0",16,31.25,-7.04,0.59,-0.81,12.93,15.35
LTCUSDT,Donchian-MTF,W13,"Don(55) ATR×3.0",14,35.71,-3.03,0.72,-0.44,7.72,18.70
LTCUSDT,HullMA-Cross,W01,"Hull(16/34) ATR×2.5",61,29.51,-19.01,0.62,-1.45,19.50,12.52
LTCUSDT,HullMA-Cross,W02,"Hull(16/34) ATR×2.5",66,28.79,-8.88,0.79,-0.66,22.83,16.84
LTCUSDT,HullMA-Cross,W03,"Hull(16/34) ATR×2.0",60,20.00,-28.25,0.29,-3.91,30.17,6.02
LTCUSDT,HullMA-Cross,W04,"Hull(16/34) ATR×2.0",64,26.56,-12.67,0.67,-1.10,13.99,13.75
LTCUSDT,HullMA-Cross,W05,"Hull(16/34) ATR×1.5",72,16.67,-21.75,0.32,-3.72,23.43,5.59
LTCUSDT,HullMA-Cross,W06,"Hull(21/34) ATR×2.5",63,19.05,-27.99,0.26,-4.39,29.09,5.66
LTCUSDT,HullMA-Cross,W07,"Hull(16/55) ATR×2.0",61,31.15,-9.90,0.68,-1.10,16.70,14.75
LTCUSDT,HullMA-Cross,W08,"Hull(16/55) ATR×2.0",56,28.57,-16.43,0.57,-1.60,22.06,11.33
LTCUSDT,HullMA-Cross,W09,"Hull(21/55) ATR×2.5",41,29.27,-12.84,0.57,-1.45,16.85,12.09
LTCUSDT,HullMA-Cross,W10,"Hull(21/55) ATR×2.5",46,21.74,-21.21,0.19,-4.73,21.21,5.65
LTCUSDT,HullMA-Cross,W11,"Hull(16/34) ATR×2.5",62,25.81,-13.99,0.52,-1.73,15.65,9.89
LTCUSDT,HullMA-Cross,W12,"Hull(21/55) ATR×2.5",41,34.15,6.28,1.20,0.32,10.15,26.43
LTCUSDT,HullMA-Cross,W13,"Hull(21/55) ATR×2.5",42,28.57,-10.92,0.67,-1.01,18.47,14.56
LTCUSDT,Vortex-Cross,W01,"Vortex(14) ATR×2.0",86,22.09,-31.15,0.36,-3.54,31.42,6.92
LTCUSDT,Vortex-Cross,W02,"Vortex(14) ATR×2.5",83,22.89,-8.82,0.76,-0.72,17.68,15.24
LTCUSDT,Vortex-Cross,W03,"Vortex(14) ATR×2.0",87,13.79,-46.26,0.14,-7.07,47.33,3.77
LTCUSDT,Vortex-Cross,W04,"Vortex(28) ATR×2.5",57,22.81,-20.70,0.41,-2.55,21.75,7.43
LTCUSDT,Vortex-Cross,W05,"Vortex(14) ATR×2.0",83,24.10,-19.69,0.51,-2.31,19.69,8.40
LTCUSDT,Vortex-Cross,W06,"Vortex(14) ATR×2.5",93,15.05,-35.40,0.27,-4.53,36.03,4.88
LTCUSDT,Vortex-Cross,W07,"Vortex(14) ATR×2.5",77,22.08,-11.19,0.71,-1.00,19.30,13.56
LTCUSDT,Vortex-Cross,W08,"Vortex(28) ATR×2.0",61,22.95,-28.44,0.24,-4.29,33.12,6.24
LTCUSDT,Vortex-Cross,W09,"Vortex(28) ATR×2.0",60,15.00,-29.90,0.17,-6.13,29.90,4.17
LTCUSDT,Vortex-Cross,W10,"Vortex(21) ATR×2.0",85,12.94,-30.60,0.15,-7.38,32.37,3.65
LTCUSDT,Vortex-Cross,W11,"Vortex(21) ATR×2.0",67,16.42,-26.73,0.15,-6.44,27.97,4.36
LTCUSDT,Vortex-Cross,W12,"Vortex(21) ATR×2.5",63,17.46,-27.50,0.26,-3.69,27.50,5.34
LTCUSDT,Vortex-Cross,W13,"Vortex(28) ATR×2.0",58,25.86,1.84,1.05,0.12,9.80,21.66
LTCUSDT,PSAR-Trail,W01,"PSAR(0.02/0.015/0.2) ATR×2.5",62,27.42,-26.99,0.50,-2.01,34.42,8.96
LTCUSDT,PSAR-Trail,W02,"PSAR(0.01/0.015/0.3) ATR×2.5",50,22.00,-21.84,0.49,-1.51,24.41,9.89
LTCUSDT,PSAR-Trail,W03,"PSAR(0.01/0.015/0.2) ATR×2.5",50,30.00,-20.31,0.42,-2.48,24.78,8.95
LTCUSDT,PSAR-Trail,W04,"PSAR(0.01/0.015/0.2) ATR×1.5",52,17.31,-27.99,0.37,-3.22,29.90,6.04
LTCUSDT,PSAR-Trail,W05,"PSAR(0.01/0.015/0.2) ATR×2.0",50,32.00,-8.58,0.67,-1.04,9.51,15.10
LTCUSDT,PSAR-Trail,W06,"PSAR(0.01/0.015/0.2) ATR×2.0",59,22.03,-18.68,0.50,-1.90,24.54,8.35
LTCUSDT,PSAR-Trail,W07,"PSAR(0.01/0.015/0.2) ATR×2.0",54,24.07,-26.43,0.40,-2.63,26.76,7.62
LTCUSDT,PSAR-Trail,W08,"PSAR(0.01/0.015/0.3) ATR×2.5",53,30.19,-22.14,0.49,-2.15,24.25,9.49
LTCUSDT,PSAR-Trail,W09,"PSAR(0.01/0.015/0.2) ATR×2.5",54,12.96,-27.41,0.33,-3.22,27.66,4.88
LTCUSDT,PSAR-Trail,W10,"PSAR(0.01/0.015/0.2) ATR×2.5",53,24.53,-17.98,0.36,-3.16,19.64,7.45
LTCUSDT,PSAR-Trail,W11,"PSAR(0.01/0.015/0.2) ATR×2.0",60,18.33,-17.40,0.49,-1.85,18.68,7.73
LTCUSDT,PSAR-Trail,W12,"PSAR(0.01/0.02/0.3) ATR×2.5",55,30.91,-12.38,0.71,-0.88,18.20,15.79
LTCUSDT,PSAR-Trail,W13,"PSAR(0.01/0.02/0.3) ATR×2.5",56,26.79,-2.59,0.93,-0.18,11.00,19.47
QNTUSDT,TripleEMA-MTF,W01,"EMA(5/21/55) ATR×3.0",27,33.33,-1.63,0.91,-0.16,5.60,20.68
QNTUSDT,TripleEMA-MTF,W02,"EMA(9/34/89) ATR×2.5",20,25.00,-3.03,0.73,-0.53,7.32,16.25
QNTUSDT,TripleEMA-MTF,W03,"EMA(13/34/89) ATR×2.5",12,25.00,-5.13,0.52,-1.02,6.67,12.71
QNTUSDT,TripleEMA-MTF,W04,"EMA(13/34/89) ATR×3.0",25,16.00,-13.70,0.40,-1.88,14.06,6.51
QNTUSDT,TripleEMA-MTF,W05,"EMA(9/21/89) ATR×2.0",23,43.48,0.41,1.03,0.05,6.02,24.64
QNTUSDT,TripleEMA-MTF,W06,"EMA(9/21/89) ATR×3.0",18,22.22,-9.27,0.35,-1.93,9.27,7.18
QNTUSDT,TripleEMA-MTF,W07,"EMA(13/21/89) ATR×2.0",14,35.71,1.15,1.22,0.28,2.98,26.02
QNTUSDT,TripleEMA-MTF,W08,"EMA(9/34/55) ATR×2.0",10,70.00,5.67,3.25,1.64,1.41,57.58
QNTUSDT,TripleEMA-MTF,W09,"EMA(9/34/89) ATR×3.0",17,29.41,-3.66,0.60,-0.91,4.88,14.58
QNTUSDT,TripleEMA-MTF,W10,"EMA(9/34/89) ATR×3.0",15,40.00,-3.19,0.62,-0.84,3.19,17.12
QNTUSDT,TripleEMA-MTF,W11,"EMA(9/34/89) ATR×2.0",11,18.18,-4.14,0.18,-2.49,4.24,4.91
QNTUSDT,TripleEMA-MTF,W12,"EMA(13/21/89) ATR×2.0",16,25.00,-11.59,0.26,-2.54,11.79,6.81
QNTUSDT,TripleEMA-MTF,W13,"EMA(9/21/89) ATR×1.5",14,21.43,-4.95,0.40,-1.46,6.65,9.34
QNTUSDT,Supertrend-MTF,W01,"ST(14,2.0) ATR×2.0",19,31.58,-10.99,0.20,-2.67,10.99,7.69
QNTUSDT,Supertrend-MTF,W02,"ST(7,2.0) ATR×2.0",16,31.25,-2.09,0.80,-0.32,5.81,18.84
QNTUSDT,Supertrend-MTF,W03,"ST(14,2.5) ATR×2.5",18,27.78,-2.34,0.78,-0.41,5.25,17.67
QNTUSDT,Supertrend-MTF,W04,"ST(14,2.5) ATR×2.5",23,30.43,-15.26,0.39,-1.97,17.19,8.94
QNTUSDT,Supertrend-MTF,W05,"ST(10,2.0) ATR×2.0",25,44.00,-4.09,0.69,-0.78,8.16,18.75
QNTUSDT,Supertrend-MTF,W06,"ST(14,2.5) ATR×2.0",17,35.29,-4.09,0.65,-0.70,8.15,16.98
QNTUSDT,Supertrend-MTF,W07,"ST(10,2.0) ATR×2.5",24,20.83,-8.31,0.46,-1.51,8.31,9.40
QNTUSDT,Supertrend-MTF,W08,"ST(14,2.5) ATR×2.0",18,38.89,-5.29,0.60,-0.97,7.87,16.26
QNTUSDT,Supertrend-MTF,W09,"ST(10,3.0) ATR×2.5",7,28.57,-4.06,0.21,-2.05,4.06,7.18
QNTUSDT,Supertrend-MTF,W10,"ST(10,3.0) ATR×2.0",13,30.77,-3.08,0.49,-1.07,3.18,13.46
QNTUSDT,Supertrend-MTF,W11,"ST(10,3.0) ATR×1.5",13,23.08,-6.84,0.07,-3.38,6.84,5.09
QNTUSDT,Supertrend-MTF,W12,"ST(14,3.0) ATR×2.5",11,18.18,-7.15,0.42,-1.19,8.29,9.97
QNTUSDT,Supertrend-MTF,W13,"ST(14,2.5) ATR×2.0",16,25.00,-11.55,0.18,-3.01,11.55,6.23
QNTUSDT,Donchian-MTF,W01,"Don(55) ATR×2.0",26,23.08,-11.84,0.48,-1.61,13.12,9.58
QNTUSDT,Donchian-MTF,W02,"Don(55) ATR×3.0",19,21.05,-7.23,0.55,-0.81,7.65,13.06
QNTUSDT,Donchian-MTF,W03,"Don(55) ATR×2.5",20,40.00,-9.73,0.23,-2.53,10.90,9.58
QNTUSDT,Donchian-MTF,W04,"Don(55) ATR×2.5",26,26.92,-16.52,0.45,-1.81,22.17,9.33
QNTUSDT,Donchian-MTF,W05,"Don(55) ATR×2.5",25,28.00,-15.90,0.33,-2.63,16.82,7.89
QNTUSDT,Donchian-MTF,W06,"Don(10) ATR×3.0",29,27.59,-7.11,0.73,-0.65,13.97,16.27
QNTUSDT,Donchian-MTF,W07,"Don(55) ATR×3.0",21,14.29,-14.62,0.16,-3.64,15.63,3.97
QNTUSDT,Donchian-MTF,W08,"Don(55) ATR×3.0",22,18.18,-14.86,0.46,-1.38,18.79,9.46
QNTUSDT,Donchian-MTF,W09,"Don(20) ATR×3.0",28,10.71,-27.69,0.05,-7.63,27.69,2.46
QNTUSDT,Donchian-MTF,W10,"Don(10) ATR×2.0",42,16.67,-18.85,0.24,-4.03,21.56,5.00
QNTUSDT,Donchian-MTF,W11,"Don(10) ATR×1.5",43,32.56,-14.02,0.40,-2.51,14.42,9.32
QNTUSDT,Donchian-MTF,W12,"Don(20) ATR×3.0",18,27.78,6.41,1.39,0.41,5.79,28.90
QNTUSDT,Donchian-MTF,W13,"Don(55) ATR×2.5",17,35.29,4.09,1.27,0.35,6.90,28.12
QNTUSDT,HullMA-Cross,W01,"Hull(16/55) ATR×2.5",54,33.33,-12.93,0.66,-1.22,15.63,14.51
QNTUSDT,HullMA-Cross,W02,"Hull(16/55) ATR×2.5",45,20.00,-23.04,0.39,-2.63,23.47,6.70
QNTUSDT,HullMA-Cross,W03,"Hull(16/55) ATR×2.5",43,27.91,-7.25,0.62,-1.20,10.14,13.30
QNTUSDT,HullMA-Cross,W04,"Hull(21/34) ATR×2.0",60,30.00,-13.24,0.68,-1.25,21.89,13.87
QNTUSDT,HullMA-Cross,W05,"Hull(21/34) ATR×1.5",55,32.73,-9.22,0.67,-1.18,11.56,14.61
QNTUSDT,HullMA-Cross,W06,"Hull(16/55) ATR×2.0",50,32.00,-9.08,0.69,-0.87,19.99,15.91
QNTUSDT,HullMA-Cross,W07,"Hull(16/55) ATR×2.5",49,24.49,-14.53,0.45,-2.15,19.05,8.07
QNTUSDT,HullMA-Cross,W08,"Hull(21/55) ATR×2.5",44,40.91,2.93,1.13,0.33,9.62,26.48
QNTUSDT,HullMA-Cross,W09,"Hull(21/55) ATR×2.0",37,27.03,-10.37,0.46,-2.03,10.79,8.64
QNTUSDT,HullMA-Cross,W10,"Hull(21/55) ATR×2.5",34,23.53,-10.98,0.39,-2.38,12.84,7.43
QNTUSDT,HullMA-Cross,W11,"Hull(21/55) ATR×2.0",38,39.47,-0.73,0.95,-0.11,4.75,22.38
QNTUSDT,HullMA-Cross,W12,"Hull(21/55) ATR×2.5",35,42.86,-2.00,0.91,-0.16,11.94,22.61
QNTUSDT,HullMA-Cross,W13,"Hull(21/55) ATR×2.0",43,18.60,-12.67,0.67,-0.69,15.31,13.85
QNTUSDT,Vortex-Cross,W01,"Vortex(14) ATR×1.5",93,25.81,-21.61,0.52,-2.39,22.56,8.79
QNTUSDT,Vortex-Cross,W02,"Vortex(14) ATR×1.5",84,22.62,-24.74,0.38,-2.34,31.37,7.19
QNTUSDT,Vortex-Cross,W03,"Vortex(14) ATR×2.5",65,20.00,-28.08,0.27,-4.45,28.60,5.91
QNTUSDT,Vortex-Cross,W04,"Vortex(14) ATR×2.0",88,27.27,-18.11,0.58,-1.87,18.30,10.09
QNTUSDT,Vortex-Cross,W05,"Vortex(14) ATR×1.5",75,26.67,-4.44,0.83,-0.54,11.40,17.26
QNTUSDT,Vortex-Cross,W06,"Vortex(21) ATR×2.0",66,34.85,-2.63,0.91,-0.25,7.74,20.65
QNTUSDT,Vortex-Cross,W07,"Vortex(21) ATR×2.0",62,20.97,-13.02,0.55,-1.73,13.20,9.16
QNTUSDT,Vortex-Cross,W08,"Vortex(21) ATR×2.0",59,27.12,-12.79,0.52,-2.04,17.04,9.08
QNTUSDT,Vortex-Cross,W09,"Vortex(21) ATR×2.5",72,19.44,-24.18,0.34,-3.14,24.18,6.30
QNTUSDT,Vortex-Cross,W10,"Vortex(21) ATR×2.5",69,24.64,-12.73,0.48,-2.37,16.68,8.28
QNTUSDT,Vortex-Cross,W11,"Vortex(21) ATR×2.5",65,26.15,-13.11,0.56,-1.62,13.85,10.78
QNTUSDT,Vortex-Cross,W12,"Vortex(21) ATR×2.5",76,15.79,-44.14,0.12,-5.65,44.14,3.98
QNTUSDT,Vortex-Cross,W13,"Vortex(14) ATR×2.0",91,19.78,-23.20,0.62,-1.14,23.77,11.85
QNTUSDT,PSAR-Trail,W01,"PSAR(0.01/0.02/0.3) ATR×2.0",55,30.91,-26.57,0.41,-2.80,26.63,9.05
QNTUSDT,PSAR-Trail,W02,"PSAR(0.01/0.02/0.3) ATR×2.0",58,27.59,-33.03,0.35,-3.20,33.03,7.97
QNTUSDT,PSAR-Trail,W03,"PSAR(0.01/0.02/0.3) ATR×2.0",54,27.78,-20.57,0.42,-2.79,23.91,8.51
QNTUSDT,PSAR-Trail,W04,"PSAR(0.01/0.02/0.2) ATR×2.0",64,34.38,-15.07,0.68,-1.28,20.62,14.62
QNTUSDT,PSAR-Trail,W05,"PSAR(0.02/0.015/0.3) ATR×2.5",58,31.03,-15.45,0.59,-1.73,20.61,11.50
QNTUSDT,PSAR-Trail,W06,"PSAR(0.02/0.02/0.3) ATR×2.5",75,37.33,-6.93,0.83,-0.59,18.95,19.18
QNTUSDT,PSAR-Trail,W07,"PSAR(0.02/0.015/0.3) ATR×1.5",53,22.64,-20.52,0.38,-2.85,20.52,7.20
QNTUSDT,PSAR-Trail,W08,"PSAR(0.01/0.015/0.3) ATR×2.5",59,33.90,-13.23,0.69,-1.23,16.27,14.80
QNTUSDT,PSAR-Trail,W09,"PSAR(0.01/0.015/0.3) ATR×2.5",52,25.00,-24.28,0.29,-4.24,26.21,7.02
QNTUSDT,PSAR-Trail,W10,"PSAR(0.01/0.015/0.2) ATR×2.5",50,32.00,-17.56,0.34,-3.40,19.14,8.77
QNTUSDT,PSAR-Trail,W11,"PSAR(0.01/0.015/0.3) ATR×2.0",49,44.90,3.05,1.14,0.34,6.20,27.31
QNTUSDT,PSAR-Trail,W12,"PSAR(0.01/0.015/0.3) ATR×2.0",43,27.91,-9.09,0.72,-0.77,19.28,15.78
QNTUSDT,PSAR-Trail,W13,"PSAR(0.01/0.015/0.3) ATR×2.0",48,22.92,-30.37,0.40,-2.73,30.46,7.40
SOLUSDT,TripleEMA-MTF,W01,"EMA(13/21/89) ATR×1.5",16,31.25,-3.48,0.74,-0.44,8.54,17.97
SOLUSDT,TripleEMA-MTF,W02,"EMA(13/34/89) ATR×2.0",9,0.00,-11.04,0.00,-6.25,11.04,0.00
SOLUSDT,TripleEMA-MTF,W03,"EMA(5/21/55) ATR×2.0",25,28.00,-10.46,0.36,-2.21,10.46,8.12
SOLUSDT,TripleEMA-MTF,W04,"EMA(5/34/89) ATR×2.0",13,0.00,-8.28,0.00,-7.55,8.28,0.00
SOLUSDT,TripleEMA-MTF,W05,"EMA(5/21/89) ATR×2.0",34,23.53,-6.98,0.59,-1.18,10.14,12.30
SOLUSDT,TripleEMA-MTF,W06,"EMA(13/34/89) ATR×2.5",14,35.71,3.75,1.42,0.42,3.45,29.82
SOLUSDT,TripleEMA-MTF,W07,"EMA(9/34/89) ATR×2.5",20,20.00,-7.49,0.47,-1.44,10.89,9.64
SOLUSDT,TripleEMA-MTF,W08,"EMA(9/34/89) ATR×3.0",15,26.67,-2.72,0.77,-0.36,8.52,17.56
SOLUSDT,TripleEMA-MTF,W09,"EMA(9/34/55) ATR×3.0",11,45.45,-0.96,0.85,-0.23,3.65,22.43
SOLUSDT,TripleEMA-MTF,W10,"EMA(13/34/89) ATR×2.5",11,45.45,1.92,1.29,0.34,2.13,29.61
SOLUSDT,TripleEMA-MTF,W11,"EMA(13/34/89) ATR×1.5",3,66.67,-0.06,0.92,-0.06,0.84,0.00
SOLUSDT,TripleEMA-MTF,W12,"EMA(13/34/89) ATR×1.5",5,20.00,0.03,1.01,0.01,2.39,19.46
SOLUSDT,TripleEMA-MTF,W13,"EMA(9/34/55) ATR×1.5",25,32.00,-3.30,0.77,-0.49,6.55,18.07
SOLUSDT,Supertrend-MTF,W01,"ST(14,2.0) ATR×2.5",11,27.27,-0.20,0.98,-0.02,6.37,20.60
SOLUSDT,Supertrend-MTF,W02,"ST(7,2.0) ATR×2.5",18,27.78,-9.89,0.33,-1.80,12.72,8.68
SOLUSDT,Supertrend-MTF,W03,"ST(14,2.0) ATR×1.5",20,35.00,-9.06,0.37,-2.11,9.44,9.58
SOLUSDT,Supertrend-MTF,W04,"ST(14,3.0) ATR×2.0",7,14.29,-4.84,0.24,-1.87,4.84,5.05
SOLUSDT,Supertrend-MTF,W05,"ST(14,3.0) ATR×2.5",6,33.33,0.43,1.13,0.12,3.24,24.13
SOLUSDT,Supertrend-MTF,W06,"ST(14,3.0) ATR×2.5",12,25.00,-4.61,0.43,-1.08,4.65,11.86
SOLUSDT,Supertrend-MTF,W07,"ST(7,2.5) ATR×2.5",13,38.46,-1.94,0.77,-0.41,6.25,19.72
SOLUSDT,Supertrend-MTF,W08,"ST(7,2.5) ATR×2.5",13,23.08,-4.32,0.69,-0.55,10.49,15.47
SOLUSDT,Supertrend-MTF,W09,"ST(7,2.5) ATR×2.0",17,41.18,-3.69,0.65,-0.78,8.43,17.91
SOLUSDT,Supertrend-MTF,W10,"ST(7,3.0) ATR×2.5",8,37.50,-3.03,0.59,-0.60,4.63,17.50
SOLUSDT,Supertrend-MTF,W11,"ST(10,3.0) ATR×1.5",8,50.00,-2.45,0.39,-1.19,3.21,16.14
SOLUSDT,Supertrend-MTF,W12,"ST(10,3.0) ATR×1.5",9,22.22,0.83,1.14,0.13,4.21,22.26
SOLUSDT,Supertrend-MTF,W13,"ST(10,2.5) ATR×1.5",15,33.33,-2.40,0.76,-0.37,6.67,18.77
SOLUSDT,Donchian-MTF,W01,"Don(10) ATR×3.0",31,29.03,-23.20,0.30,-2.73,23.20,7.87
SOLUSDT,Donchian-MTF,W02,"Don(10) ATR×3.0",27,40.74,2.63,1.14,0.22,15.71,26.38
SOLUSDT,Donchian-MTF,W03,"Don(55) ATR×2.5",19,21.05,-8.07,0.62,-0.80,13.44,13.56
SOLUSDT,Donchian-MTF,W04,"Don(55) ATR×3.0",14,35.71,8.56,1.92,0.62,3.29,37.63
SOLUSDT,Donchian-MTF,W05,"Don(55) ATR×3.0",18,22.22,-8.59,0.45,-1.49,8.59,9.70
SOLUSDT,Donchian-MTF,W06,"Don(20) ATR×3.0",24,37.50,-3.82,0.81,-0.44,11.17,19.64
SOLUSDT,Donchian-MTF,W07,"Don(55) ATR×2.0",24,20.83,-10.09,0.34,-2.14,12.44,6.58
SOLUSDT,Donchian-MTF,W08,"Don(20) ATR×3.0",28,25.00,-21.05,0.34,-2.25,27.21,7.41
SOLUSDT,Donchian-MTF,W09,"Don(55) ATR×3.0",18,27.78,3.80,1.25,0.29,6.66,25.98
SOLUSDT,Donchian-MTF,W10,"Don(20) ATR×3.0",21,38.10,-4.63,0.74,-0.55,9.35,18.83
SOLUSDT,Donchian-MTF,W11,"Don(20) ATR×3.0",24,25.00,-9.76,0.50,-1.38,10.85,11.07
SOLUSDT,Donchian-MTF,W12,"Don(20) ATR×3.0",23,39.13,-5.34,0.70,-0.67,8.83,18.25
SOLUSDT,Donchian-MTF,W13,"Don(20) ATR×3.0",18,33.33,12.73,1.92,0.94,8.05,39.47
SOLUSDT,HullMA-Cross,W01,"Hull(21/34) ATR×1.5",56,32.14,-6.90,0.79,-0.61,17.34,17.80
SOLUSDT,HullMA-Cross,W02,"Hull(21/34) ATR×2.5",53,41.51,6.10,1.17,0.37,11.95,27.54
SOLUSDT,HullMA-Cross,W03,"Hull(21/34) ATR×2.5",55,25.45,-23.57,0.32,-3.50,23.75,7.33
SOLUSDT,HullMA-Cross,W04,"Hull(21/34) ATR×2.0",55,38.18,-7.39,0.75,-0.88,10.55,17.57
SOLUSDT,HullMA-Cross,W05,"Hull(21/34) ATR×1.5",58,25.86,-11.15,0.54,-1.92,12.55,9.26
SOLUSDT,HullMA-Cross,W06,"Hull(21/34) ATR×2.5",64,29.69,-21.43,0.49,-2.34,22.74,9.36
SOLUSDT,HullMA-Cross,W07,"Hull(21/55) ATR×2.5",49,18.37,-18.09,0.41,-2.77,19.73,6.58
SOLUSDT,HullMA-Cross,W08,"Hull(21/55) ATR×2.5",47,25.53,-16.45,0.48,-2.05,20.62,8.45
SOLUSDT,HullMA-Cross,W09,"Hull(21/55) ATR×2.5",39,33.33,-5.40,0.77,-0.62,10.38,17.81
SOLUSDT,HullMA-Cross,W10,"Hull(21/55) ATR×1.5",45,26.67,-6.23,0.73,-0.81,8.18,15.41
SOLUSDT,HullMA-Cross,W11,"Hull(21/55) ATR×1.5",48,25.00,-9.17,0.48,-1.70,9.53,9.59
SOLUSDT,HullMA-Cross,W12,"Hull(21/55) ATR×1.5",35,31.43,-4.85,0.77,-0.63,7.46,17.38
SOLUSDT,HullMA-Cross,W13,"Hull(16/55) ATR×2.5",52,19.23,-31.94,0.34,-3.27,31.94,6.23
SOLUSDT,Vortex-Cross,W01,"Vortex(28) ATR×1.5",63,17.46,-22.30,0.38,-2.61,22.45,6.14
SOLUSDT,Vortex-Cross,W02,"Vortex(21) ATR×2.5",56,25.00,-0.57,0.99,-0.03,17.57,20.10
SOLUSDT,Vortex-Cross,W03,"Vortex(21) ATR×2.5",71,15.49,-30.54,0.32,-3.37,35.78,5.34
SOLUSDT,Vortex-Cross,W04,"Vortex(28) ATR×2.0",57,19.30,-23.03,0.25,-4.48,23.03,5.64
SOLUSDT,Vortex-Cross,W05,"Vortex(14) ATR×1.5",77,19.48,-21.72,0.33,-3.78,21.75,6.23
SOLUSDT,Vortex-Cross,W06,"Vortex(14) ATR×1.5",85,21.18,-19.84,0.55,-1.68,20.93,9.44
SOLUSDT,Vortex-Cross,W07,"Vortex(28) ATR×2.5",69,20.29,-23.09,0.31,-3.76,25.58,6.19
SOLUSDT,Vortex-Cross,W08,"Vortex(28) ATR×2.5",60,33.33,-17.56,0.51,-1.81,22.81,11.03
SOLUSDT,Vortex-Cross,W09,"Vortex(28) ATR×1.5",55,29.09,-7.07,0.72,-0.95,10.96,15.26
SOLUSDT,Vortex-Cross,W10,"Vortex(28) ATR×1.5",65,29.23,-8.77,0.67,-1.18,9.31,14.01
SOLUSDT,Vortex-Cross,W11,"Vortex(28) ATR×1.5",50,26.00,-9.70,0.55,-1.70,11.37,10.28
SOLUSDT,Vortex-Cross,W12,"Vortex(28) ATR×1.5",64,21.88,-14.03,0.54,-1.74,15.46,9.27
SOLUSDT,Vortex-Cross,W13,"Vortex(28) ATR×1.5",60,18.33,-25.42,0.36,-3.22,25.42,6.17
SOLUSDT,PSAR-Trail,W01,"PSAR(0.01/0.015/0.2) ATR×1.5",52,26.92,-12.15,0.74,-0.80,15.14,15.58
SOLUSDT,PSAR-Trail,W02,"PSAR(0.01/0.015/0.2) ATR×1.5",54,27.78,-13.27,0.69,-1.08,19.64,14.22
SOLUSDT,PSAR-Trail,W03,"PSAR(0.02/0.015/0.2) ATR×1.5",65,20.00,-24.12,0.50,-2.16,34.65,7.47
SOLUSDT,PSAR-Trail,W04,"PSAR(0.01/0.015/0.2) ATR×1.5",60,25.00,-23.98,0.41,-2.97,24.41,7.86
SOLUSDT,PSAR-Trail,W05,"PSAR(0.02/0.02/0.2) ATR×2.0",70,30.00,-8.71,0.72,-1.04,15.95,15.06
SOLUSDT,PSAR-Trail,W06,"PSAR(0.01/0.02/0.2) ATR×2.0",72,23.61,-29.28,0.46,-2.30,32.84,7.96
SOLUSDT,PSAR-Trail,W07,"PSAR(0.02/0.015/0.3) ATR×2.0",67,13.43,-28.84,0.39,-3.09,28.84,5.41
SOLUSDT,PSAR-Trail,W08,"PSAR(0.01/0.015/0.2) ATR×2.5",63,33.33,-14.26,0.68,-1.22,18.86,14.68
SOLUSDT,PSAR-Trail,W09,"PSAR(0.01/0.015/0.2) ATR×2.5",58,34.48,-18.08,0.59,-1.70,27.89,12.24
SOLUSDT,PSAR-Trail,W10,"PSAR(0.01/0.015/0.2) ATR×2.5",43,23.26,-12.55,0.55,-1.53,15.41,10.44
SOLUSDT,PSAR-Trail,W11,"PSAR(0.01/0.015/0.3) ATR×2.5",54,25.93,-17.13,0.49,-1.85,19.99,9.25
SOLUSDT,PSAR-Trail,W12,"PSAR(0.01/0.015/0.3) ATR×2.5",51,29.41,-18.94,0.61,-1.38,27.60,12.70
SOLUSDT,PSAR-Trail,W13,"PSAR(0.01/0.015/0.3) ATR×2.5",54,14.81,-34.04,0.38,-2.74,34.04,5.63
SUIUSDT,TripleEMA-MTF,W01,"EMA(9/34/89) ATR×2.5",11,18.18,0.82,1.06,0.07,6.92,20.38
SUIUSDT,TripleEMA-MTF,W02,"EMA(9/34/89) ATR×2.5",13,30.77,4.02,1.37,0.33,5.77,28.50
SUIUSDT,TripleEMA-MTF,W03,"EMA(5/21/89) ATR×3.0",21,14.29,-8.97,0.66,-0.64,20.93,13.17
SUIUSDT,TripleEMA-MTF,W04,"EMA(13/21/55) ATR×3.0",13,15.38,-13.18,0.21,-2.72,13.18,4.52
SUIUSDT,TripleEMA-MTF,W05,"EMA(13/21/55) ATR×3.0",17,41.18,10.88,1.99,1.02,5.49,41.16
SUIUSDT,TripleEMA-MTF,W06,"EMA(9/21/55) ATR×3.0",20,30.00,6.55,1.45,0.64,8.35,30.41
SUIUSDT,TripleEMA-MTF,W07,"EMA(13/21/89) ATR×2.5",23,17.39,-8.94,0.58,-0.88,15.32,12.18
SUIUSDT,TripleEMA-MTF,W08,"EMA(13/34/89) ATR×2.5",8,12.50,-7.56,0.03,-3.53,7.83,2.74
SUIUSDT,TripleEMA-MTF,W09,"EMA(9/34/89) ATR×1.5",18,33.33,2.81,1.33,0.46,2.17,27.82
SUIUSDT,TripleEMA-MTF,W10,"EMA(9/34/55) ATR×1.5",15,53.33,2.41,1.61,0.69,2.93,34.76
SUIUSDT,TripleEMA-MTF,W11,"EMA(13/34/89) ATR×1.5",5,20.00,-1.63,0.11,-1.88,1.83,5.24
SUIUSDT,TripleEMA-MTF,W12,"EMA(9/34/55) ATR×1.5",7,14.29,-7.08,0.03,-4.37,7.30,3.06
SUIUSDT,TripleEMA-MTF,W13,"EMA(5/21/89) ATR×2.5",31,41.94,4.46,1.21,0.39,10.79,28.25
SUIUSDT,Supertrend-MTF,W01,"ST(10,2.0) ATR×2.5",9,11.11,-19.60,0.00,-3.95,19.60,2.25
SUIUSDT,Supertrend-MTF,W02,"ST(10,2.5) ATR×2.5",16,18.75,-11.58,0.39,-1.58,11.58,8.21
SUIUSDT,Supertrend-MTF,W03,"ST(7,3.0) ATR×2.0",12,16.67,-9.13,0.35,-1.52,10.09,7.75
SUIUSDT,Supertrend-MTF,W04,"ST(7,3.0) ATR×2.5",12,25.00,-10.00,0.33,-1.86,10.40,7.88
SUIUSDT,Supertrend-MTF,W05,"ST(14,2.5) ATR×1.5",16,37.50,1.82,1.19,0.24,5.60,26.30
SUIUSDT,Supertrend-MTF,W06,"ST(10,3.0) ATR×2.5",16,43.75,11.04,1.90,1.08,4.96,41.81
SUIUSDT,Supertrend-MTF,W07,"ST(14,2.5) ATR×2.5",18,22.22,7.60,1.42,0.51,11.40,29.02
SUIUSDT,Supertrend-MTF,W08,"ST(14,2.5) ATR×2.5",18,38.89,-6.24,0.59,-0.96,7.30,16.21
SUIUSDT,Supertrend-MTF,W09,"ST(14,2.5) ATR×2.5",20,25.00,-14.69,0.24,-3.17,14.69,6.70
SUIUSDT,Supertrend-MTF,W10,"ST(10,2.0) ATR×1.5",23,43.48,2.94,1.41,0.67,2.75,30.97
SUIUSDT,Supertrend-MTF,W11,"ST(10,2.0) ATR×1.5",24,29.17,-8.08,0.29,-2.60,8.82,7.85
SUIUSDT,Supertrend-MTF,W12,"ST(14,2.0) ATR×2.0",14,28.57,-2.65,0.78,-0.33,6.89,18.09
SUIUSDT,Supertrend-MTF,W13,"ST(10,3.0) ATR×2.5",11,45.45,4.10,1.34,0.40,9.81,32.19
SUIUSDT,Donchian-MTF,W01,"Don(20) ATR×2.5",23,30.43,1.43,1.05,0.07,17.47,22.67
SUIUSDT,Donchian-MTF,W02,"Don(55) ATR×2.5",25,20.00,-18.59,0.46,-1.44,25.14,9.51
SUIUSDT,Donchian-MTF,W03,"Don(55) ATR×3.0",13,46.15,30.55,2.98,1.06,7.45,62.88
SUIUSDT,Donchian-MTF,W04,"Don(55) ATR×3.0",15,20.00,-5.12,0.74,-0.33,9.59,16.12
SUIUSDT,Donchian-MTF,W05,"Don(55) ATR×3.0",17,41.18,-7.66,0.53,-1.14,8.34,15.48
SUIUSDT,Donchian-MTF,W06,"Don(55) ATR×3.0",16,37.50,-0.96,0.92,-0.15,6.55,21.66
SUIUSDT,Donchian-MTF,W07,"Don(20) ATR×3.0",23,39.13,2.55,1.11,0.20,7.78,25.88
SUIUSDT,Donchian-MTF,W08,"Don(20) ATR×3.0",23,39.13,-9.46,0.61,-0.97,10.76,16.37
SUIUSDT,Donchian-MTF,W09,"Don(20) ATR×3.0",28,21.43,-17.01,0.45,-1.71,18.06,8.62
SUIUSDT,Donchian-MTF,W10,"Don(10) ATR×2.5",39,25.64,-11.18,0.54,-1.57,14.72,10.67
SUIUSDT,Donchian-MTF,W11,"Don(10) ATR×3.0",32,21.88,-12.75,0.54,-1.41,15.13,10.61
SUIUSDT,Donchian-MTF,W12,"Don(10) ATR×2.0",29,44.83,22.19,2.08,1.00,5.11,43.69
SUIUSDT,Donchian-MTF,W13,"Don(20) ATR×3.0",24,29.17,-9.85,0.64,-0.84,16.66,15.19
SUIUSDT,HullMA-Cross,W01,"Hull(21/55) ATR×2.5",46,39.13,-0.37,0.99,-0.02,14.74,23.00
SUIUSDT,HullMA-Cross,W02,"Hull(21/55) ATR×2.5",37,35.14,-5.61,0.83,-0.39,11.68,19.55
SUIUSDT,HullMA-Cross,W03,"Hull(21/55) ATR×2.5",42,19.05,-23.08,0.51,-1.43,29.04,9.74
SUIUSDT,HullMA-Cross,W04,"Hull(21/55) ATR×1.5",48,25.00,-21.95,0.40,-2.67,27.93,7.82
SUIUSDT,HullMA-Cross,W05,"Hull(21/34) ATR×2.5",58,43.10,-3.65,0.86,-0.43,9.28,21.22
SUIUSDT,HullMA-Cross,W06,"Hull(21/34) ATR×2.5",57,31.58,-15.70,0.64,-1.11,19.44,14.51
SUIUSDT,HullMA-Cross,W07,"Hull(21/34) ATR×2.5",66,22.73,-24.76,0.50,-2.03,32.07,8.06
SUIUSDT,HullMA-Cross,W08,"Hull(21/55) ATR×2.5",42,47.62,7.06,1.32,0.67,5.36,31.54
SUIUSDT,HullMA-Cross,W09,"Hull(21/55) ATR×1.5",40,32.50,-1.50,0.92,-0.19,8.96,20.46
SUIUSDT,HullMA-Cross,W10,"Hull(21/55) ATR×1.5",42,30.95,-2.86,0.84,-0.43,5.38,18.59
SUIUSDT,HullMA-Cross,W11,"Hull(21/55) ATR×2.5",52,25.00,-24.14,0.35,-2.86,26.11,7.48
SUIUSDT,HullMA-Cross,W12,"Hull(21/55) ATR×1.5",40,27.50,4.79,1.18,0.27,7.71,24.41
SUIUSDT,HullMA-Cross,W13,"Hull(9/55) ATR×2.0",70,22.86,-32.40,0.49,-2.36,36.97,7.98
SUIUSDT,Vortex-Cross,W01,"Vortex(21) ATR×2.5",74,29.73,-3.20,0.94,-0.16,31.03,20.16
SUIUSDT,Vortex-Cross,W02,"Vortex(21) ATR×2.5",49,18.37,-13.52,0.67,-0.86,19.62,13.15
SUIUSDT,Vortex-Cross,W03,"Vortex(14) ATR×2.5",90,12.22,-55.25,0.23,-4.22,55.25,4.04
SUIUSDT,Vortex-Cross,W04,"Vortex(14) ATR×2.5",89,31.46,-26.20,0.52,-2.46,33.80,9.91
SUIUSDT,Vortex-Cross,W05,"Vortex(14) ATR×2.5",81,20.99,-18.53,0.59,-1.53,21.89,10.29
SUIUSDT,Vortex-Cross,W06,"Vortex(28) ATR×2.5",62,24.19,-10.08,0.75,-0.74,12.31,15.35
SUIUSDT,Vortex-Cross,W07,"Vortex(14) ATR×2.5",78,20.51,-11.27,0.78,-0.62,22.76,15.34
SUIUSDT,Vortex-Cross,W08,"Vortex(21) ATR×2.5",66,25.76,-20.32,0.54,-1.79,24.59,9.80
SUIUSDT,Vortex-Cross,W09,"Vortex(21) ATR×2.5",65,21.54,-18.02,0.53,-1.93,18.02,8.33
SUIUSDT,Vortex-Cross,W10,"Vortex(14) ATR×2.5",72,26.39,-13.92,0.55,-1.97,16.92,9.29
SUIUSDT,Vortex-Cross,W11,"Vortex(21) ATR×1.5",72,20.83,-20.01,0.40,-2.74,23.14,6.95
SUIUSDT,Vortex-Cross,W12,"Vortex(21) ATR×2.0",65,21.54,-27.65,0.37,-3.10,28.77,6.91
SUIUSDT,Vortex-Cross,W13,"Vortex(28) ATR×2.0",76,22.37,-18.84,0.65,-1.33,19.82,11.81
SUIUSDT,PSAR-Trail,W01,"PSAR(0.01/0.015/0.2) ATR×2.5",50,34.00,-6.75,0.87,-0.36,19.78,19.72
SUIUSDT,PSAR-Trail,W02,"PSAR(0.01/0.015/0.2) ATR×2.5",58,39.66,-16.96,0.71,-1.03,25.13,16.92
SUIUSDT,PSAR-Trail,W03,"PSAR(0.01/0.015/0.3) ATR×2.5",57,21.05,-22.44,0.66,-1.13,34.17,12.46
SUIUSDT,PSAR-Trail,W04,"PSAR(0.02/0.015/0.3) ATR×2.5",54,33.33,-13.13,0.71,-1.05,13.34,15.61
SUIUSDT,PSAR-Trail,W05,"PSAR(0.02/0.015/0.3) ATR×2.5",62,33.87,-13.03,0.71,-1.01,18.03,15.83
SUIUSDT,PSAR-Trail,W06,"PSAR(0.02/0.015/0.2) ATR×2.5",71,30.99,-21.87,0.64,-1.40,24.05,13.16
SUIUSDT,PSAR-Trail,W07,"PSAR(0.01/0.02/0.3) ATR×2.5",64,21.88,-17.68,0.67,-1.11,18.44,12.80
SUIUSDT,PSAR-Trail,W08,"PSAR(0.01/0.015/0.3) ATR×2.0",52,30.77,-16.23,0.60,-1.40,17.55,12.86
SUIUSDT,PSAR-Trail,W09,"PSAR(0.01/0.015/0.3) ATR×2.0",53,30.19,-20.06,0.47,-2.27,20.36,9.35
SUIUSDT,PSAR-Trail,W10,"PSAR(0.01/0.015/0.3) ATR×1.5",50,30.00,-8.11,0.68,-1.10,9.89,14.52
SUIUSDT,PSAR-Trail,W11,"PSAR(0.02/0.015/0.2) ATR×1.5",63,25.40,-18.22,0.49,-2.29,19.41,8.53
SUIUSDT,PSAR-Trail,W12,"PSAR(0.01/0.015/0.2) ATR×1.5",50,32.00,2.57,1.07,0.14,16.78,23.29
SUIUSDT,PSAR-Trail,W13,"PSAR(0.01/0.015/0.3) ATR×2.0",55,27.27,-32.96,0.44,-2.40,43.19,8.56
TRBUSDT,TripleEMA-MTF,W01,"EMA(9/34/55) ATR×2.0",13,15.38,-10.50,0.39,-1.41,10.84,8.25
TRBUSDT,TripleEMA-MTF,W02,"EMA(13/34/55) ATR×3.0",20,10.00,-16.96,0.29,-2.31,21.93,4.00
TRBUSDT,TripleEMA-MTF,W03,"EMA(13/21/55) ATR×3.0",21,28.57,-15.08,0.29,-2.57,15.55,7.73
TRBUSDT,TripleEMA-MTF,W04,"EMA(9/34/89) ATR×1.5",18,16.67,-13.94,0.15,-3.98,13.94,4.37
TRBUSDT,TripleEMA-MTF,W05,"EMA(9/34/55) ATR×1.5",10,30.00,-7.87,0.32,-1.47,8.02,10.45
TRBUSDT,TripleEMA-MTF,W06,"EMA(13/34/89) ATR×3.0",10,20.00,-7.94,0.20,-2.35,7.94,5.43
TRBUSDT,TripleEMA-MTF,W07,"EMA(13/34/89) ATR×3.0",8,37.50,4.85,1.84,0.59,3.39,37.23
TRBUSDT,TripleEMA-MTF,W08,"EMA(13/34/55) ATR×2.0",10,30.00,-6.71,0.17,-2.63,6.71,7.21
TRBUSDT,TripleEMA-MTF,W09,"EMA(13/34/55) ATR×2.0",11,9.09,-8.40,0.03,-5.10,8.40,2.01
TRBUSDT,TripleEMA-MTF,W10,"EMA(13/21/89) ATR×2.0",15,20.00,-3.86,0.52,-0.91,6.50,12.18
TRBUSDT,TripleEMA-MTF,W11,"EMA(5/34/89) ATR×2.0",23,26.09,-9.72,0.31,-2.38,11.16,7.38
TRBUSDT,TripleEMA-MTF,W12,"EMA(13/21/89) ATR×1.5",8,12.50,-0.75,0.89,-0.11,4.09,16.62
TRBUSDT,TripleEMA-MTF,W13,"EMA(9/21/89) ATR×2.0",24,12.50,-25.50,0.17,-2.82,25.50,3.70
TRBUSDT,Supertrend-MTF,W01,"ST(14,3.0) ATR×2.5",10,20.00,-9.70,0.38,-1.42,10.64,9.03
TRBUSDT,Supertrend-MTF,W02,"ST(14,3.0) ATR×2.5",16,25.00,-10.52,0.48,-1.13,16.09,12.00
TRBUSDT,Supertrend-MTF,W03,"ST(14,3.0) ATR×1.5",8,50.00,-0.97,0.74,-0.33,3.46,22.13
TRBUSDT,Supertrend-MTF,W04,"ST(14,3.0) ATR×1.5",13,30.77,-6.64,0.28,-2.01,8.09,8.12
TRBUSDT,Supertrend-MTF,W05,"ST(7,3.0) ATR×1.5",8,37.50,-4.51,0.16,-1.60,4.73,10.29
TRBUSDT,Supertrend-MTF,W06,"ST(14,3.0) ATR×2.0",11,36.36,-4.82,0.36,-1.48,5.48,11.99
TRBUSDT,Supertrend-MTF,W07,"ST(14,2.5) ATR×2.0",12,25.00,-5.11,0.52,-0.85,9.84,13.44
TRBUSDT,Supertrend-MTF,W08,"ST(14,2.5) ATR×1.5",24,20.83,-13.85,0.31,-2.45,14.14,6.35
TRBUSDT,Supertrend-MTF,W09,"ST(14,2.5) ATR×2.0",13,15.38,-7.76,0.21,-2.86,7.88,4.52
TRBUSDT,Supertrend-MTF,W10,"ST(14,3.0) ATR×2.0",10,0.00,-10.46,0.00,-7.02,10.46,0.00
TRBUSDT,Supertrend-MTF,W11,"ST(7,2.5) ATR×2.0",13,15.38,-9.94,0.04,-5.18,9.94,3.33
TRBUSDT,Supertrend-MTF,W12,"ST(10,2.0) ATR×1.5",10,40.00,6.10,1.76,0.73,3.25,37.80
TRBUSDT,Supertrend-MTF,W13,"ST(10,2.0) ATR×1.5",25,20.00,-35.35,0.17,-3.57,40.62,5.18
TRBUSDT,Donchian-MTF,W01,"Don(10) ATR×3.0",31,22.58,-20.14,0.53,-1.37,22.67,10.85
TRBUSDT,Donchian-MTF,W02,"Don(10) ATR×2.0",40,30.00,-15.51,0.65,-1.20,24.89,13.89
TRBUSDT,Donchian-MTF,W03,"Don(20) ATR×2.5",27,25.93,-22.39,0.28,-2.81,23.10,7.17
TRBUSDT,Donchian-MTF,W04,"Don(10) ATR×3.0",32,31.25,-5.09,0.87,-0.24,23.39,19.65
TRBUSDT,Donchian-MTF,W05,"Don(10) ATR×3.0",28,39.29,36.37,1.73,0.67,24.47,44.08
TRBUSDT,Donchian-MTF,W06,"Don(55) ATR×3.0",17,35.29,-6.16,0.70,-0.60,14.33,17.79
TRBUSDT,Donchian-MTF,W07,"Don(55) ATR×3.0",20,35.00,-1.48,0.92,-0.15,11.26,21.15
TRBUSDT,Donchian-MTF,W08,"Don(55) ATR×3.0",16,18.75,-19.47,0.34,-2.00,23.70,6.13
TRBUSDT,Donchian-MTF,W09,"Don(55) ATR×3.0",19,15.79,-12.54,0.46,-1.21,20.62,9.70
TRBUSDT,Donchian-MTF,W10,"Don(20) ATR×3.0",30,23.33,-23.15,0.25,-3.37,23.15,6.39
TRBUSDT,Donchian-MTF,W11,"Don(55) ATR×1.5",29,13.79,-10.98,0.43,-1.66,14.58,7.19
TRBUSDT,Donchian-MTF,W12,"Don(20) ATR×2.0",24,33.33,33.07,3.04,0.87,6.76,53.67
TRBUSDT,Donchian-MTF,W13,"Don(10) ATR×2.0",26,26.92,-15.32,0.61,-1.03,27.53,13.66
TRBUSDT,HullMA-Cross,W01,"Hull(16/55) ATR×2.0",57,29.82,-24.12,0.57,-1.72,30.94,11.11
TRBUSDT,HullMA-Cross,W02,"Hull(16/55) ATR×1.5",44,31.82,-7.35,0.81,-0.49,20.08,18.32
TRBUSDT,HullMA-Cross,W03,"Hull(16/34) ATR×1.5",76,23.68,-34.51,0.36,-3.80,34.51,7.23
TRBUSDT,HullMA-Cross,W04,"Hull(9/34) ATR×2.0",97,26.80,-44.24,0.42,-3.40,44.41,8.33
TRBUSDT,HullMA-Cross,W05,"Hull(9/34) ATR×2.5",83,32.53,3.19,1.04,0.11,16.10,22.97
TRBUSDT,HullMA-Cross,W06,"Hull(21/34) ATR×2.5",64,28.13,-32.40,0.41,-3.09,37.79,8.50
TRBUSDT,HullMA-Cross,W07,"Hull(21/34) ATR×2.5",62,30.65,-24.34,0.50,-2.11,25.92,9.60
TRBUSDT,HullMA-Cross,W08,"Hull(21/34) ATR×2.5",62,29.03,-30.25,0.42,-2.55,34.83,8.78
TRBUSDT,HullMA-Cross,W09,"Hull(16/55) ATR×2.5",56,25.00,-14.99,0.59,-1.46,19.00,11.37
TRBUSDT,HullMA-Cross,W10,"Hull(21/34) ATR×2.5",53,35.85,-8.92,0.68,-1.11,10.70,15.64
TRBUSDT,HullMA-Cross,W11,"Hull(21/55) ATR×2.0",55,21.82,-17.61,0.45,-2.29,21.26,7.52
TRBUSDT,HullMA-Cross,W12,"Hull(21/55) ATR×2.0",39,25.64,0.04,1.00,0.00,7.53,20.49
TRBUSDT,HullMA-Cross,W13,"Hull(9/55) ATR×2.0",74,25.68,-22.68,0.68,-0.85,40.60,14.65
TRBUSDT,Vortex-Cross,W01,"Vortex(28) ATR×2.0",70,24.29,-31.07,0.42,-2.33,31.07,7.78
TRBUSDT,Vortex-Cross,W02,"Vortex(14) ATR×2.0",98,22.45,-35.45,0.45,-2.72,44.26,7.67
TRBUSDT,Vortex-Cross,W03,"Vortex(14) ATR×1.5",100,19.00,-47.07,0.24,-6.05,47.20,5.47
TRBUSDT,Vortex-Cross,W04,"Vortex(14) ATR×1.5",112,23.21,-47.21,0.39,-3.99,47.62,7.34
TRBUSDT,Vortex-Cross,W05,"Vortex(21) ATR×2.5",66,22.73,-37.11,0.45,-2.31,41.87,7.72
TRBUSDT,Vortex-Cross,W06,"Vortex(28) ATR×1.5",59,16.95,-23.28,0.41,-2.25,23.76,6.29
TRBUSDT,Vortex-Cross,W07,"Vortex(28) ATR×1.5",64,15.63,-21.89,0.37,-2.77,21.89,5.74
TRBUSDT,Vortex-Cross,W08,"Vortex(14) ATR×1.5",99,20.20,-35.08,0.40,-3.47,35.08,6.87
TRBUSDT,Vortex-Cross,W09,"Vortex(14) ATR×1.5",89,28.09,-14.34,0.61,-1.45,20.93,12.16
TRBUSDT,Vortex-Cross,W10,"Vortex(14) ATR×2.0",77,23.38,-17.75,0.42,-2.85,17.78,7.65
TRBUSDT,Vortex-Cross,W11,"Vortex(14) ATR×1.5",102,13.73,-34.31,0.34,-4.30,36.89,5.13
TRBUSDT,Vortex-Cross,W12,"Vortex(28) ATR×2.5",48,35.42,7.46,1.25,0.60,8.07,28.25
TRBUSDT,Vortex-Cross,W13,"Vortex(28) ATR×2.5",70,20.00,-18.17,0.72,-0.72,25.31,14.38
TRBUSDT,PSAR-Trail,W01,"PSAR(0.01/0.015/0.3) ATR×2.0",52,26.92,-28.22,0.48,-2.09,28.86,8.72
TRBUSDT,PSAR-Trail,W02,"PSAR(0.01/0.02/0.3) ATR×2.0",71,33.80,-24.65,0.61,-1.69,28.72,12.29
TRBUSDT,PSAR-Trail,W03,"PSAR(0.01/0.02/0.3) ATR×2.0",63,19.05,-41.29,0.35,-3.40,41.63,6.25
TRBUSDT,PSAR-Trail,W04,"PSAR(0.01/0.02/0.3) ATR×2.0",66,24.24,-28.05,0.56,-1.72,28.44,9.97
TRBUSDT,PSAR-Trail,W05,"PSAR(0.01/0.02/0.2) ATR×2.0",50,46.00,68.76,2.45,1.74,14.52,55.72
TRBUSDT,PSAR-Trail,W06,"PSAR(0.01/0.015/0.2) ATR×2.0",54,22.22,-25.49,0.48,-1.97,27.83,7.89
TRBUSDT,PSAR-Trail,W07,"PSAR(0.01/0.015/0.2) ATR×2.5",57,22.81,-38.60,0.36,-3.22,38.60,7.10
TRBUSDT,PSAR-Trail,W08,"PSAR(0.01/0.015/0.2) ATR×2.0",63,33.33,-21.41,0.59,-1.63,28.96,12.33
TRBUSDT,PSAR-Trail,W09,"PSAR(0.02/0.02/0.2) ATR×2.0",71,29.58,-9.22,0.79,-0.70,18.80,16.87
TRBUSDT,PSAR-Trail,W10,"PSAR(0.02/0.02/0.3) ATR×2.0",69,30.43,-19.11,0.48,-2.28,19.85,9.48
TRBUSDT,PSAR-Trail,W11,"PSAR(0.02/0.02/0.3) ATR×2.5",75,28.00,-22.38,0.47,-2.60,25.71,8.87
TRBUSDT,PSAR-Trail,W12,"PSAR(0.02/0.02/0.3) ATR×2.5",64,29.69,2.62,1.05,0.12,18.06,22.52
TRBUSDT,PSAR-Trail,W13,"PSAR(0.02/0.015/0.2) ATR×2.0",61,26.23,-25.29,0.68,-0.85,47.57,14.83
TRXUSDT,TripleEMA-MTF,W01,"EMA(9/21/55) ATR×2.5",16,43.75,-0.40,0.93,-0.11,2.94,23.15
TRXUSDT,TripleEMA-MTF,W02,"EMA(9/21/55) ATR×1.5",17,11.76,-7.13,0.00,-6.97,7.13,2.38
TRXUSDT,TripleEMA-MTF,W03,"EMA(9/21/89) ATR×1.5",12,16.67,-2.42,0.52,-0.91,4.55,11.49
TRXUSDT,TripleEMA-MTF,W04,"EMA(13/34/55) ATR×3.0",13,38.46,-3.04,0.54,-1.01,3.74,15.63
TRXUSDT,TripleEMA-MTF,W05,"EMA(9/34/89) ATR×2.5",16,25.00,-6.48,0.13,-2.80,6.48,5.90
TRXUSDT,TripleEMA-MTF,W06,"EMA(13/34/55) ATR×1.5",13,23.08,-1.55,0.63,-0.74,1.96,14.29
TRXUSDT,TripleEMA-MTF,W07,"EMA(13/34/89) ATR×2.5",15,40.00,-0.05,0.99,-0.02,3.04,23.20
TRXUSDT,TripleEMA-MTF,W08,"EMA(13/34/89) ATR×2.5",19,26.32,-0.28,0.97,-0.04,3.43,20.17
TRXUSDT,TripleEMA-MTF,W09,"EMA(13/21/55) ATR×2.5",11,63.64,5.88,4.42,1.25,0.74,62.55
TRXUSDT,TripleEMA-MTF,W10,"EMA(13/21/55) ATR×2.5",15,40.00,4.50,2.00,0.72,1.29,36.37
TRXUSDT,TripleEMA-MTF,W11,"EMA(13/21/89) ATR×2.5",19,15.79,-7.77,0.08,-5.46,7.77,3.74
TRXUSDT,TripleEMA-MTF,W12,"EMA(9/34/55) ATR×2.5",14,14.29,-2.92,0.51,-1.05,4.37,10.39
TRXUSDT,TripleEMA-MTF,W13,"EMA(9/21/89) ATR×1.5",18,5.56,-5.94,0.17,-3.20,6.43,2.32
TRXUSDT,Supertrend-MTF,W01,"ST(14,3.0) ATR×2.0",19,47.37,-1.24,0.81,-0.35,3.69,22.03
TRXUSDT,Supertrend-MTF,W02,"ST(7,3.0) ATR×2.0",18,16.67,-6.38,0.30,-2.15,8.53,5.42
TRXUSDT,Supertrend-MTF,W03,"ST(10,2.5) ATR×1.5",12,33.33,0.24,1.07,0.09,2.62,23.10
TRXUSDT,Supertrend-MTF,W04,"ST(7,2.0) ATR×1.5",16,25.00,-2.39,0.59,-0.96,4.68,13.45
TRXUSDT,Supertrend-MTF,W05,"ST(14,2.0) ATR×1.5",18,5.56,-7.46,0.03,-5.70,7.46,1.31
TRXUSDT,Supertrend-MTF,W06,"ST(14,3.0) ATR×2.5",17,35.29,-2.54,0.62,-0.82,3.33,16.32
TRXUSDT,Supertrend-MTF,W07,"ST(14,3.0) ATR×2.5",16,37.50,1.55,1.25,0.35,3.49,27.02
TRXUSDT,Supertrend-MTF,W08,"ST(14,3.0) ATR×2.5",8,12.50,-5.41,0.09,-3.60,5.41,3.14
TRXUSDT,Supertrend-MTF,W09,"ST(14,3.0) ATR×2.5",18,27.78,2.85,1.47,0.50,5.76,27.87
TRXUSDT,Supertrend-MTF,W10,"ST(7,2.5) ATR×2.5",25,28.00,-1.30,0.88,-0.19,5.59,19.26
TRXUSDT,Supertrend-MTF,W11,"ST(7,3.0) ATR×2.5",12,25.00,-3.17,0.40,-1.34,3.29,10.55
TRXUSDT,Supertrend-MTF,W12,"ST(7,3.0) ATR×2.5",8,50.00,1.60,1.55,0.59,2.46,33.68
TRXUSDT,Supertrend-MTF,W13,"ST(7,3.0) ATR×2.5",15,20.00,-5.36,0.37,-1.51,6.32,8.60
TRXUSDT,Donchian-MTF,W01,"Don(10) ATR×2.0",40,37.50,0.40,1.02,0.05,6.26,23.32
TRXUSDT,Donchian-MTF,W02,"Don(10) ATR×2.0",42,23.81,-10.02,0.47,-2.07,11.24,8.07
TRXUSDT,Donchian-MTF,W03,"Don(55) ATR×2.0",28,25.00,-3.00,0.66,-0.89,7.58,14.26
TRXUSDT,Donchian-MTF,W04,"Don(55) ATR×1.5",38,18.42,-17.42,0.09,-7.03,17.42,4.31
TRXUSDT,Donchian-MTF,W05,"Don(55) ATR×1.5",31,19.35,-9.04,0.23,-3.80,9.04,5.49
TRXUSDT,Donchian-MTF,W06,"Don(55) ATR×2.0",26,11.54,-11.26,0.09,-5.81,11.40,2.96
TRXUSDT,Donchian-MTF,W07,"Don(20) ATR×2.0",36,33.33,-5.30,0.56,-1.28,7.69,13.55
TRXUSDT,Donchian-MTF,W08,"Don(20) ATR×3.0",26,23.08,-9.13,0.44,-1.57,9.15,9.46
TRXUSDT,Donchian-MTF,W09,"Don(20) ATR×3.0",25,24.00,-3.02,0.74,-0.48,8.66,16.32
TRXUSDT,Donchian-MTF,W10,"Don(20) ATR×2.5",23,39.13,2.59,1.35,0.40,2.99,28.38
TRXUSDT,Donchian-MTF,W11,"Don(55) ATR×2.5",22,22.73,-6.63,0.25,-3.02,7.35,6.30
TRXUSDT,Donchian-MTF,W12,"Don(20) ATR×2.5",29,27.59,-4.28,0.66,-0.86,6.69,14.91
TRXUSDT,Donchian-MTF,W13,"Don(20) ATR×3.0",26,19.23,-12.17,0.22,-3.08,12.17,5.41
TRXUSDT,HullMA-Cross,W01,"Hull(16/55) ATR×2.0",52,30.77,-9.85,0.60,-1.39,11.50,12.91
TRXUSDT,HullMA-Cross,W02,"Hull(16/55) ATR×2.0",48,14.58,-17.07,0.22,-4.39,17.07,4.48
TRXUSDT,HullMA-Cross,W03,"Hull(21/34) ATR×2.5",54,29.63,-11.74,0.38,-2.78,15.45,8.57
TRXUSDT,HullMA-Cross,W04,"Hull(21/34) ATR×2.5",53,24.53,-18.41,0.35,-3.41,18.79,7.34
TRXUSDT,HullMA-Cross,W05,"Hull(21/34) ATR×2.5",62,17.74,-19.26,0.25,-4.51,20.48,5.33
TRXUSDT,HullMA-Cross,W06,"Hull(21/55) ATR×2.5",42,23.81,-7.48,0.56,-1.29,12.91,11.65
TRXUSDT,HullMA-Cross,W07,"Hull(21/55) ATR×2.5",47,23.40,-10.39,0.45,-2.04,12.76,7.85
TRXUSDT,HullMA-Cross,W08,"Hull(21/55) ATR×2.5",40,32.50,-8.70,0.45,-2.10,9.59,9.63
TRXUSDT,HullMA-Cross,W09,"Hull(21/55) ATR×2.5",42,30.95,-3.20,0.76,-0.64,7.38,17.16
TRXUSDT,HullMA-Cross,W10,"Hull(21/55) ATR×2.5",46,21.74,-8.65,0.53,-1.76,9.73,9.07
TRXUSDT,HullMA-Cross,W11,"Hull(21/55) ATR×2.5",48,14.58,-11.92,0.25,-3.92,14.65,4.66
TRXUSDT,HullMA-Cross,W12,"Hull(21/55) ATR×2.5",39,23.08,-1.93,0.88,-0.31,6.85,17.79
TRXUSDT,HullMA-Cross,W13,"Hull(21/55) ATR×2.5",37,18.92,-7.72,0.41,-1.78,7.72,7.60
TRXUSDT,Vortex-Cross,W01,"Vortex(28) ATR×2.5",50,18.00,-11.11,0.49,-1.74,11.89,8.14
TRXUSDT,Vortex-Cross,W02,"Vortex(14) ATR×2.5",73,13.70,-23.83,0.29,-4.25,24.46,4.76
TRXUSDT,Vortex-Cross,W03,"Vortex(28) ATR×2.5",35,11.43,-10.97,0.18,-4.07,12.81,3.57
TRXUSDT,Vortex-Cross,W04,"Vortex(21) ATR×1.5",68,13.24,-20.10,0.17,-6.51,20.11,3.85
TRXUSDT,Vortex-Cross,W05,"Vortex(28) ATR×2.5",50,12.00,-13.22,0.16,-5.26,13.34,3.50
TRXUSDT,Vortex-Cross,W06,"Vortex(14) ATR×2.5",81,13.58,-24.65,0.26,-4.48,25.96,4.51
TRXUSDT,Vortex-Cross,W07,"Vortex(21) ATR×2.0",66,18.18,-12.38,0.42,-2.60,12.50,6.61
TRXUSDT,Vortex-Cross,W08,"Vortex(28) ATR×2.5",56,16.07,-15.91,0.35,-2.34,17.03,5.65
TRXUSDT,Vortex-Cross,W09,"Vortex(21) ATR×2.0",59,23.73,-7.03,0.61,-1.43,9.73,11.41
TRXUSDT,Vortex-Cross,W10,"Vortex(28) ATR×2.5",58,22.41,-2.17,0.87,-0.31,5.85,17.59
TRXUSDT,Vortex-Cross,W11,"Vortex(28) ATR×2.5",60,5.00,-18.96,0.09,-9.35,18.96,1.61
TRXUSDT,Vortex-Cross,W12,"Vortex(28) ATR×2.5",53,15.09,-14.44,0.26,-4.13,14.44,4.86
TRXUSDT,Vortex-Cross,W13,"Vortex(28) ATR×2.5",64,9.38,-21.07,0.19,-4.90,21.07,3.23
TRXUSDT,PSAR-Trail,W01,"PSAR(0.01/0.015/0.3) ATR×2.0",52,32.69,-7.97,0.71,-0.91,11.56,16.09
TRXUSDT,PSAR-Trail,W02,"PSAR(0.01/0.015/0.3) ATR×2.0",52,19.23,-15.20,0.38,-3.01,15.20,6.49
TRXUSDT,PSAR-Trail,W03,"PSAR(0.01/0.02/0.2) ATR×2.0",54,25.93,-8.75,0.57,-1.66,11.76,10.61
TRXUSDT,PSAR-Trail,W04,"PSAR(0.01/0.02/0.2) ATR×2.0",55,20.00,-23.60,0.22,-5.05,24.23,5.57
TRXUSDT,PSAR-Trail,W05,"PSAR(0.01/0.02/0.2) ATR×2.5",46,15.22,-18.18,0.25,-4.23,18.18,4.77
TRXUSDT,PSAR-Trail,W06,"PSAR(0.02/0.02/0.3) ATR×2.5",66,13.64,-18.22,0.33,-3.28,20.02,5.04
TRXUSDT,PSAR-Trail,W07,"PSAR(0.01/0.02/0.3) ATR×2.5",61,26.23,-12.16,0.45,-2.25,12.41,8.36
TRXUSDT,PSAR-Trail,W08,"PSAR(0.01/0.015/0.2) ATR×2.0",55,32.73,-10.63,0.46,-2.45,11.65,9.75
TRXUSDT,PSAR-Trail,W09,"PSAR(0.01/0.015/0.2) ATR×2.0",52,30.77,-7.92,0.59,-1.49,10.75,12.43
TRXUSDT,PSAR-Trail,W10,"PSAR(0.01/0.015/0.2) ATR×2.5",47,27.66,-7.24,0.56,-1.36,8.04,12.13
TRXUSDT,PSAR-Trail,W11,"PSAR(0.01/0.015/0.2) ATR×2.5",48,16.67,-17.08,0.15,-5.93,17.73,4.37
TRXUSDT,PSAR-Trail,W12,"PSAR(0.01/0.015/0.2) ATR×2.5",45,17.78,-13.38,0.40,-2.53,13.38,6.35
TRXUSDT,PSAR-Trail,W13,"PSAR(0.01/0.015/0.2) ATR×1.5",43,13.95,-12.78,0.30,-3.23,12.78,4.86
XMRUSDT,TripleEMA-MTF,W01,"EMA(13/34/89) ATR×2.0",8,37.50,-3.16,0.46,-0.96,3.74,15.08
XMRUSDT,TripleEMA-MTF,W02,"EMA(13/34/89) ATR×2.0",9,33.33,2.86,1.65,0.43,2.20,31.52
XMRUSDT,TripleEMA-MTF,W03,"EMA(13/34/89) ATR×2.0",15,13.33,-7.77,0.26,-2.15,7.77,4.49
XMRUSDT,TripleEMA-MTF,W04,"EMA(13/34/89) ATR×2.0",21,19.05,-10.67,0.22,-3.18,11.43,5.36
XMRUSDT,TripleEMA-MTF,W05,"EMA(5/21/89) ATR×2.0",36,16.67,-23.32,0.11,-5.91,23.32,4.13
XMRUSDT,TripleEMA-MTF,W06,"EMA(13/34/89) ATR×2.5",11,36.36,-2.09,0.74,-0.44,7.11,18.92
XMRUSDT,TripleEMA-MTF,W07,"EMA(13/34/89) ATR×2.0",11,36.36,-1.71,0.62,-0.59,2.13,17.51
XMRUSDT,TripleEMA-MTF,W08,"EMA(13/34/55) ATR×1.5",13,23.08,-4.96,0.26,-2.21,5.43,6.43
XMRUSDT,TripleEMA-MTF,W09,"EMA(5/34/55) ATR×2.0",17,29.41,-3.21,0.63,-0.68,5.10,15.80
XMRUSDT,TripleEMA-MTF,W10,"EMA(5/34/55) ATR×2.0",28,10.71,-12.10,0.29,-2.33,12.64,4.21
XMRUSDT,TripleEMA-MTF,W11,"EMA(13/34/55) ATR×3.0",8,12.50,-5.91,0.07,-4.19,5.91,3.01
XMRUSDT,TripleEMA-MTF,W12,"EMA(13/34/89) ATR×3.0",21,0.00,-20.18,0.00,-10.52,20.18,0.00
XMRUSDT,TripleEMA-MTF,W13,"EMA(13/21/55) ATR×2.5",18,27.78,-7.82,0.52,-1.15,10.19,12.73
XMRUSDT,Supertrend-MTF,W01,"ST(7,3.0) ATR×2.5",10,10.00,-9.80,0.05,-4.94,9.80,2.34
XMRUSDT,Supertrend-MTF,W02,"ST(7,3.0) ATR×2.5",12,41.67,5.02,1.75,0.66,5.00,35.88
XMRUSDT,Supertrend-MTF,W03,"ST(7,2.5) ATR×2.0",21,14.29,-8.74,0.31,-1.90,11.29,5.41
XMRUSDT,Supertrend-MTF,W04,"ST(7,3.0) ATR×2.0",20,20.00,-7.73,0.35,-2.00,7.94,6.42
XMRUSDT,Supertrend-MTF,W05,"ST(7,3.0) ATR×2.5",14,14.29,-13.56,0.12,-3.72,13.56,3.71
XMRUSDT,Supertrend-MTF,W06,"ST(10,3.0) ATR×2.5",17,17.65,-13.85,0.15,-3.40,14.64,4.58
XMRUSDT,Supertrend-MTF,W07,"ST(10,2.0) ATR×2.0",26,26.92,-8.85,0.42,-1.80,9.46,9.20
XMRUSDT,Supertrend-MTF,W08,"ST(14,2.0) ATR×2.5",18,22.22,-2.17,0.86,-0.22,9.84,17.86
XMRUSDT,Supertrend-MTF,W09,"ST(14,2.0) ATR×2.5",16,37.50,-11.95,0.30,-2.23,14.18,9.59
XMRUSDT,Supertrend-MTF,W10,"ST(10,3.0) ATR×1.5",21,38.10,-4.12,0.50,-1.29,6.67,14.08
XMRUSDT,Supertrend-MTF,W11,"ST(10,3.0) ATR×2.5",16,18.75,-7.77,0.43,-1.37,7.77,9.40
XMRUSDT,Supertrend-MTF,W12,"ST(7,3.0) ATR×2.5",11,18.18,-8.91,0.08,-3.41,9.49,4.22
XMRUSDT,Supertrend-MTF,W13,"ST(14,2.5) ATR×2.5",17,23.53,-15.96,0.30,-2.16,15.96,6.79
XMRUSDT,Donchian-MTF,W01,"Don(55) ATR×2.5",18,16.67,-14.34,0.21,-2.97,14.87,4.80
XMRUSDT,Donchian-MTF,W02,"Don(55) ATR×2.0",28,17.86,-8.78,0.47,-1.30,15.85,9.81
XMRUSDT,Donchian-MTF,W03,"Don(55) ATR×1.5",26,23.08,2.28,1.16,0.15,11.82,22.53
XMRUSDT,Donchian-MTF,W04,"Don(55) ATR×1.5",32,25.00,-16.66,0.35,-2.72,18.09,7.46
XMRUSDT,Donchian-MTF,W05,"Don(55) ATR×1.5",30,20.00,0.49,1.02,0.03,8.91,19.77
XMRUSDT,Donchian-MTF,W06,"Don(55) ATR×1.5",26,11.54,-18.62,0.19,-3.95,18.62,3.61
XMRUSDT,Donchian-MTF,W07,"Don(55) ATR×1.5",26,26.92,-9.21,0.29,-2.91,9.54,7.39
XMRUSDT,Donchian-MTF,W08,"Don(55) ATR×1.5",32,31.25,-0.70,0.95,-0.07,11.72,20.98
XMRUSDT,Donchian-MTF,W09,"Don(55) ATR×2.5",24,20.83,-17.17,0.35,-2.28,21.94,6.60
XMRUSDT,Donchian-MTF,W10,"Don(55) ATR×2.0",31,12.90,-14.25,0.39,-2.14,20.16,5.28
XMRUSDT,Donchian-MTF,W11,"Don(20) ATR×2.5",30,13.33,-24.76,0.15,-4.50,24.76,3.71
XMRUSDT,Donchian-MTF,W12,"Don(10) ATR×3.0",34,23.53,-30.40,0.30,-3.12,33.99,6.78
XMRUSDT,Donchian-MTF,W13,"Don(55) ATR×2.5",23,30.43,-14.54,0.55,-1.09,17.57,13.75
XMRUSDT,HullMA-Cross,W01,"Hull(21/34) ATR×2.5",54,22.22,-23.56,0.37,-3.03,24.20,7.02
XMRUSDT,HullMA-Cross,W02,"Hull(21/34) ATR×2.5",58,32.76,-14.72,0.48,-1.98,16.76,10.01
XMRUSDT,HullMA-Cross,W03,"Hull(21/34) ATR×2.5",67,17.91,-29.16,0.36,-2.17,29.16,6.12
XMRUSDT,HullMA-Cross,W04,"Hull(16/34) ATR×2.5",75,17.33,-46.81,0.18,-6.36,46.81,4.73
XMRUSDT,HullMA-Cross,W05,"Hull(21/55) ATR×1.5",51,19.61,-2.43,0.93,-0.14,12.71,18.20
XMRUSDT,HullMA-Cross,W06,"Hull(21/55) ATR×1.5",51,19.61,-31.62,0.15,-6.25,32.34,4.99
XMRUSDT,HullMA-Cross,W07,"Hull(21/55) ATR×2.0",55,21.82,-22.88,0.34,-3.35,26.19,6.75
XMRUSDT,HullMA-Cross,W08,"Hull(16/55) ATR×2.0",54,29.63,-12.18,0.57,-1.16,20.41,13.39
XMRUSDT,HullMA-Cross,W09,"Hull(16/55) ATR×2.0",53,26.42,-21.35,0.49,-2.16,24.41,8.68
XMRUSDT,HullMA-Cross,W10,"Hull(21/55) ATR×2.5",38,26.32,-11.37,0.56,-1.38,16.07,11.72
XMRUSDT,HullMA-Cross,W11,"Hull(21/55) ATR×2.5",45,20.00,-26.42,0.21,-4.27,26.42,5.50
XMRUSDT,HullMA-Cross,W12,"Hull(21/34) ATR×2.5",56,28.57,-7.17,0.81,-0.48,18.93,17.69
XMRUSDT,HullMA-Cross,W13,"Hull(21/34) ATR×2.5",58,37.93,-21.42,0.54,-1.92,25.08,11.71
XMRUSDT,Vortex-Cross,W01,"Vortex(21) ATR×2.5",75,20.00,-33.79,0.28,-4.13,34.44,5.98
XMRUSDT,Vortex-Cross,W02,"Vortex(21) ATR×2.5",61,16.39,-13.46,0.50,-1.62,19.48,8.33
XMRUSDT,Vortex-Cross,W03,"Vortex(21) ATR×2.5",68,11.76,-30.09,0.15,-6.24,31.24,3.43
XMRUSDT,Vortex-Cross,W04,"Vortex(21) ATR×2.5",77,18.18,-32.17,0.32,-4.04,32.74,5.85
XMRUSDT,Vortex-Cross,W05,"Vortex(28) ATR×2.0",61,31.15,0.67,1.02,0.05,11.62,22.07
XMRUSDT,Vortex-Cross,W06,"Vortex(28) ATR×2.5",63,20.63,-26.09,0.38,-3.07,26.99,6.76
XMRUSDT,Vortex-Cross,W07,"Vortex(28) ATR×2.5",76,13.16,-31.20,0.20,-5.75,31.20,4.07
XMRUSDT,Vortex-Cross,W08,"Vortex(21) ATR×1.5",57,17.54,-10.92,0.58,-1.04,20.88,11.57
XMRUSDT,Vortex-Cross,W09,"Vortex(21) ATR×2.0",57,36.84,0.76,1.03,0.09,6.21,23.46
XMRUSDT,Vortex-Cross,W10,"Vortex(21) ATR×2.0",65,12.31,-21.10,0.36,-2.88,25.14,4.96
XMRUSDT,Vortex-Cross,W11,"Vortex(21) ATR×2.0",88,13.64,-43.43,0.15,-7.17,43.43,3.80
XMRUSDT,Vortex-Cross,W12,"Vortex(21) ATR×2.0",72,18.06,-27.33,0.33,-3.60,27.33,5.94
XMRUSDT,Vortex-Cross,W13,"Vortex(28) ATR×2.5",61,22.95,-35.02,0.28,-4.00,36.99,6.55
XMRUSDT,PSAR-Trail,W01,"PSAR(0.01/0.015/0.2) ATR×2.0",57,15.79,-32.72,0.23,-4.95,34.01,4.77
XMRUSDT,PSAR-Trail,W02,"PSAR(0.01/0.015/0.2) ATR×2.5",54,31.48,-21.45,0.40,-2.43,22.34,9.07
XMRUSDT,PSAR-Trail,W03,"PSAR(0.01/0.015/0.3) ATR×2.5",62,19.35,-38.95,0.18,-3.78,38.95,5.11
XMRUSDT,PSAR-Trail,W04,"PSAR(0.01/0.015/0.3) ATR×2.0",60,21.67,-39.46,0.25,-4.70,39.46,6.12
XMRUSDT,PSAR-Trail,W05,"PSAR(0.02/0.02/0.3) ATR×2.5",73,24.66,-19.59,0.67,-1.05,23.74,13.55
XMRUSDT,PSAR-Trail,W06,"PSAR(0.01/0.015/0.2) ATR×2.5",51,19.61,-29.14,0.25,-4.22,29.14,5.66
XMRUSDT,PSAR-Trail,W07,"PSAR(0.02/0.02/0.3) ATR×2.5",78,21.79,-32.22,0.30,-4.23,33.41,6.47
XMRUSDT,PSAR-Trail,W08,"PSAR(0.01/0.02/0.3) ATR×2.0",60,26.67,-15.57,0.57,-1.46,22.01,11.55
XMRUSDT,PSAR-Trail,W09,"PSAR(0.02/0.02/0.3) ATR×2.5",67,28.36,-19.65,0.58,-1.79,20.28,10.65
XMRUSDT,PSAR-Trail,W10,"PSAR(0.01/0.02/0.2) ATR×2.0",68,27.94,-23.73,0.39,-3.00,28.12,8.35
XMRUSDT,PSAR-Trail,W11,"PSAR(0.01/0.02/0.2) ATR×2.5",65,18.46,-37.65,0.29,-4.13,38.83,5.74
XMRUSDT,PSAR-Trail,W12,"PSAR(0.01/0.02/0.2) ATR×2.5",69,23.19,-37.42,0.41,-2.97,39.57,7.53
XMRUSDT,PSAR-Trail,W13,"PSAR(0.01/0.02/0.3) ATR×2.5",56,26.79,-17.58,0.68,-0.89,26.86,14.78
XRPUSDT,TripleEMA-MTF,W01,"EMA(5/34/55) ATR×2.0",17,17.65,-10.11,0.39,-1.49,10.11,8.38
XRPUSDT,TripleEMA-MTF,W02,"EMA(9/21/55) ATR×1.5",15,20.00,-6.74,0.16,-2.78,6.74,5.15
XRPUSDT,TripleEMA-MTF,W03,"EMA(9/21/55) ATR×1.5",19,15.79,-7.07,0.33,-2.14,7.11,5.46
XRPUSDT,TripleEMA-MTF,W04,"EMA(9/21/55) ATR×2.5",16,31.25,-6.38,0.35,-1.80,6.50,9.53
XRPUSDT,TripleEMA-MTF,W05,"EMA(13/21/89) ATR×2.5",14,42.86,3.02,1.70,0.65,2.61,33.66
XRPUSDT,TripleEMA-MTF,W06,"EMA(5/21/89) ATR×2.0",31,12.90,-11.88,0.35,-2.12,11.88,5.01
XRPUSDT,TripleEMA-MTF,W07,"EMA(13/34/89) ATR×2.0",13,38.46,1.92,1.26,0.31,3.69,27.58
XRPUSDT,TripleEMA-MTF,W08,"EMA(9/34/89) ATR×3.0",13,23.08,-4.73,0.58,-0.73,7.00,13.95
XRPUSDT,TripleEMA-MTF,W09,"EMA(13/21/89) ATR×3.0",19,21.05,-5.15,0.54,-1.11,6.86,11.68
XRPUSDT,TripleEMA-MTF,W10,"EMA(13/21/55) ATR×3.0",14,14.29,-3.04,0.48,-0.99,5.10,10.42
XRPUSDT,TripleEMA-MTF,W11,"EMA(9/21/89) ATR×2.0",22,22.73,-8.56,0.26,-2.86,8.61,6.35
XRPUSDT,TripleEMA-MTF,W12,"EMA(13/34/55) ATR×2.0",13,30.77,2.28,1.26,0.34,4.41,26.48
XRPUSDT,TripleEMA-MTF,W13,"EMA(13/34/55) ATR×3.0",17,23.53,-8.07,0.41,-1.59,9.17,9.28
XRPUSDT,Supertrend-MTF,W01,"ST(14,2.0) ATR×1.5",16,25.00,-5.41,0.60,-0.84,5.70,14.05
XRPUSDT,Supertrend-MTF,W02,"ST(7,2.0) ATR×1.5",21,14.29,-11.95,0.11,-4.41,11.95,3.61
XRPUSDT,Supertrend-MTF,W03,"ST(14,2.0) ATR×2.5",15,40.00,-0.33,0.97,-0.05,6.47,22.89
XRPUSDT,Supertrend-MTF,W04,"ST(14,2.0) ATR×2.5",24,12.50,-12.89,0.30,-2.29,13.98,4.62
XRPUSDT,Supertrend-MTF,W05,"ST(10,3.0) ATR×2.5",11,36.36,0.70,1.15,0.15,2.49,24.96
XRPUSDT,Supertrend-MTF,W06,"ST(7,2.5) ATR×2.0",19,26.32,-2.32,0.77,-0.43,5.75,17.18
XRPUSDT,Supertrend-MTF,W07,"ST(7,2.5) ATR×2.0",17,35.29,-0.62,0.95,-0.09,5.25,21.63
XRPUSDT,Supertrend-MTF,W08,"ST(14,2.5) ATR×2.0",12,41.67,4.25,1.79,0.52,4.77,34.91
XRPUSDT,Supertrend-MTF,W09,"ST(14,2.5) ATR×1.5",11,27.27,-5.38,0.17,-2.84,5.38,6.65
XRPUSDT,Supertrend-MTF,W10,"ST(14,2.5) ATR×1.5",10,30.00,-0.92,0.77,-0.38,2.17,18.15
XRPUSDT,Supertrend-MTF,W11,"ST(7,2.0) ATR×2.0",19,26.32,-3.32,0.69,-0.60,7.16,15.90
XRPUSDT,Supertrend-MTF,W12,"ST(7,2.0) ATR×2.0",20,35.00,-1.38,0.90,-0.20,4.44,20.78
XRPUSDT,Supertrend-MTF,W13,"ST(14,3.0) ATR×1.5",10,40.00,-2.09,0.69,-0.50,4.64,19.05
XRPUSDT,Donchian-MTF,W01,"Don(10) ATR×1.5",45,15.56,-29.92,0.31,-3.13,29.92,5.29
XRPUSDT,Donchian-MTF,W02,"Don(55) ATR×3.0",19,31.58,-8.71,0.50,-1.25,10.85,12.95
XRPUSDT,Donchian-MTF,W03,"Don(55) ATR×3.0",15,33.33,-5.93,0.52,-1.10,7.53,14.06
XRPUSDT,Donchian-MTF,W04,"Don(55) ATR×3.0",24,8.33,-21.82,0.20,-3.60,21.82,3.10
XRPUSDT,Donchian-MTF,W05,"Don(20) ATR×1.5",32,21.88,-9.27,0.50,-1.53,13.19,9.86
XRPUSDT,Donchian-MTF,W06,"Don(10) ATR×2.0",43,23.26,-20.67,0.31,-3.52,20.67,6.82
XRPUSDT,Donchian-MTF,W07,"Don(10) ATR×2.0",41,36.59,7.42,1.30,0.62,9.66,29.16
XRPUSDT,Donchian-MTF,W08,"Don(20) ATR×3.0",20,30.00,-6.83,0.71,-0.61,17.76,16.71
XRPUSDT,Donchian-MTF,W09,"Don(20) ATR×3.0",24,25.00,-11.12,0.42,-1.70,11.12,9.19
XRPUSDT,Donchian-MTF,W10,"Don(20) ATR×3.0",23,26.09,-9.63,0.42,-1.84,11.77,8.85
XRPUSDT,Donchian-MTF,W11,"Don(20) ATR×3.0",26,15.38,-15.40,0.27,-2.80,15.78,4.95
XRPUSDT,Donchian-MTF,W12,"Don(10) ATR×2.0",35,37.14,3.24,1.15,0.25,8.72,25.80
XRPUSDT,Donchian-MTF,W13,"Don(55) ATR×1.5",36,22.22,-21.56,0.25,-3.71,21.56,6.21
XRPUSDT,HullMA-Cross,W01,"Hull(21/55) ATR×1.5",50,32.00,-19.22,0.47,-1.80,20.56,10.48
XRPUSDT,HullMA-Cross,W02,"Hull(9/55) ATR×1.5",67,22.39,-27.83,0.38,-2.37,27.83,7.16
XRPUSDT,HullMA-Cross,W03,"Hull(9/34) ATR×2.0",72,30.56,-15.12,0.57,-1.99,21.86,10.15
XRPUSDT,HullMA-Cross,W04,"Hull(16/34) ATR×2.0",72,20.83,-29.58,0.36,-3.61,30.76,6.65
XRPUSDT,HullMA-Cross,W05,"Hull(16/34) ATR×2.0",65,29.23,-8.86,0.67,-1.30,13.38,13.47
XRPUSDT,HullMA-Cross,W06,"Hull(9/34) ATR×2.0",77,19.48,-19.88,0.46,-2.31,19.88,7.14
XRPUSDT,HullMA-Cross,W07,"Hull(21/55) ATR×2.5",45,33.33,2.28,1.08,0.17,5.96,23.80
XRPUSDT,HullMA-Cross,W08,"Hull(21/55) ATR×2.5",43,27.91,-8.65,0.69,-0.88,16.71,15.09
XRPUSDT,HullMA-Cross,W09,"Hull(21/55) ATR×2.5",40,35.00,-5.64,0.76,-0.72,13.53,17.64
XRPUSDT,HullMA-Cross,W10,"Hull(21/55) ATR×2.5",54,27.78,-16.67,0.39,-2.85,18.48,8.31
XRPUSDT,HullMA-Cross,W11,"Hull(21/55) ATR×1.5",46,19.57,-15.15,0.28,-3.55,15.56,5.88
XRPUSDT,HullMA-Cross,W12,"Hull(21/55) ATR×1.5",41,29.27,-7.83,0.66,-1.07,10.21,14.36
XRPUSDT,HullMA-Cross,W13,"Hull(9/55) ATR×1.5",59,23.73,-17.97,0.45,-2.41,17.97,7.92
XRPUSDT,Vortex-Cross,W01,"Vortex(21) ATR×1.5",81,32.10,-12.35,0.69,-0.90,23.91,15.85
XRPUSDT,Vortex-Cross,W02,"Vortex(21) ATR×1.5",70,15.71,-36.37,0.14,-6.83,36.37,4.10
XRPUSDT,Vortex-Cross,W03,"Vortex(14) ATR×2.5",87,20.69,-21.73,0.48,-2.73,26.95,7.47
XRPUSDT,Vortex-Cross,W04,"Vortex(14) ATR×2.5",84,29.76,-22.06,0.44,-2.81,22.33,9.01
XRPUSDT,Vortex-Cross,W05,"Vortex(14) ATR×2.5",72,22.22,-15.92,0.44,-2.73,19.59,7.56
XRPUSDT,Vortex-Cross,W06,"Vortex(14) ATR×2.5",89,11.24,-35.00,0.26,-4.39,35.00,4.10
XRPUSDT,Vortex-Cross,W07,"Vortex(28) ATR×2.0",52,15.38,-11.22,0.54,-1.59,11.58,8.58
XRPUSDT,Vortex-Cross,W08,"Vortex(21) ATR×2.0",55,23.64,-13.51,0.55,-1.36,18.40,11.24
XRPUSDT,Vortex-Cross,W09,"Vortex(21) ATR×2.5",74,17.57,-28.12,0.24,-5.12,28.19,5.21
XRPUSDT,Vortex-Cross,W10,"Vortex(14) ATR×1.5",84,19.05,-21.58,0.33,-4.17,21.60,6.12
XRPUSDT,Vortex-Cross,W11,"Vortex(28) ATR×2.0",65,13.85,-16.56,0.36,-3.14,16.97,5.29
XRPUSDT,Vortex-Cross,W12,"Vortex(28) ATR×1.5",70,24.29,-20.15,0.37,-3.37,21.64,7.47
XRPUSDT,Vortex-Cross,W13,"Vortex(21) ATR×1.5",73,12.33,-30.21,0.28,-3.87,30.21,4.46
XRPUSDT,PSAR-Trail,W01,"PSAR(0.01/0.02/0.3) ATR×2.5",55,38.18,13.00,1.37,0.55,15.13,30.16
XRPUSDT,PSAR-Trail,W02,"PSAR(0.01/0.02/0.3) ATR×2.0",55,30.91,-12.22,0.68,-0.94,20.03,15.39
XRPUSDT,PSAR-Trail,W03,"PSAR(0.01/0.02/0.2) ATR×1.5",54,29.63,-15.14,0.51,-1.95,20.90,9.74
XRPUSDT,PSAR-Trail,W04,"PSAR(0.01/0.02/0.2) ATR×2.0",58,29.31,-29.70,0.32,-3.47,29.70,8.13
XRPUSDT,PSAR-Trail,W05,"PSAR(0.01/0.02/0.2) ATR×2.0",58,34.48,-10.94,0.61,-1.61,14.92,12.83
XRPUSDT,PSAR-Trail,W06,"PSAR(0.01/0.02/0.2) ATR×2.0",74,20.27,-33.21,0.30,-4.66,33.21,6.15
XRPUSDT,PSAR-Trail,W07,"PSAR(0.01/0.02/0.3) ATR×2.0",65,32.31,-12.32,0.69,-1.09,19.00,15.10
XRPUSDT,PSAR-Trail,W08,"PSAR(0.01/0.02/0.3) ATR×2.5",66,33.33,-3.21,0.92,-0.22,14.18,20.54
XRPUSDT,PSAR-Trail,W09,"PSAR(0.01/0.015/0.2) ATR×2.5",58,25.86,-20.50,0.48,-2.32,20.50,8.54
XRPUSDT,PSAR-Trail,W10,"PSAR(0.01/0.02/0.3) ATR×2.5",63,25.40,-12.94,0.49,-2.39,14.37,8.49
XRPUSDT,PSAR-Trail,W11,"PSAR(0.02/0.015/0.2) ATR×2.5",63,22.22,-17.01,0.46,-2.24,19.34,7.69
XRPUSDT,PSAR-Trail,W12,"PSAR(0.02/0.015/0.2) ATR×2.5",61,34.43,1.34,1.04,0.10,14.50,23.14
XRPUSDT,PSAR-Trail,W13,"PSAR(0.02/0.015/0.2) ATR×2.5",62,25.81,-21.50,0.56,-1.88,21.50,9.60
