Symbol,Strategy,Direction,EntryTime,ExitTime,EntryPrice,ExitPrice,PnL%,ExitReason,HoldingMin
ADAUSDT,TrendPullback-EMA,short,2025-03-02T06:45:00.000Z,2025-03-02T09:15:00.000Z,0.6574711000000001,0.6465791198709459,1.48,Target,150
ADAUSDT,TrendPullback-EMA,long,2025-03-07T04:00:00.000Z,2025-03-07T04:30:00.000Z,0.8874434999999999,0.8735996779581916,-1.74,ATR Stop,30
ADAUSDT,TrendPullback-EMA,long,2025-03-09T01:45:00.000Z,2025-03-09T03:30:00.000Z,0.8112054,0.8053028269694061,-0.91,ATR Stop,105
ADAUSDT,TrendPullback-EMA,short,2025-03-10T03:30:00.000Z,2025-03-10T04:30:00.000Z,0.7310343000000001,0.7418520381784504,-1.66,ATR Stop,60
ADAUSDT,TrendPullback-EMA,short,2025-03-10T08:15:00.000Z,2025-03-10T08:45:00.000Z,0.72373795,0.6932968790657085,4.03,Target,30
ADAUSDT,TrendPullback-EMA,short,2025-03-11T22:30:00.000Z,2025-03-12T00:00:00.000Z,0.7159418500000001,0.7212830734473042,-0.93,ATR Stop,90
ADAUSDT,TrendPullback-EMA,short,2025-03-12T09:45:00.000Z,2025-03-12T10:30:00.000Z,0.7166415,0.7314749881939563,-2.25,ATR Stop,45
ADAUSDT,TrendPullback-EMA,short,2025-03-13T08:45:00.000Z,2025-03-13T15:30:00.000Z,0.71534215,0.6912662124331788,3.19,Target,405
ADAUSDT,TrendPullback-EMA,short,2025-03-28T21:30:00.000Z,2025-03-28T22:00:00.000Z,0.69435265,0.7002152791991301,-1.02,ATR Stop,30
ADAUSDT,TrendPullback-EMA,short,2025-11-01T16:45:00.000Z,2025-11-01T17:45:00.000Z,0.60759605,0.6113654320876452,-0.80,ATR Stop,60
ADAUSDT,TrendPullback-EMA,short,2025-11-01T19:00:00.000Z,2025-11-01T21:00:00.000Z,0.6092952,0.6119011775811135,-0.61,ATR Stop,120
ADAUSDT,TrendPullback-EMA,short,2025-11-02T04:45:00.000Z,2025-11-02T05:45:00.000Z,0.6106945,0.6109792156710477,-0.23,ATR Stop,60
ADAUSDT,TrendPullback-EMA,short,2025-11-09T04:30:00.000Z,2025-11-09T05:15:00.000Z,0.5529234000000001,0.5561004583614146,-0.75,ATR Stop,45
ADAUSDT,TrendPullback-EMA,short,2025-11-18T08:15:00.000Z,2025-11-18T09:15:00.000Z,0.4623687,0.46787244086603225,-1.37,ATR Stop,60
ADAUSDT,TrendPullback-EMA,short,2025-11-18T18:45:00.000Z,2025-11-18T20:30:00.000Z,0.47206385,0.4753614505439227,-0.88,ATR Stop,105
ADAUSDT,TrendPullback-EMA,short,2025-11-19T08:30:00.000Z,2025-11-19T11:00:00.000Z,0.46466755,0.4543964099660928,2.03,Target,150
ADAUSDT,TrendPullback-EMA,short,2025-11-26T03:45:00.000Z,2025-11-26T06:45:00.000Z,0.41909035000000006,0.4113158152696121,1.68,Target,180
ADAUSDT,KAMA-Pullback,short,2025-03-05T09:15:00.000Z,2025-03-05T11:45:00.000Z,0.9643176,0.9635388032107385,-0.10,ATR Stop,150
ADAUSDT,KAMA-Pullback,short,2025-03-08T16:45:00.000Z,2025-03-08T18:45:00.000Z,0.8062966500000001,0.8110822712094731,-0.77,ATR Stop,120
ADAUSDT,KAMA-Pullback,short,2025-03-10T03:15:00.000Z,2025-03-10T04:30:00.000Z,0.7298349,0.7407980343267925,-1.68,ATR Stop,75
ADAUSDT,KAMA-Pullback,short,2025-03-13T08:45:00.000Z,2025-03-13T16:30:00.000Z,0.71534215,0.7003091767049958,1.92,ATR Stop,465
ADAUSDT,KAMA-Pullback,long,2025-05-09T19:00:00.000Z,2025-05-09T19:00:00.000Z,0.7865930999999999,0.7784320875910374,-1.22,ATR Stop,0
ADAUSDT,KAMA-Pullback,long,2025-05-13T04:00:00.000Z,2025-05-13T06:30:00.000Z,0.7982989500000001,0.7925610632581749,-0.90,ATR Stop,150
ADAUSDT,KAMA-Pullback,short,2025-05-17T21:45:00.000Z,2025-05-17T22:30:00.000Z,0.73953005,0.7426412233542579,-0.60,ATR Stop,45
ADAUSDT,KAMA-Pullback,short,2025-05-21T12:30:00.000Z,2025-05-21T14:15:00.000Z,0.74732615,0.7600038491693172,-1.88,ATR Stop,105
ADAUSDT,KAMA-Pullback,short,2025-05-24T02:45:00.000Z,2025-05-24T05:00:00.000Z,0.75692135,0.7614971452902789,-0.78,ATR Stop,135
ADAUSDT,KAMA-Pullback,short,2025-05-30T17:00:00.000Z,2025-05-30T17:45:00.000Z,0.6986505,0.6856778415193563,1.68,Target,45
ADAUSDT,Chandelier-MTF,long,2025-07-03T20:15:00.000Z,2025-07-03T21:00:00.000Z,0.60080025,0.5992931185401927,-0.43,ATR Stop,45
ADAUSDT,Chandelier-MTF,long,2025-07-10T11:15:00.000Z,2025-07-10T12:15:00.000Z,0.63961965,0.6592154220497319,2.88,Target,60
ADAUSDT,Chandelier-MTF,long,2025-07-11T20:45:00.000Z,2025-07-11T23:15:00.000Z,0.73286625,0.7193735615837663,-2.02,ATR Stop,150
ADAUSDT,Chandelier-MTF,long,2025-07-12T06:15:00.000Z,2025-07-12T06:30:00.000Z,0.7231614,0.7250984357150997,0.09,ATR Stop,15
ADAUSDT,Chandelier-MTF,long,2025-07-13T20:15:00.000Z,2025-07-14T00:30:00.000Z,0.7517756999999999,0.7623074222988556,1.22,ATR Stop,255
ADAUSDT,Chandelier-MTF,long,2025-07-17T01:15:00.000Z,2025-07-17T04:00:00.000Z,0.7759877999999999,0.8075876297576514,3.89,Target,165
ADAUSDT,Chandelier-MTF,long,2025-07-19T15:30:00.000Z,2025-07-19T15:45:00.000Z,0.82891425,0.8201027492080084,-1.24,ATR Stop,15
ADAUSDT,Chandelier-MTF,short,2025-07-23T23:15:00.000Z,2025-07-24T01:15:00.000Z,0.8011992,0.7664634807424864,4.16,Target,120
ADAUSDT,Chandelier-MTF,short,2025-07-24T22:30:00.000Z,2025-07-24T23:00:00.000Z,0.7946025000000001,0.7915112713965491,0.21,ATR Stop,30
ADAUSDT,Chandelier-MTF,short,2025-08-02T09:30:00.000Z,2025-08-02T11:30:00.000Z,0.7024486,0.7054682208757315,-0.61,ATR Stop,120
ADAUSDT,Chandelier-MTF,long,2025-08-05T05:15:00.000Z,2025-08-05T06:30:00.000Z,0.7561779,0.7482569021083995,-1.23,ATR Stop,75
ADAUSDT,Chandelier-MTF,long,2025-08-07T14:30:00.000Z,2025-08-07T17:30:00.000Z,0.7657826999999999,0.7853347665365099,2.37,Target,180
ADAUSDT,Chandelier-MTF,long,2025-08-10T21:15:00.000Z,2025-08-11T00:00:00.000Z,0.8298147,0.821375426100376,-1.20,ATR Stop,165
ADAUSDT,Chandelier-MTF,long,2025-09-09T21:15:00.000Z,2025-09-09T23:00:00.000Z,0.8792394,0.870966073392429,-1.12,ATR Stop,105
ADAUSDT,Chandelier-MTF,long,2025-09-10T22:15:00.000Z,2025-09-10T23:00:00.000Z,0.89134545,0.8879357343969808,-0.56,ATR Stop,45
ADAUSDT,Chandelier-MTF,long,2025-09-11T16:45:00.000Z,2025-09-11T19:30:00.000Z,0.88574265,0.8995202513262355,1.38,Target,165
ADAUSDT,Chandelier-MTF,long,2025-09-12T12:00:00.000Z,2025-09-12T19:15:00.000Z,0.9030512999999999,0.9240139518605012,2.14,Target,435
ADAUSDT,Chandelier-MTF,short,2025-09-15T03:15:00.000Z,2025-09-15T08:45:00.000Z,0.8606694500000001,0.8559743518191726,0.37,ATR Stop,330
ADAUSDT,Chandelier-MTF,short,2025-09-17T09:15:00.000Z,2025-09-17T11:15:00.000Z,0.8645675,0.8646193405748549,-0.19,ATR Stop,120
ADAUSDT,Chandelier-MTF,short,2025-09-25T12:00:00.000Z,2025-09-25T13:00:00.000Z,0.7686155,0.7714000058528506,-0.54,ATR Stop,60
ADAUSDT,Chandelier-MTF,short,2025-09-27T04:15:00.000Z,2025-09-27T04:30:00.000Z,0.77961,0.7828254533029486,-0.59,ATR Stop,15
ADAUSDT,Chandelier-MTF,short,2025-09-27T20:15:00.000Z,2025-09-28T08:00:00.000Z,0.7722137,0.7648581950094191,0.77,ATR Stop,705
ADAUSDT,Chandelier-MTF,long,2025-09-29T09:30:00.000Z,2025-09-29T09:45:00.000Z,0.8126061,0.8029415772109669,-1.37,ATR Stop,15
ADAUSDT,Chandelier-MTF,long,2025-09-30T15:30:00.000Z,2025-09-30T17:15:00.000Z,0.80890425,0.8017516792209638,-1.06,ATR Stop,105
ADAUSDT,Chandelier-MTF,short,2025-10-10T10:30:00.000Z,2025-10-10T16:30:00.000Z,0.7822087,0.7488535752777864,4.08,Target,360
ADAUSDT,Chandelier-MTF,short,2025-10-15T10:15:00.000Z,2025-10-15T19:30:00.000Z,0.6732632000000001,0.6716585392375105,0.06,ATR Stop,555
ADAUSDT,Chandelier-MTF,long,2025-10-21T10:15:00.000Z,2025-10-21T11:30:00.000Z,0.6830413499999999,0.6696975319907945,-2.13,ATR Stop,75
ADAUSDT,Chandelier-MTF,short,2025-10-29T23:30:00.000Z,2025-10-30T00:15:00.000Z,0.62818575,0.6322125778940995,-0.82,ATR Stop,45
ADAUSDT,Chandelier-MTF,short,2025-11-02T09:15:00.000Z,2025-11-02T15:30:00.000Z,0.5997,0.592716639744838,0.98,ATR Stop,375
ADAUSDT,Chandelier-MTF,short,2025-11-02T21:15:00.000Z,2025-11-02T22:30:00.000Z,0.5895051,0.5716516675595874,2.85,Target,75
ADAUSDT,Chandelier-MTF,short,2025-11-04T01:00:00.000Z,2025-11-04T03:00:00.000Z,0.5443277,0.5428727008359036,0.09,ATR Stop,120
ADAUSDT,Chandelier-MTF,short,2025-11-06T10:30:00.000Z,2025-11-06T13:15:00.000Z,0.5231383000000001,0.53038379477655,-1.57,ATR Stop,165
ADAUSDT,Chandelier-MTF,short,2025-11-16T08:15:00.000Z,2025-11-16T12:45:00.000Z,0.49045465000000005,0.4832839768894335,1.28,ATR Stop,270
ADAUSDT,Chandelier-MTF,short,2025-11-20T11:15:00.000Z,2025-11-20T15:45:00.000Z,0.43868055000000006,0.44064479267828105,-0.63,ATR Stop,270
APTUSDT,TrendPullback-EMA,long,2025-09-09T20:45:00.000Z,2025-09-09T22:30:00.000Z,4.410204,4.40087645556671,-0.39,ATR Stop,105
APTUSDT,TrendPullback-EMA,long,2025-09-14T21:45:00.000Z,2025-09-15T00:45:00.000Z,4.5570774,4.565636454880764,0.01,ATR Stop,180
APTUSDT,TrendPullback-EMA,long,2025-09-15T19:45:00.000Z,2025-09-15T20:15:00.000Z,4.3750864499999995,4.354214791405368,-0.66,ATR Stop,30
APTUSDT,TrendPullback-EMA,short,2025-09-17T03:15:00.000Z,2025-09-17T05:30:00.000Z,4.4081948,4.413026881355753,-0.29,ATR Stop,135
APTUSDT,TrendPullback-EMA,long,2025-09-19T23:15:00.000Z,2025-09-20T02:15:00.000Z,4.5885931499999995,4.663625760725389,1.46,Target,180
APTUSDT,TrendPullback-EMA,short,2025-09-27T04:00:00.000Z,2025-09-27T05:15:00.000Z,4.0691644,4.087984408055026,-0.64,ATR Stop,75
APTUSDT,TrendPullback-EMA,short,2025-09-29T05:45:00.000Z,2025-09-29T06:00:00.000Z,4.2125926499999995,4.242171777452512,-0.88,ATR Stop,15
APTUSDT,TrendPullback-EMA,long,2025-10-06T08:30:00.000Z,2025-10-06T09:15:00.000Z,5.38459095,5.328996958516493,-1.21,ATR Stop,45
APTUSDT,TrendPullback-EMA,long,2025-10-07T19:45:00.000Z,2025-10-07T21:30:00.000Z,5.334365849999999,5.280704908760928,-1.19,ATR Stop,105
APTUSDT,TrendPullback-EMA,long,2025-10-08T00:30:00.000Z,2025-10-08T01:15:00.000Z,5.3280627,5.254499705892184,-1.56,ATR Stop,45
APTUSDT,TrendPullback-EMA,long,2025-10-08T11:45:00.000Z,2025-10-08T13:30:00.000Z,5.2616295,5.238024240960048,-0.63,ATR Stop,105
APTUSDT,TrendPullback-EMA,long,2025-10-10T07:45:00.000Z,2025-10-10T10:15:00.000Z,5.011804649999999,4.973560810968366,-0.94,ATR Stop,150
APTUSDT,TrendPullback-EMA,short,2025-10-14T19:15:00.000Z,2025-10-14T20:30:00.000Z,3.636181,3.659554464798082,-0.82,ATR Stop,75
APTUSDT,TrendPullback-EMA,short,2025-10-14T22:15:00.000Z,2025-10-14T22:45:00.000Z,3.63428195,3.675809636742199,-1.32,ATR Stop,30
APTUSDT,TrendPullback-EMA,short,2025-10-18T19:15:00.000Z,2025-10-18T21:45:00.000Z,3.1584200000000004,3.174919883391256,-0.70,ATR Stop,150
APTUSDT,TrendPullback-EMA,short,2025-10-19T17:45:00.000Z,2025-10-19T21:00:00.000Z,3.1923030500000005,3.1800917046220016,0.20,ATR Stop,195
APTUSDT,TrendPullback-EMA,short,2025-10-23T15:45:00.000Z,2025-10-23T18:30:00.000Z,3.2351816,3.245804470932037,-0.51,ATR Stop,165
APTUSDT,KAMA-Pullback,long,2025-03-02T04:30:00.000Z,2025-03-02T05:30:00.000Z,6.2558263499999995,6.213914433366757,-0.85,ATR Stop,60
APTUSDT,KAMA-Pullback,long,2025-03-02T08:15:00.000Z,2025-03-02T09:15:00.000Z,6.25362525,6.206753207155513,-0.93,ATR Stop,60
APTUSDT,KAMA-Pullback,long,2025-03-06T06:15:00.000Z,2025-03-06T06:45:00.000Z,6.2519244,6.178630900874526,-1.35,ATR Stop,30
APTUSDT,KAMA-Pullback,long,2025-03-20T23:45:00.000Z,2025-03-21T00:15:00.000Z,5.590894049999999,5.544611468052593,-1.01,ATR Stop,30
APTUSDT,KAMA-Pullback,long,2025-03-25T01:45:00.000Z,2025-03-25T02:45:00.000Z,5.993195099999999,5.944731171938296,-0.99,ATR Stop,60
APTUSDT,KAMA-Pullback,short,2025-07-29T23:30:00.000Z,2025-07-30T00:00:00.000Z,4.53403185,4.564091106529338,-0.84,ATR Stop,30
APTUSDT,KAMA-Pullback,short,2025-08-01T10:00:00.000Z,2025-08-01T10:30:00.000Z,4.254271800000001,4.320050636123532,-1.73,ATR Stop,30
APTUSDT,KAMA-Pullback,short,2025-08-03T09:00:00.000Z,2025-08-03T09:45:00.000Z,4.19000395,4.215747005335639,-0.79,ATR Stop,45
APTUSDT,KAMA-Pullback,long,2025-08-05T05:15:00.000Z,2025-08-05T07:15:00.000Z,4.3234606499999995,4.302852796182501,-0.66,ATR Stop,120
APTUSDT,KAMA-Pullback,long,2025-08-09T19:45:00.000Z,2025-08-09T21:15:00.000Z,4.826512049999999,4.809597086561935,-0.53,ATR Stop,90
APTUSDT,KAMA-Pullback,long,2025-08-10T10:00:00.000Z,2025-08-10T14:45:00.000Z,4.71485625,4.691144036039709,-0.68,ATR Stop,285
APTUSDT,KAMA-Pullback,short,2025-08-11T02:30:00.000Z,2025-08-11T06:30:00.000Z,4.7186395,4.619620814179963,1.92,Target,240
APTUSDT,KAMA-Pullback,short,2025-08-21T22:15:00.000Z,2025-08-21T22:45:00.000Z,4.38590595,4.421624219162995,-0.99,ATR Stop,30
APTUSDT,Chandelier-MTF,short,2025-08-02T10:15:00.000Z,2025-08-02T11:15:00.000Z,4.12963415,4.164222266629088,-1.02,ATR Stop,60
APTUSDT,Chandelier-MTF,long,2025-08-05T05:15:00.000Z,2025-08-05T07:15:00.000Z,4.3234606499999995,4.297440637592046,-0.78,ATR Stop,120
APTUSDT,Chandelier-MTF,short,2025-08-11T12:45:00.000Z,2025-08-11T19:15:00.000Z,4.63198285,4.574709577792156,1.06,ATR Stop,390
APTUSDT,Chandelier-MTF,short,2025-08-22T07:45:00.000Z,2025-08-22T08:15:00.000Z,4.3067455500000005,4.336141930164983,-0.86,ATR Stop,30
APTUSDT,Chandelier-MTF,long,2025-08-23T09:30:00.000Z,2025-08-23T10:45:00.000Z,4.7363669999999995,4.710678023721954,-0.72,ATR Stop,75
APTUSDT,Chandelier-MTF,short,2025-09-17T00:45:00.000Z,2025-09-17T00:45:00.000Z,4.4158909500000005,4.427430076403312,-0.44,ATR Stop,0
APTUSDT,Chandelier-MTF,short,2025-09-22T21:15:00.000Z,2025-09-22T22:00:00.000Z,4.2280849,4.2637932447642966,-1.02,ATR Stop,45
APTUSDT,Chandelier-MTF,short,2025-09-24T17:45:00.000Z,2025-09-24T20:00:00.000Z,4.239879,4.1743988125208755,1.36,Target,135
APTUSDT,Chandelier-MTF,long,2025-09-28T10:45:00.000Z,2025-09-28T14:15:00.000Z,4.1582780999999995,4.13604465245016,-0.71,ATR Stop,210
APTUSDT,Chandelier-MTF,long,2025-09-29T10:30:00.000Z,2025-09-29T11:15:00.000Z,4.27943865,4.2494529229730444,-0.88,ATR Stop,45
APTUSDT,Chandelier-MTF,long,2025-09-30T14:45:00.000Z,2025-09-30T19:45:00.000Z,4.3397688,4.433609842470514,1.98,Target,300
APTUSDT,Chandelier-MTF,long,2025-10-06T13:45:00.000Z,2025-10-06T14:15:00.000Z,5.4432202499999995,5.401661580732733,-0.94,ATR Stop,30
APTUSDT,Chandelier-MTF,long,2025-10-14T21:15:00.000Z,2025-10-14T21:45:00.000Z,3.6884433,3.633546358380178,-1.67,ATR Stop,30
APTUSDT,Chandelier-MTF,long,2025-10-21T10:00:00.000Z,2025-10-21T11:30:00.000Z,3.33696765,3.311658780256212,-0.94,ATR Stop,90
APTUSDT,Chandelier-MTF,long,2025-10-22T06:30:00.000Z,2025-10-22T06:30:00.000Z,3.3187585499999996,3.2863042291475395,-1.16,ATR Stop,0
APTUSDT,Chandelier-MTF,short,2025-10-29T23:45:00.000Z,2025-10-30T00:15:00.000Z,3.30764535,3.329963828565673,-0.85,ATR Stop,30
APTUSDT,Chandelier-MTF,long,2025-11-07T10:45:00.000Z,2025-11-07T18:00:00.000Z,3.0637310999999996,3.173695482264277,3.41,ATR Stop,435
APTUSDT,Chandelier-MTF,long,2025-11-09T09:15:00.000Z,2025-11-09T12:15:00.000Z,3.1052518499999997,3.232950452483915,3.93,Target,180
APTUSDT,Chandelier-MTF,short,2025-11-25T01:30:00.000Z,2025-11-25T09:45:00.000Z,2.2783602500000004,2.209125706941918,2.86,Target,495
BCHUSDT,TrendPullback-EMA,long,2025-05-10T08:45:00.000Z,2025-05-10T12:45:00.000Z,421.120455,419.7763938154982,-0.50,ATR Stop,240
BCHUSDT,TrendPullback-EMA,long,2025-05-11T19:45:00.000Z,2025-05-11T20:15:00.000Z,411.455625,407.3897246712922,-1.17,ATR Stop,30
BCHUSDT,TrendPullback-EMA,short,2025-05-20T01:00:00.000Z,2025-05-20T07:00:00.000Z,391.59410500000007,385.80908327903956,1.30,Target,360
BCHUSDT,TrendPullback-EMA,long,2025-05-24T05:30:00.000Z,2025-05-24T06:15:00.000Z,430.59518999999995,427.6162831146344,-0.87,ATR Stop,45
BCHUSDT,TrendPullback-EMA,long,2025-10-27T22:15:00.000Z,2025-10-27T23:45:00.000Z,559.11942,557.2964398441363,-0.51,ATR Stop,90
BCHUSDT,TrendPullback-EMA,long,2025-10-29T09:45:00.000Z,2025-10-29T13:30:00.000Z,560.470095,557.7678004329907,-0.66,ATR Stop,225
BCHUSDT,TrendPullback-EMA,short,2025-11-04T11:30:00.000Z,2025-11-04T14:15:00.000Z,491.13431,475.82422862331106,2.94,Target,165
BCHUSDT,TrendPullback-EMA,short,2025-11-05T18:45:00.000Z,2025-11-05T21:15:00.000Z,487.85595000000006,487.2676807585015,-0.06,ATR Stop,150
BCHUSDT,TrendPullback-EMA,short,2025-11-09T04:30:00.000Z,2025-11-09T05:30:00.000Z,490.904425,493.4301635438691,-0.69,ATR Stop,60
BCHUSDT,KAMA-Pullback,long,2025-04-01T09:45:00.000Z,2025-04-01T11:00:00.000Z,313.80682499999995,312.44146527710114,-0.62,ATR Stop,75
BCHUSDT,KAMA-Pullback,short,2025-07-04T17:15:00.000Z,2025-07-04T17:45:00.000Z,483.61807000000005,486.50147957152194,-0.78,ATR Stop,30
BCHUSDT,KAMA-Pullback,short,2025-07-06T01:15:00.000Z,2025-07-06T03:45:00.000Z,485.20727500000004,484.58008584994866,-0.05,ATR Stop,150
BCHUSDT,KAMA-Pullback,short,2025-07-06T17:45:00.000Z,2025-07-06T19:00:00.000Z,493.643055,493.9173279499349,-0.24,ATR Stop,75
BCHUSDT,KAMA-Pullback,long,2025-07-07T15:45:00.000Z,2025-07-07T16:30:00.000Z,494.056905,491.7038816075467,-0.66,ATR Stop,45
BCHUSDT,KAMA-Pullback,short,2025-08-02T01:15:00.000Z,2025-08-02T02:00:00.000Z,536.5316,540.8476531202591,-0.98,ATR Stop,45
BCHUSDT,KAMA-Pullback,short,2025-08-02T09:15:00.000Z,2025-08-02T09:45:00.000Z,532.1338,535.7044675072876,-0.85,ATR Stop,30
BCHUSDT,KAMA-Pullback,long,2025-08-04T17:15:00.000Z,2025-08-04T18:30:00.000Z,575.00736,570.7215799894284,-0.93,ATR Stop,75
BCHUSDT,KAMA-Pullback,long,2025-08-08T01:45:00.000Z,2025-08-08T06:30:00.000Z,579.74973,578.9037305007972,-0.33,ATR Stop,285
BCHUSDT,KAMA-Pullback,short,2025-08-15T04:00:00.000Z,2025-08-15T04:30:00.000Z,593.1432800000001,596.6801270885579,-0.78,ATR Stop,30
BCHUSDT,KAMA-Pullback,short,2025-08-19T07:45:00.000Z,2025-08-19T09:15:00.000Z,564.1577800000001,558.261169898113,0.87,Target,90
BCHUSDT,KAMA-Pullback,short,2025-08-20T02:30:00.000Z,2025-08-20T03:00:00.000Z,549.035345,551.9669103258981,-0.71,ATR Stop,30
BCHUSDT,KAMA-Pullback,short,2025-08-27T03:45:00.000Z,2025-08-27T04:45:00.000Z,552.153785,556.0963627291395,-0.89,ATR Stop,60
BNBUSDT,TrendPullback-EMA,short,2025-10-31T04:45:00.000Z,2025-10-31T06:30:00.000Z,1085.29708,1091.2342163712442,-0.73,ATR Stop,105
BNBUSDT,TrendPullback-EMA,short,2025-10-31T20:45:00.000Z,2025-10-31T21:30:00.000Z,1082.3585500000002,1088.0037702506766,-0.70,ATR Stop,45
BNBUSDT,TrendPullback-EMA,short,2025-11-01T19:30:00.000Z,2025-11-01T23:00:00.000Z,1091.29408,1092.2470486095378,-0.27,ATR Stop,210
BNBUSDT,TrendPullback-EMA,short,2025-11-02T19:45:00.000Z,2025-11-02T21:45:00.000Z,1075.991735,1064.6616419741804,0.87,Target,120
BNBUSDT,TrendPullback-EMA,short,2025-11-05T18:45:00.000Z,2025-11-05T21:15:00.000Z,955.5619800000001,952.673324755797,0.12,ATR Stop,150
BNBUSDT,TrendPullback-EMA,short,2025-11-06T05:45:00.000Z,2025-11-06T08:00:00.000Z,951.793865,949.7025958008606,0.04,ATR Stop,135
BNBUSDT,TrendPullback-EMA,short,2025-11-07T04:15:00.000Z,2025-11-07T06:45:00.000Z,954.672425,937.1528333663589,1.66,Target,150
BNBUSDT,TrendPullback-EMA,short,2025-11-08T17:45:00.000Z,2025-11-08T19:30:00.000Z,992.173665,990.6178299780431,-0.02,ATR Stop,105
BNBUSDT,TrendPullback-EMA,short,2025-11-09T04:45:00.000Z,2025-11-09T05:30:00.000Z,983.68791,989.6682453964543,-0.79,ATR Stop,45
BNBUSDT,TrendPullback-EMA,short,2025-11-09T07:45:00.000Z,2025-11-09T09:15:00.000Z,983.78786,989.403830808187,-0.75,ATR Stop,90
BNBUSDT,TrendPullback-EMA,short,2025-11-15T06:30:00.000Z,2025-11-15T07:30:00.000Z,930.5345000000001,936.2567644281274,-0.79,ATR Stop,60
BNBUSDT,TrendPullback-EMA,short,2025-11-15T11:00:00.000Z,2025-11-15T11:15:00.000Z,932.4235550000001,937.4593302415147,-0.72,ATR Stop,15
BNBUSDT,TrendPullback-EMA,short,2025-11-15T15:30:00.000Z,2025-11-15T16:45:00.000Z,932.81336,932.8334931161271,-0.18,ATR Stop,75
BNBUSDT,TrendPullback-EMA,short,2025-11-17T06:45:00.000Z,2025-11-17T08:45:00.000Z,931.5340000000001,920.7982724540929,0.97,Target,120
BNBUSDT,TrendPullback-EMA,short,2025-11-18T18:45:00.000Z,2025-11-18T20:00:00.000Z,930.2246550000001,935.3352676298135,-0.73,ATR Stop,75
BNBUSDT,TrendPullback-EMA,short,2025-11-21T17:45:00.000Z,2025-11-21T17:45:00.000Z,818.95032,829.6265364444026,-1.48,ATR Stop,0
BNBUSDT,TrendPullback-EMA,short,2025-11-23T18:15:00.000Z,2025-11-23T20:45:00.000Z,845.227175,843.7155405844428,-0.00,ATR Stop,150
BNBUSDT,Chandelier-MTF,long,2025-09-10T01:15:00.000Z,2025-09-10T03:30:00.000Z,884.28192,881.7934062637779,-0.46,ATR Stop,135
BNBUSDT,Chandelier-MTF,long,2025-09-11T17:15:00.000Z,2025-09-11T21:45:00.000Z,901.39047,902.7760881807252,-0.03,ATR Stop,270
BNBUSDT,Chandelier-MTF,long,2025-09-13T21:15:00.000Z,2025-09-13T22:30:00.000Z,936.317925,936.7590064934569,-0.13,ATR Stop,75
BNBUSDT,Chandelier-MTF,long,2025-09-16T00:30:00.000Z,2025-09-16T01:00:00.000Z,930.5650499999999,927.1521024210306,-0.55,ATR Stop,30
BNBUSDT,Chandelier-MTF,long,2025-09-19T03:45:00.000Z,2025-09-19T04:15:00.000Z,1000.510005,994.0769528853634,-0.82,ATR Stop,30
BNBUSDT,Chandelier-MTF,long,2025-09-19T23:15:00.000Z,2025-09-20T03:30:00.000Z,996.948225,996.9808032963883,-0.18,ATR Stop,255
BNBUSDT,Chandelier-MTF,long,2025-09-21T17:15:00.000Z,2025-09-21T18:00:00.000Z,1053.036255,1045.1946779839814,-0.92,ATR Stop,45
BNBUSDT,Chandelier-MTF,short,2025-09-22T09:15:00.000Z,2025-09-22T16:00:00.000Z,1007.266115,993.0767810581895,1.23,ATR Stop,405
BNBUSDT,Chandelier-MTF,short,2025-10-28T15:45:00.000Z,2025-10-28T16:00:00.000Z,1090.5544499999999,1093.830497657525,-0.48,ATR Stop,15
BNBUSDT,Chandelier-MTF,short,2025-10-29T23:30:00.000Z,2025-10-29T23:45:00.000Z,1100.3295600000001,1103.784269629156,-0.49,ATR Stop,15
BNBUSDT,Chandelier-MTF,short,2025-11-02T20:15:00.000Z,2025-11-02T21:45:00.000Z,1073.28309,1060.2231833587628,1.04,Target,90
BNBUSDT,Chandelier-MTF,short,2025-11-03T15:30:00.000Z,2025-11-03T19:15:00.000Z,985.12719,980.1333221126988,0.33,ATR Stop,225
BNBUSDT,Chandelier-MTF,short,2025-11-04T00:30:00.000Z,2025-11-04T00:45:00.000Z,946.80636,961.9763806511322,-1.78,ATR Stop,15
BNBUSDT,Chandelier-MTF,short,2025-11-04T20:15:00.000Z,2025-11-04T20:30:00.000Z,903.637955,913.4637206021072,-1.27,ATR Stop,15
BNBUSDT,Chandelier-MTF,long,2025-11-07T12:15:00.000Z,2025-11-07T19:45:00.000Z,967.62357,993.9006192383906,2.54,ATR Stop,450
BNBUSDT,Chandelier-MTF,short,2025-11-13T11:30:00.000Z,2025-11-13T12:45:00.000Z,945.6069600000001,924.3735608841912,2.07,Target,75
BNBUSDT,Chandelier-MTF,short,2025-11-20T10:30:00.000Z,2025-11-20T16:45:00.000Z,890.2446550000001,883.6461608026617,0.56,ATR Stop,375
BNBUSDT,Chandelier-MTF,short,2025-11-22T04:15:00.000Z,2025-11-22T06:00:00.000Z,820.019785,821.9566456793858,-0.42,ATR Stop,105
BNBUSDT,Chandelier-MTF,long,2025-11-24T12:15:00.000Z,2025-11-24T16:15:00.000Z,863.93175,866.7270651948162,0.14,ATR Stop,240
CFXUSDT,TrendPullback-EMA,long,2025-08-04T02:00:00.000Z,2025-08-04T02:00:00.000Z,0.217178535,0.21339707009747483,-1.92,ATR Stop,0
CFXUSDT,TrendPullback-EMA,long,2025-08-09T22:30:00.000Z,2025-08-10T01:00:00.000Z,0.21487738499999998,0.21149642201022525,-1.75,ATR Stop,150
CFXUSDT,TrendPullback-EMA,long,2025-08-10T19:15:00.000Z,2025-08-10T21:00:00.000Z,0.209394645,0.21285156111273115,1.47,Target,105
CFXUSDT,TrendPullback-EMA,short,2025-08-15T08:45:00.000Z,2025-08-15T10:30:00.000Z,0.17748121500000003,0.17361707446005445,2.00,Target,105
CFXUSDT,TrendPullback-EMA,short,2025-08-16T23:00:00.000Z,2025-08-16T23:15:00.000Z,0.17789101000000002,0.17894418341904483,-0.77,ATR Stop,15
CFXUSDT,TrendPullback-EMA,short,2025-08-21T21:45:00.000Z,2025-08-21T23:45:00.000Z,0.17533229,0.17247560833027822,1.45,Target,120
CFXUSDT,TrendPullback-EMA,long,2025-08-23T14:15:00.000Z,2025-08-23T14:45:00.000Z,0.18867429,0.18737828621594418,-0.87,ATR Stop,30
CFXUSDT,TrendPullback-EMA,long,2025-08-24T12:30:00.000Z,2025-08-24T13:00:00.000Z,0.18455223,0.18786876212862794,1.62,Target,30
CFXUSDT,TrendPullback-EMA,short,2025-08-26T06:00:00.000Z,2025-08-26T07:30:00.000Z,0.17035478,0.1716570075837881,-0.94,ATR Stop,90
CFXUSDT,TrendPullback-EMA,long,2025-08-30T20:45:00.000Z,2025-08-30T21:45:00.000Z,0.201550725,0.20014660777558446,-0.88,ATR Stop,60
CFXUSDT,TrendPullback-EMA,short,2025-09-03T04:00:00.000Z,2025-09-03T04:45:00.000Z,0.17399296000000003,0.1755338418800113,-1.07,ATR Stop,45
CFXUSDT,TrendPullback-EMA,long,2025-09-14T21:45:00.000Z,2025-09-14T22:30:00.000Z,0.177738825,0.18130058759479703,1.82,Target,45
CFXUSDT,TrendPullback-EMA,short,2025-09-24T10:30:00.000Z,2025-09-24T12:00:00.000Z,0.146416755,0.14741814535472617,-0.86,ATR Stop,90
CFXUSDT,TrendPullback-EMA,short,2025-09-27T02:15:00.000Z,2025-09-27T03:30:00.000Z,0.1445277,0.14283948762551785,0.99,Target,75
CFXUSDT,TrendPullback-EMA,short,2025-09-28T23:30:00.000Z,2025-09-29T02:30:00.000Z,0.14301845500000002,0.14365271868760546,-0.62,ATR Stop,180
CFXUSDT,TrendPullback-EMA,short,2025-10-02T03:45:00.000Z,2025-10-02T08:45:00.000Z,0.14886553,0.14690988285995685,1.13,Target,300
CFXUSDT,TrendPullback-EMA,short,2025-10-13T21:45:00.000Z,2025-10-14T00:15:00.000Z,0.120329805,0.11676784919982273,2.78,Target,150
CFXUSDT,TrendPullback-EMA,short,2025-10-15T05:30:00.000Z,2025-10-15T08:30:00.000Z,0.116811565,0.11635938212163692,0.21,ATR Stop,180
CFXUSDT,TrendPullback-EMA,short,2025-10-16T02:00:00.000Z,2025-10-16T04:30:00.000Z,0.11252371,0.11353904918977135,-1.08,ATR Stop,150
CFXUSDT,KAMA-Pullback,short,2025-06-01T01:15:00.000Z,2025-06-01T04:00:00.000Z,0.075652155,0.07449128382801529,1.35,Target,165
CFXUSDT,KAMA-Pullback,short,2025-06-02T03:45:00.000Z,2025-06-02T05:30:00.000Z,0.07542227,0.07515085625370777,0.18,ATR Stop,105
CFXUSDT,KAMA-Pullback,long,2025-06-07T00:30:00.000Z,2025-06-07T04:45:00.000Z,0.08223109499999999,0.08461885236882559,2.72,Target,255
CFXUSDT,KAMA-Pullback,short,2025-06-12T05:00:00.000Z,2025-06-12T06:15:00.000Z,0.08103946000000001,0.07980437604948604,1.34,Target,75
CFXUSDT,KAMA-Pullback,short,2025-06-14T09:30:00.000Z,2025-06-14T10:30:00.000Z,0.074492735,0.07421027430383853,0.20,ATR Stop,60
CFXUSDT,KAMA-Pullback,short,2025-06-18T03:15:00.000Z,2025-06-18T03:45:00.000Z,0.072673645,0.07324724129399453,-0.97,ATR Stop,30
CFXUSDT,KAMA-Pullback,short,2025-06-19T09:00:00.000Z,2025-06-19T11:30:00.000Z,0.07270363,0.07175466752870768,1.13,Target,150
CFXUSDT,KAMA-Pullback,short,2025-06-26T21:45:00.000Z,2025-06-26T23:45:00.000Z,0.07008494000000001,0.07067568104774972,-1.02,ATR Stop,120
CFXUSDT,KAMA-Pullback,short,2025-06-27T13:15:00.000Z,2025-06-27T14:15:00.000Z,0.06943526500000001,0.07024289628258387,-1.34,ATR Stop,60
CFXUSDT,KAMA-Pullback,short,2025-07-06T18:45:00.000Z,2025-07-06T20:15:00.000Z,0.074152905,0.07457183344333468,-0.74,ATR Stop,90
CFXUSDT,KAMA-Pullback,long,2025-07-10T01:45:00.000Z,2025-07-10T02:00:00.000Z,0.07829913,0.07777000396624476,-0.86,ATR Stop,15
CFXUSDT,KAMA-Pullback,long,2025-07-10T05:15:00.000Z,2025-07-10T07:00:00.000Z,0.07811903999999999,0.07761733165984089,-0.82,ATR Stop,105
CFXUSDT,KAMA-Pullback,long,2025-07-10T07:45:00.000Z,2025-07-10T09:00:00.000Z,0.078289125,0.0778059510567039,-0.80,ATR Stop,75
CFXUSDT,KAMA-Pullback,long,2025-07-13T20:30:00.000Z,2025-07-14T00:15:00.000Z,0.10441218,0.1048588597818532,0.25,ATR Stop,225
CFXUSDT,KAMA-Pullback,long,2025-07-16T00:30:00.000Z,2025-07-16T04:15:00.000Z,0.10311152999999999,0.10340844657339358,0.11,ATR Stop,225
CFXUSDT,KAMA-Pullback,long,2025-07-16T07:00:00.000Z,2025-07-16T07:30:00.000Z,0.10371182999999999,0.10284902889752431,-1.01,ATR Stop,30
CFXUSDT,KAMA-Pullback,short,2025-07-17T11:00:00.000Z,2025-07-17T11:45:00.000Z,0.09891052000000002,0.10048839086691104,-1.78,ATR Stop,45
CFXUSDT,KAMA-Pullback,long,2025-07-18T22:30:00.000Z,2025-07-19T02:30:00.000Z,0.10447221,0.104419973895,-0.23,ATR Stop,240
CFXUSDT,KAMA-Pullback,long,2025-07-19T11:15:00.000Z,2025-07-19T14:45:00.000Z,0.10453224,0.10556266333711457,0.81,ATR Stop,210
CFXUSDT,KAMA-Pullback,long,2025-07-21T10:45:00.000Z,2025-07-21T17:15:00.000Z,0.22006997999999997,0.2242885277634289,1.74,ATR Stop,390
CFXUSDT,KAMA-Pullback,short,2025-07-25T18:45:00.000Z,2025-07-25T19:00:00.000Z,0.18424783,0.1880905402155481,-2.27,ATR Stop,15
CFXUSDT,Chandelier-MTF,short,2025-03-10T09:15:00.000Z,2025-03-10T10:00:00.000Z,0.079630165,0.08199220690255309,-3.15,ATR Stop,45
CFXUSDT,Chandelier-MTF,long,2025-03-13T04:30:00.000Z,2025-03-13T05:45:00.000Z,0.08122059,0.08008659380634404,-1.58,ATR Stop,75
CFXUSDT,Chandelier-MTF,long,2025-03-26T20:30:00.000Z,2025-03-27T00:15:00.000Z,0.09472734,0.0944527082143867,-0.47,ATR Stop,225
CFXUSDT,Chandelier-MTF,long,2025-09-29T15:15:00.000Z,2025-09-29T17:30:00.000Z,0.14585288999999999,0.14457805683686742,-1.05,ATR Stop,135
CFXUSDT,Chandelier-MTF,short,2025-10-11T08:15:00.000Z,2025-10-11T09:30:00.000Z,0.10080957000000001,0.10041965231537807,0.21,ATR Stop,75
CFXUSDT,Chandelier-MTF,long,2025-10-12T22:00:00.000Z,2025-10-13T04:30:00.000Z,0.11305649999999999,0.11724692829082162,3.53,Target,390
CFXUSDT,Chandelier-MTF,short,2025-10-14T01:00:00.000Z,2025-10-14T01:45:00.000Z,0.114072935,0.11382173960137502,0.04,ATR Stop,45
CFXUSDT,Chandelier-MTF,long,2025-10-14T22:00:00.000Z,2025-10-14T22:00:00.000Z,0.11726860499999998,0.11636113215434883,-0.95,ATR Stop,0
CFXUSDT,Chandelier-MTF,long,2025-10-27T10:30:00.000Z,2025-10-27T10:45:00.000Z,0.117068505,0.11740119153485094,0.10,ATR Stop,15
CFXUSDT,Chandelier-MTF,short,2025-10-29T23:30:00.000Z,2025-10-30T00:15:00.000Z,0.106456745,0.10787320127000313,-1.51,ATR Stop,45
CFXUSDT,Chandelier-MTF,short,2025-11-04T12:15:00.000Z,2025-11-04T13:30:00.000Z,0.088185885,0.0864079111168406,1.84,ATR Stop,75
CFXUSDT,Chandelier-MTF,short,2025-11-06T11:30:00.000Z,2025-11-06T12:00:00.000Z,0.086186885,0.08714838549201823,-1.30,ATR Stop,30
CFXUSDT,Chandelier-MTF,long,2025-11-08T06:15:00.000Z,2025-11-08T08:45:00.000Z,0.10927461,0.10714948592446115,-2.12,ATR Stop,150
CFXUSDT,Chandelier-MTF,long,2025-11-08T09:30:00.000Z,2025-11-08T10:00:00.000Z,0.109764855,0.10801124712234364,-1.78,ATR Stop,30
CFXUSDT,Chandelier-MTF,short,2025-11-21T17:45:00.000Z,2025-11-21T18:00:00.000Z,0.079550205,0.08144255465036289,-2.56,ATR Stop,15
CFXUSDT,Chandelier-MTF,short,2025-11-21T23:15:00.000Z,2025-11-21T23:15:00.000Z,0.080169895,0.08048999726373889,-0.58,ATR Stop,0
CFXUSDT,Chandelier-MTF,short,2025-11-22T00:00:00.000Z,2025-11-22T01:00:00.000Z,0.08024985500000001,0.08132552833232759,-1.52,ATR Stop,60
CFXUSDT,Chandelier-MTF,short,2025-11-22T03:15:00.000Z,2025-11-22T05:45:00.000Z,0.0797601,0.08121767830272682,-2.01,ATR Stop,150
CFXUSDT,Chandelier-MTF,short,2025-11-23T19:15:00.000Z,2025-11-23T20:45:00.000Z,0.079850055,0.08033747927370395,-0.79,ATR Stop,90
CFXUSDT,Chandelier-MTF,long,2025-11-24T12:15:00.000Z,2025-11-24T18:15:00.000Z,0.08276135999999999,0.08394347661343048,1.25,ATR Stop,360
DOGEUSDT,TrendPullback-EMA,short,2025-03-10T08:45:00.000Z,2025-03-10T10:00:00.000Z,0.16825583,0.16947848283257308,-0.91,ATR Stop,75
DOGEUSDT,TrendPullback-EMA,short,2025-03-11T09:00:00.000Z,2025-03-11T09:45:00.000Z,0.15574209,0.15920787329503688,-2.41,ATR Stop,45
DOGEUSDT,TrendPullback-EMA,short,2025-03-12T23:15:00.000Z,2025-03-13T02:00:00.000Z,0.16909541,0.16885963394586856,-0.04,ATR Stop,165
DOGEUSDT,TrendPullback-EMA,short,2025-03-13T07:30:00.000Z,2025-03-13T07:45:00.000Z,0.16845573,0.17088142074997476,-1.62,ATR Stop,15
DOGEUSDT,TrendPullback-EMA,short,2025-03-15T02:45:00.000Z,2025-03-15T03:15:00.000Z,0.17166412500000003,0.17303301874747656,-0.98,ATR Stop,30
DOGEUSDT,TrendPullback-EMA,short,2025-03-16T03:00:00.000Z,2025-03-16T05:00:00.000Z,0.17422284500000002,0.17141507895372476,1.43,Target,120
DOGEUSDT,TrendPullback-EMA,short,2025-03-16T14:00:00.000Z,2025-03-16T18:30:00.000Z,0.16873559000000002,0.16929560174147812,-0.51,ATR Stop,270
DOGEUSDT,TrendPullback-EMA,long,2025-03-24T19:00:00.000Z,2025-03-24T20:30:00.000Z,0.18409199999999998,0.183999954,-0.23,ATR Stop,90
DOGEUSDT,TrendPullback-EMA,short,2025-04-01T19:45:00.000Z,2025-04-01T20:15:00.000Z,0.1711144,0.17270315603427033,-1.11,ATR Stop,30
DOGEUSDT,TrendPullback-EMA,short,2025-04-04T05:45:00.000Z,2025-04-04T06:30:00.000Z,0.16235878,0.16234033459351868,-0.17,ATR Stop,45
DOGEUSDT,TrendPullback-EMA,short,2025-07-31T06:00:00.000Z,2025-07-31T07:45:00.000Z,0.22211888500000002,0.21883680075967318,1.30,Target,105
DOGEUSDT,TrendPullback-EMA,short,2025-08-02T00:45:00.000Z,2025-08-02T01:15:00.000Z,0.2010994,0.19712478643714593,1.80,Target,30
DOGEUSDT,TrendPullback-EMA,short,2025-08-03T17:00:00.000Z,2025-08-03T17:30:00.000Z,0.198110895,0.19947819617870488,-0.87,ATR Stop,30
DOGEUSDT,TrendPullback-EMA,short,2025-08-05T07:30:00.000Z,2025-08-05T10:00:00.000Z,0.203068415,0.19803611549484032,2.30,Target,150
DOGEUSDT,TrendPullback-EMA,short,2025-08-05T19:30:00.000Z,2025-08-05T23:45:00.000Z,0.197451225,0.19719771804313346,-0.05,ATR Stop,255
DOGEUSDT,TrendPullback-EMA,long,2025-08-09T22:30:00.000Z,2025-08-10T00:00:00.000Z,0.24268127999999997,0.24003648821313858,-1.27,ATR Stop,90
DOGEUSDT,TrendPullback-EMA,long,2025-08-10T19:00:00.000Z,2025-08-10T19:15:00.000Z,0.23467728,0.23279099580074653,-0.98,ATR Stop,15
DOGEUSDT,TrendPullback-EMA,long,2025-09-09T01:00:00.000Z,2025-09-09T07:15:00.000Z,0.23936962499999997,0.24448569728024838,1.96,Target,375
DOGEUSDT,TrendPullback-EMA,long,2025-09-09T14:15:00.000Z,2025-09-09T16:30:00.000Z,0.24170078999999997,0.23957797602893102,-1.06,ATR Stop,135
DOGEUSDT,TrendPullback-EMA,long,2025-09-12T06:15:00.000Z,2025-09-12T06:45:00.000Z,0.26085036,0.25891742962072856,-0.92,ATR Stop,30
DOGEUSDT,TrendPullback-EMA,short,2025-09-22T20:30:00.000Z,2025-09-22T22:00:00.000Z,0.23778105000000002,0.23837871979318498,-0.43,ATR Stop,90
DOGEUSDT,TrendPullback-EMA,short,2025-09-23T12:15:00.000Z,2025-09-23T16:00:00.000Z,0.23864062000000003,0.23976366565428042,-0.65,ATR Stop,225
DOGEUSDT,TrendPullback-EMA,short,2025-09-23T21:00:00.000Z,2025-09-23T23:00:00.000Z,0.238250815,0.2370315681172664,0.33,ATR Stop,120
DOGEUSDT,TrendPullback-EMA,short,2025-09-26T04:15:00.000Z,2025-09-26T06:00:00.000Z,0.22457765500000001,0.22406590344525848,0.05,ATR Stop,105
DOGEUSDT,TrendPullback-EMA,short,2025-09-27T01:00:00.000Z,2025-09-27T04:15:00.000Z,0.23136426000000002,0.22993296777431851,0.44,ATR Stop,195
DOGEUSDT,KAMA-Pullback,short,2025-03-08T09:45:00.000Z,2025-03-08T12:00:00.000Z,0.19462264,0.19360198571189652,0.34,ATR Stop,135
DOGEUSDT,KAMA-Pullback,short,2025-03-11T18:45:00.000Z,2025-03-11T20:00:00.000Z,0.164487715,0.16620435829726554,-1.22,ATR Stop,75
DOGEUSDT,KAMA-Pullback,short,2025-03-11T21:15:00.000Z,2025-03-12T00:00:00.000Z,0.16346822500000002,0.16194728262865782,0.75,ATR Stop,165
DOGEUSDT,KAMA-Pullback,long,2025-03-13T17:45:00.000Z,2025-03-14T00:45:00.000Z,0.16598295,0.1676781542445294,0.84,ATR Stop,420
DOGEUSDT,KAMA-Pullback,long,2025-03-16T19:15:00.000Z,2025-03-17T01:00:00.000Z,0.170215065,0.1712581930644268,0.43,ATR Stop,345
DOGEUSDT,KAMA-Pullback,short,2025-03-27T21:45:00.000Z,2025-03-27T23:15:00.000Z,0.18944523,0.18472075653796194,2.31,Target,90
DOGEUSDT,KAMA-Pullback,short,2025-03-28T21:00:00.000Z,2025-03-28T22:15:00.000Z,0.179020445,0.17847262360809488,0.13,ATR Stop,75
DOGEUSDT,KAMA-Pullback,long,2025-04-01T09:45:00.000Z,2025-04-01T11:45:00.000Z,0.17322656999999997,0.17254122949236375,-0.58,ATR Stop,120
DOGEUSDT,KAMA-Pullback,long,2025-04-01T15:45:00.000Z,2025-04-01T18:30:00.000Z,0.17312651999999998,0.17284979423131325,-0.34,ATR Stop,165
DOGEUSDT,KAMA-Pullback,short,2025-04-04T05:30:00.000Z,2025-04-04T06:30:00.000Z,0.16265863,0.16234033459351868,0.02,ATR Stop,60
DOGEUSDT,KAMA-Pullback,short,2025-04-08T00:45:00.000Z,2025-04-08T02:15:00.000Z,0.14949521500000001,0.15074129129012653,-1.01,ATR Stop,90
DOGEUSDT,KAMA-Pullback,short,2025-04-09T06:30:00.000Z,2025-04-09T07:15:00.000Z,0.143718105,0.14623025926857328,-1.93,ATR Stop,45
DOGEUSDT,KAMA-Pullback,short,2025-04-28T21:30:00.000Z,2025-04-28T22:00:00.000Z,0.17760115499999998,0.17930336056693058,-1.14,ATR Stop,30
DOGEUSDT,KAMA-Pullback,short,2025-04-29T05:30:00.000Z,2025-04-29T05:45:00.000Z,0.177920995,0.17935700351042716,-0.99,ATR Stop,15
DOGEUSDT,KAMA-Pullback,long,2025-04-29T11:15:00.000Z,2025-04-29T11:30:00.000Z,0.180039975,0.17836831255394567,-1.11,ATR Stop,15
DOGEUSDT,KAMA-Pullback,short,2025-04-30T01:15:00.000Z,2025-04-30T02:15:00.000Z,0.174782565,0.17264322963156792,1.04,Target,60
DOGEUSDT,Chandelier-MTF,long,2025-07-06T21:30:00.000Z,2025-07-06T22:45:00.000Z,0.173076495,0.17413340239157732,0.43,ATR Stop,75
DOGEUSDT,Chandelier-MTF,long,2025-07-10T00:45:00.000Z,2025-07-10T04:30:00.000Z,0.18070030499999998,0.18236329079407407,0.74,ATR Stop,225
DOGEUSDT,Chandelier-MTF,long,2025-07-10T12:45:00.000Z,2025-07-10T13:00:00.000Z,0.185822865,0.18413062240161812,-1.09,ATR Stop,15
DOGEUSDT,Chandelier-MTF,long,2025-07-18T22:15:00.000Z,2025-07-19T05:45:00.000Z,0.25018503,0.2541034302474526,1.39,ATR Stop,450
DOGEUSDT,Chandelier-MTF,long,2025-07-19T20:45:00.000Z,2025-07-19T21:00:00.000Z,0.253176525,0.2506149625284378,-1.19,ATR Stop,15
DOGEUSDT,Chandelier-MTF,short,2025-07-23T23:30:00.000Z,2025-07-24T01:15:00.000Z,0.23790099000000003,0.22517350403168712,5.17,Target,105
DOGEUSDT,Chandelier-MTF,short,2025-07-24T19:00:00.000Z,2025-07-24T23:15:00.000Z,0.22978505000000002,0.22480544638189356,1.99,ATR Stop,255
DOGEUSDT,Chandelier-MTF,long,2025-07-27T17:15:00.000Z,2025-07-27T17:30:00.000Z,0.24362174999999997,0.24023022997392648,-1.57,ATR Stop,15
DOGEUSDT,Chandelier-MTF,long,2025-07-27T18:00:00.000Z,2025-07-27T18:00:00.000Z,0.24078033,0.23948101856115814,-0.72,ATR Stop,0
DOGEUSDT,Chandelier-MTF,short,2025-07-31T09:15:00.000Z,2025-07-31T10:00:00.000Z,0.21532228500000003,0.2179663435641067,-1.41,ATR Stop,45
DOGEUSDT,Chandelier-MTF,short,2025-08-01T17:15:00.000Z,2025-08-01T19:00:00.000Z,0.19822084,0.20178504620213716,-1.98,ATR Stop,105
DOGEUSDT,Chandelier-MTF,long,2025-08-10T21:30:00.000Z,2025-08-11T00:15:00.000Z,0.240530205,0.23745037406765057,-1.46,ATR Stop,165
DOGEUSDT,Chandelier-MTF,short,2025-09-22T14:15:00.000Z,2025-09-22T15:45:00.000Z,0.236691595,0.23904344134735825,-1.17,ATR Stop,90
DOGEUSDT,Chandelier-MTF,short,2025-09-23T22:15:00.000Z,2025-09-23T23:00:00.000Z,0.23480254,0.2345521765899167,-0.07,ATR Stop,45
DOGEUSDT,Chandelier-MTF,short,2025-11-02T20:15:00.000Z,2025-11-02T21:45:00.000Z,0.1829085,0.17856747898221498,2.19,Target,90
DOGEUSDT,Chandelier-MTF,short,2025-11-04T11:15:00.000Z,2025-11-04T12:00:00.000Z,0.16101945,0.16121233169210777,-0.30,ATR Stop,45
DOGEUSDT,Chandelier-MTF,short,2025-11-04T20:15:00.000Z,2025-11-04T20:30:00.000Z,0.15514239000000002,0.158235251698167,-2.17,ATR Stop,15
DOGEUSDT,Chandelier-MTF,short,2025-11-06T07:15:00.000Z,2025-11-06T08:00:00.000Z,0.16097947,0.16193952554166138,-0.78,ATR Stop,45
DOGEUSDT,Chandelier-MTF,long,2025-11-24T12:15:00.000Z,2025-11-24T18:15:00.000Z,0.15091542,0.1537618384371951,1.71,ATR Stop,360
DOGEUSDT,Chandelier-MTF,long,2025-11-25T15:15:00.000Z,2025-11-25T19:30:00.000Z,0.153026475,0.1523456076844308,-0.62,ATR Stop,255
ENAUSDT,TrendPullback-EMA,short,2025-05-05T04:45:00.000Z,2025-05-05T07:00:00.000Z,0.28535725,0.2787812713921813,2.12,Target,135
ENAUSDT,TrendPullback-EMA,short,2025-05-06T02:45:00.000Z,2025-05-06T06:00:00.000Z,0.26556715000000003,0.2602985475364561,1.80,Target,195
ENAUSDT,TrendPullback-EMA,short,2025-05-07T07:00:00.000Z,2025-05-07T08:15:00.000Z,0.26816585,0.27002761225571964,-0.87,ATR Stop,75
ENAUSDT,TrendPullback-EMA,long,2025-05-09T20:30:00.000Z,2025-05-10T01:15:00.000Z,0.37188584999999996,0.3695077704215984,-0.82,ATR Stop,285
ENAUSDT,TrendPullback-EMA,long,2025-05-11T18:45:00.000Z,2025-05-11T19:30:00.000Z,0.41020499999999993,0.4242189071323548,3.24,Target,45
ENAUSDT,TrendPullback-EMA,long,2025-05-14T19:15:00.000Z,2025-05-14T19:45:00.000Z,0.41850915,0.4125158694051659,-1.61,ATR Stop,30
ENAUSDT,TrendPullback-EMA,short,2025-05-25T01:45:00.000Z,2025-05-25T07:00:00.000Z,0.36351815000000004,0.3625219419720732,0.09,ATR Stop,315
ENAUSDT,TrendPullback-EMA,long,2025-05-28T06:45:00.000Z,2025-05-28T07:30:00.000Z,0.402201,0.4019998995,-0.23,ATR Stop,45
ENAUSDT,TrendPullback-EMA,long,2025-07-04T17:15:00.000Z,2025-07-04T17:45:00.000Z,0.25562775,0.25369834064593866,-0.93,ATR Stop,30
ENAUSDT,TrendPullback-EMA,short,2025-07-04T23:45:00.000Z,2025-07-05T01:00:00.000Z,0.25177405,0.25386027255771354,-1.01,ATR Stop,75
ENAUSDT,TrendPullback-EMA,short,2025-07-05T07:15:00.000Z,2025-07-05T09:30:00.000Z,0.25297345,0.25444287362142665,-0.76,ATR Stop,135
ENAUSDT,TrendPullback-EMA,long,2025-07-12T20:30:00.000Z,2025-07-12T20:45:00.000Z,0.32386184999999995,0.31998886655362113,-1.38,ATR Stop,15
ENAUSDT,TrendPullback-EMA,long,2025-07-13T20:15:00.000Z,2025-07-14T00:30:00.000Z,0.3467733,0.3516883014265758,1.24,ATR Stop,255
ENAUSDT,TrendPullback-EMA,long,2025-07-15T03:15:00.000Z,2025-07-15T05:45:00.000Z,0.33356669999999994,0.3358014110483697,0.49,ATR Stop,150
ENAUSDT,TrendPullback-EMA,long,2025-07-21T21:00:00.000Z,2025-07-21T21:15:00.000Z,0.53656815,0.5214776685634713,-2.99,ATR Stop,15
ENAUSDT,TrendPullback-EMA,long,2025-07-22T18:15:00.000Z,2025-07-22T18:45:00.000Z,0.50795385,0.5003351251796744,-1.68,ATR Stop,30
ENAUSDT,TrendPullback-EMA,long,2025-09-07T09:45:00.000Z,2025-09-07T11:45:00.000Z,0.74267115,0.7399907823519968,-0.54,ATR Stop,120
ENAUSDT,TrendPullback-EMA,long,2025-09-08T17:30:00.000Z,2025-09-08T21:00:00.000Z,0.7804900499999999,0.7873592552968001,0.70,ATR Stop,210
ENAUSDT,TrendPullback-EMA,long,2025-09-13T04:15:00.000Z,2025-09-13T05:00:00.000Z,0.7729862999999999,0.7684736129549484,-0.76,ATR Stop,45
ENAUSDT,TrendPullback-EMA,short,2025-09-16T18:15:00.000Z,2025-09-16T21:00:00.000Z,0.6987504500000001,0.6974312788530739,0.01,ATR Stop,165
ENAUSDT,TrendPullback-EMA,short,2025-09-18T21:00:00.000Z,2025-09-18T22:45:00.000Z,0.6930533000000001,0.6778093908644358,2.02,Target,105
ENAUSDT,TrendPullback-EMA,short,2025-09-20T04:15:00.000Z,2025-09-20T08:00:00.000Z,0.6627684500000001,0.6680580208780326,-0.98,ATR Stop,225
ENAUSDT,TrendPullback-EMA,short,2025-09-21T01:45:00.000Z,2025-09-21T04:00:00.000Z,0.6646675000000001,0.6513630484747907,1.82,Target,135
ENAUSDT,TrendPullback-EMA,short,2025-09-23T22:15:00.000Z,2025-09-23T23:00:00.000Z,0.60319825,0.6061646831859572,-0.67,ATR Stop,45
ENAUSDT,TrendPullback-EMA,short,2025-09-24T10:30:00.000Z,2025-09-24T15:15:00.000Z,0.5975011,0.602597509228981,-1.03,ATR Stop,285
ENAUSDT,TrendPullback-EMA,short,2025-09-26T00:45:00.000Z,2025-09-26T01:30:00.000Z,0.5733132000000001,0.5809051762242127,-1.50,ATR Stop,45
ENAUSDT,TrendPullback-EMA,short,2025-10-31T11:15:00.000Z,2025-10-31T14:00:00.000Z,0.39250365000000004,0.39593693572761895,-1.05,ATR Stop,165
ENAUSDT,TrendPullback-EMA,short,2025-11-01T09:00:00.000Z,2025-11-01T10:30:00.000Z,0.38740620000000003,0.39184924259397447,-1.33,ATR Stop,90
ENAUSDT,TrendPullback-EMA,short,2025-11-01T16:15:00.000Z,2025-11-01T16:30:00.000Z,0.38780600000000004,0.3799065338186406,1.86,Target,15
ENAUSDT,TrendPullback-EMA,short,2025-11-02T05:00:00.000Z,2025-11-02T06:15:00.000Z,0.38310835,0.3876804594420943,-1.37,ATR Stop,75
ENAUSDT,TrendPullback-EMA,short,2025-11-04T10:30:00.000Z,2025-11-04T12:00:00.000Z,0.32353815,0.3201601216025085,0.86,ATR Stop,90
ENAUSDT,TrendPullback-EMA,short,2025-11-05T03:00:00.000Z,2025-11-05T05:45:00.000Z,0.315842,0.3192225988668779,-1.25,ATR Stop,165
ENAUSDT,TrendPullback-EMA,short,2025-11-07T04:45:00.000Z,2025-11-07T06:45:00.000Z,0.31254365,0.30087372708854215,3.55,Target,120
ENAUSDT,TrendPullback-EMA,short,2025-11-08T21:00:00.000Z,2025-11-08T22:45:00.000Z,0.31694145,0.31685041860595425,-0.15,ATR Stop,105
ENAUSDT,TrendPullback-EMA,short,2025-11-09T05:00:00.000Z,2025-11-09T05:15:00.000Z,0.31294345,0.3172402086522275,-1.55,ATR Stop,15
ENAUSDT,TrendPullback-EMA,short,2025-11-21T22:15:00.000Z,2025-11-22T00:45:00.000Z,0.23598195000000002,0.23407729642088296,0.63,ATR Stop,150
ENAUSDT,TrendPullback-EMA,short,2025-11-22T15:45:00.000Z,2025-11-22T16:30:00.000Z,0.2296851,0.23260719009013334,-1.45,ATR Stop,45
ENAUSDT,TrendPullback-EMA,short,2025-11-23T06:00:00.000Z,2025-11-23T06:45:00.000Z,0.2352823,0.23765573321054154,-1.19,ATR Stop,45
ENAUSDT,TrendPullback-EMA,short,2025-11-23T18:00:00.000Z,2025-11-23T19:00:00.000Z,0.23748120000000003,0.23753186235357165,-0.20,ATR Stop,60
ENAUSDT,TrendPullback-EMA,short,2025-11-24T04:00:00.000Z,2025-11-24T05:30:00.000Z,0.23898045,0.2420683111264385,-1.47,ATR Stop,90
ENAUSDT,KAMA-Pullback,long,2025-08-10T17:15:00.000Z,2025-08-10T19:30:00.000Z,0.7837917,0.8109756530877869,3.29,Target,135
ENAUSDT,KAMA-Pullback,long,2025-08-11T10:45:00.000Z,2025-08-11T11:30:00.000Z,0.82071015,0.804058989244348,-2.21,ATR Stop,45
ENAUSDT,KAMA-Pullback,long,2025-08-12T19:00:00.000Z,2025-08-12T19:30:00.000Z,0.8230113,0.8092538625161892,-1.85,ATR Stop,30
ENAUSDT,KAMA-Pullback,long,2025-08-13T04:00:00.000Z,2025-08-13T05:45:00.000Z,0.802401,0.8032964524599107,-0.07,ATR Stop,105
ENAUSDT,KAMA-Pullback,short,2025-08-13T19:30:00.000Z,2025-08-13T20:15:00.000Z,0.7650173,0.7722514909421923,-1.13,ATR Stop,45
ENAUSDT,KAMA-Pullback,short,2025-08-16T03:30:00.000Z,2025-08-16T04:45:00.000Z,0.71973995,0.7243351853882081,-0.82,ATR Stop,75
ENAUSDT,KAMA-Pullback,short,2025-08-18T20:15:00.000Z,2025-08-18T22:30:00.000Z,0.67836065,0.6553577151135948,3.21,Target,135
ENAUSDT,KAMA-Pullback,short,2025-08-19T18:30:00.000Z,2025-08-19T18:45:00.000Z,0.6360818,0.6435478398243752,-1.35,ATR Stop,15
ENAUSDT,KAMA-Pullback,short,2025-08-20T19:15:00.000Z,2025-08-20T20:15:00.000Z,0.6482757,0.6539747456307382,-1.06,ATR Stop,60
ENAUSDT,KAMA-Pullback,long,2025-08-23T19:15:00.000Z,2025-08-23T19:30:00.000Z,0.7462729499999999,0.7404834261418668,-0.96,ATR Stop,15
ENAUSDT,KAMA-Pullback,long,2025-09-07T09:45:00.000Z,2025-09-07T11:45:00.000Z,0.74267115,0.7399907823519968,-0.54,ATR Stop,120
ENAUSDT,KAMA-Pullback,long,2025-09-08T17:30:00.000Z,2025-09-08T21:00:00.000Z,0.7804900499999999,0.7873592552968001,0.70,ATR Stop,210
ENAUSDT,KAMA-Pullback,short,2025-09-12T02:45:00.000Z,2025-09-12T06:15:00.000Z,0.7679158500000001,0.7517504696064368,1.93,Target,210
ENAUSDT,KAMA-Pullback,short,2025-09-16T18:15:00.000Z,2025-09-16T21:00:00.000Z,0.6987504500000001,0.6974312788530739,0.01,ATR Stop,165
ENAUSDT,KAMA-Pullback,short,2025-09-18T21:00:00.000Z,2025-09-18T22:45:00.000Z,0.6930533000000001,0.6778093908644358,2.02,Target,105
ENAUSDT,KAMA-Pullback,short,2025-09-20T04:15:00.000Z,2025-09-20T08:00:00.000Z,0.6627684500000001,0.6680580208780326,-0.98,ATR Stop,225
ENAUSDT,KAMA-Pullback,short,2025-09-21T01:45:00.000Z,2025-09-21T04:00:00.000Z,0.6646675000000001,0.6513630484747907,1.82,Target,135
ENAUSDT,KAMA-Pullback,short,2025-09-23T22:15:00.000Z,2025-09-23T23:00:00.000Z,0.60319825,0.6061646831859572,-0.67,ATR Stop,45
ENAUSDT,KAMA-Pullback,short,2025-09-24T10:30:00.000Z,2025-09-24T15:15:00.000Z,0.5975011,0.602597509228981,-1.03,ATR Stop,285
ENAUSDT,KAMA-Pullback,short,2025-09-26T00:45:00.000Z,2025-09-26T01:30:00.000Z,0.5733132000000001,0.5809051762242127,-1.50,ATR Stop,45
ENAUSDT,Chandelier-MTF,long,2025-05-11T19:15:00.000Z,2025-05-11T20:15:00.000Z,0.4164081,0.41303804498803126,-0.99,ATR Stop,60
ETHUSDT,TrendPullback-EMA,long,2025-05-22T18:15:00.000Z,2025-05-22T19:00:00.000Z,2659.18893,2644.0825795275873,-0.75,ATR Stop,45
ETHUSDT,TrendPullback-EMA,long,2025-05-29T16:45:00.000Z,2025-05-29T17:15:00.000Z,2663.45106,2642.8619171803484,-0.95,ATR Stop,30
ETHUSDT,KAMA-Pullback,short,2025-04-04T05:15:00.000Z,2025-04-04T07:30:00.000Z,1787.106,1795.5422366580415,-0.65,ATR Stop,135
ETHUSDT,KAMA-Pullback,short,2025-04-04T22:00:00.000Z,2025-04-05T03:15:00.000Z,1808.105495,1815.3111589765247,-0.58,ATR Stop,315
ETHUSDT,KAMA-Pullback,short,2025-04-06T01:30:00.000Z,2025-04-06T07:30:00.000Z,1796.7911550000001,1782.5138086187897,0.61,Target,360
ETHUSDT,KAMA-Pullback,short,2025-04-07T19:15:00.000Z,2025-04-07T20:15:00.000Z,1555.092065,1564.8166323156258,-0.81,ATR Stop,60
ETHUSDT,KAMA-Pullback,short,2025-04-08T08:30:00.000Z,2025-04-08T09:15:00.000Z,1566.8861650000001,1531.120332684254,2.10,Target,45
ETHUSDT,KAMA-Pullback,short,2025-04-09T06:15:00.000Z,2025-04-09T08:45:00.000Z,1448.1555600000002,1471.4385568419038,-1.79,ATR Stop,150
ETHUSDT,KAMA-Pullback,long,2025-04-26T01:30:00.000Z,2025-04-26T02:30:00.000Z,1803.031065,1796.8736811512838,-0.52,ATR Stop,60
ETHUSDT,KAMA-Pullback,short,2025-05-12T00:00:00.000Z,2025-05-12T01:15:00.000Z,2497.13081,2520.2414250549996,-1.11,ATR Stop,75
ETHUSDT,KAMA-Pullback,long,2025-05-22T18:15:00.000Z,2025-05-22T19:00:00.000Z,2659.18893,2644.0825795275873,-0.75,ATR Stop,45
ETHUSDT,KAMA-Pullback,long,2025-05-29T16:45:00.000Z,2025-05-29T17:15:00.000Z,2663.45106,2642.8619171803484,-0.95,ATR Stop,30
ETHUSDT,KAMA-Pullback,short,2025-08-03T09:45:00.000Z,2025-08-03T11:00:00.000Z,3461.2884900000004,3482.971477285943,-0.81,ATR Stop,75
ETHUSDT,KAMA-Pullback,long,2025-08-05T17:45:00.000Z,2025-08-05T18:45:00.000Z,3609.72396,3591.0591835029777,-0.70,ATR Stop,60
ETHUSDT,KAMA-Pullback,long,2025-08-06T09:45:00.000Z,2025-08-06T12:30:00.000Z,3628.1031449999996,3684.098788907432,1.36,Target,165
ETHUSDT,KAMA-Pullback,long,2025-08-11T19:45:00.000Z,2025-08-12T00:00:00.000Z,4271.754809999999,4278.679916168464,-0.02,ATR Stop,255
ETHUSDT,KAMA-Pullback,long,2025-08-13T11:00:00.000Z,2025-08-13T13:00:00.000Z,4720.3589999999995,4691.507783697037,-0.79,ATR Stop,120
ETHUSDT,KAMA-Pullback,long,2025-08-14T18:30:00.000Z,2025-08-14T22:00:00.000Z,4547.53263,4641.449266801493,1.89,Target,210
ETHUSDT,KAMA-Pullback,short,2025-08-17T18:30:00.000Z,2025-08-17T20:15:00.000Z,4468.42467,4407.188615948962,1.19,Target,105
ETHUSDT,KAMA-Pullback,short,2025-08-18T18:15:00.000Z,2025-08-18T19:30:00.000Z,4309.933955,4326.089247547063,-0.55,ATR Stop,75
ETHUSDT,KAMA-Pullback,short,2025-09-02T19:45:00.000Z,2025-09-02T20:30:00.000Z,4290.03391,4316.719570598929,-0.80,ATR Stop,45
ETHUSDT,KAMA-Pullback,short,2025-09-03T00:45:00.000Z,2025-09-03T02:45:00.000Z,4301.368240000001,4328.235006573615,-0.80,ATR Stop,120
ETHUSDT,KAMA-Pullback,short,2025-09-16T23:00:00.000Z,2025-09-17T00:30:00.000Z,4483.647055,4497.940522827582,-0.50,ATR Stop,90
ETHUSDT,KAMA-Pullback,long,2025-09-18T19:30:00.000Z,2025-09-18T20:45:00.000Z,4609.783739999999,4590.037638844559,-0.61,ATR Stop,75
ETHUSDT,KAMA-Pullback,long,2025-09-19T09:00:00.000Z,2025-09-19T09:45:00.000Z,4533.315525,4512.510035834946,-0.64,ATR Stop,45
ETHUSDT,KAMA-Pullback,short,2025-09-21T03:00:00.000Z,2025-09-21T06:45:00.000Z,4463.38719,4470.122412808811,-0.33,ATR Stop,225
ETHUSDT,KAMA-Pullback,short,2025-09-23T21:30:00.000Z,2025-09-24T00:00:00.000Z,4165.366275,4167.4489581375,-0.23,ATR Stop,150
ETHUSDT,KAMA-Pullback,short,2025-09-24T10:45:00.000Z,2025-09-24T11:30:00.000Z,4155.921,4180.695449402963,-0.78,ATR Stop,45
ETHUSDT,KAMA-Pullback,short,2025-09-26T01:30:00.000Z,2025-09-26T02:30:00.000Z,3917.0405,3940.1706141926334,-0.77,ATR Stop,60
ETHUSDT,Chandelier-MTF,short,2025-03-02T09:15:00.000Z,2025-03-02T09:30:00.000Z,2187.22584,2200.709234133496,-0.80,ATR Stop,15
ETHUSDT,Chandelier-MTF,short,2025-03-05T11:00:00.000Z,2025-03-05T11:45:00.000Z,2167.9155,2158.228990821224,0.27,ATR Stop,45
ETHUSDT,Chandelier-MTF,long,2025-03-07T04:15:00.000Z,2025-03-07T07:15:00.000Z,2196.59775,2193.599396510259,-0.32,ATR Stop,180
ETHUSDT,Chandelier-MTF,short,2025-03-11T23:30:00.000Z,2025-03-12T00:15:00.000Z,1865.037015,1880.4355944954639,-1.01,ATR Stop,45
ETHUSDT,Chandelier-MTF,short,2025-03-13T01:30:00.000Z,2025-03-13T03:45:00.000Z,1867.7556550000002,1867.7250051974356,-0.18,ATR Stop,135
ETHUSDT,Chandelier-MTF,long,2025-04-24T18:15:00.000Z,2025-04-24T20:00:00.000Z,1768.884,1775.3873764091904,0.19,ATR Stop,105
ETHUSDT,Chandelier-MTF,long,2025-04-26T17:30:00.000Z,2025-04-26T17:45:00.000Z,1816.2776849999998,1812.9699001644112,-0.36,ATR Stop,15
ETHUSDT,Chandelier-MTF,short,2025-04-28T10:15:00.000Z,2025-04-28T12:15:00.000Z,1753.9226,1770.7793741314815,-1.14,ATR Stop,120
ETHUSDT,Chandelier-MTF,short,2025-06-01T22:15:00.000Z,2025-06-02T01:30:00.000Z,2496.31122,2505.7648550544,-0.56,ATR Stop,195
ETHUSDT,Chandelier-MTF,short,2025-06-13T09:00:00.000Z,2025-06-13T09:30:00.000Z,2506.4461499999998,2518.2117843909637,-0.65,ATR Stop,30
ETHUSDT,Chandelier-MTF,short,2025-06-14T10:45:00.000Z,2025-06-14T12:00:00.000Z,2514.132305,2513.2207407732194,-0.14,ATR Stop,75
ETHUSDT,Chandelier-MTF,short,2025-06-15T15:30:00.000Z,2025-06-15T16:15:00.000Z,2500.8289600000003,2516.3775633910186,-0.80,ATR Stop,45
ETHUSDT,Chandelier-MTF,short,2025-06-18T05:15:00.000Z,2025-06-18T06:15:00.000Z,2506.746,2515.777561998707,-0.54,ATR Stop,60
ETHUSDT,Chandelier-MTF,short,2025-06-20T09:45:00.000Z,2025-06-20T12:15:00.000Z,2496.31122,2437.0245458616687,2.19,Target,150
ETHUSDT,Chandelier-MTF,short,2025-06-21T14:45:00.000Z,2025-06-21T15:00:00.000Z,2390.594105,2404.659317559387,-0.77,ATR Stop,15
ETHUSDT,Chandelier-MTF,short,2025-06-23T11:30:00.000Z,2025-06-23T12:00:00.000Z,2219.839525,2261.5914626036574,-2.06,ATR Stop,30
ETHUSDT,Chandelier-MTF,long,2025-07-13T06:45:00.000Z,2025-07-13T08:15:00.000Z,2961.96024,2992.6698209617994,0.86,Target,90
ETHUSDT,Chandelier-MTF,long,2025-07-13T21:15:00.000Z,2025-07-14T00:15:00.000Z,3005.76213,3019.541453253818,0.28,ATR Stop,180
ETHUSDT,Chandelier-MTF,long,2025-07-15T08:15:00.000Z,2025-07-15T09:30:00.000Z,3039.629055,3025.313571139126,-0.65,ATR Stop,75
ETHUSDT,Chandelier-MTF,long,2025-07-22T21:30:00.000Z,2025-07-22T23:45:00.000Z,3746.69241,3767.530230840503,0.38,ATR Stop,135
ETHUSDT,Chandelier-MTF,short,2025-08-30T08:15:00.000Z,2025-08-30T09:45:00.000Z,4339.04939,4374.129705583502,-0.99,ATR Stop,90
ETHUSDT,Chandelier-MTF,long,2025-09-15T00:45:00.000Z,2025-09-15T01:00:00.000Z,4666.031849999999,4637.005741250527,-0.80,ATR Stop,15
ETHUSDT,Chandelier-MTF,short,2025-09-17T09:15:00.000Z,2025-09-17T13:30:00.000Z,4481.73801,4474.789278328898,-0.02,ATR Stop,255
ETHUSDT,Chandelier-MTF,short,2025-09-22T21:15:00.000Z,2025-09-22T22:00:00.000Z,4155.641140000001,4166.210457316665,-0.43,ATR Stop,45
ETHUSDT,Chandelier-MTF,short,2025-09-26T02:15:00.000Z,2025-09-26T06:15:00.000Z,3905.5862300000003,3916.489205094623,-0.46,ATR Stop,240
ETHUSDT,Chandelier-MTF,short,2025-09-27T04:15:00.000Z,2025-09-27T05:15:00.000Z,3985.5562250000003,3995.5699553681243,-0.43,ATR Stop,60
HBARUSDT,TrendPullback-EMA,short,2025-03-11T09:15:00.000Z,2025-03-11T09:45:00.000Z,0.191474215,0.19643772043389884,-2.77,ATR Stop,30
HBARUSDT,TrendPullback-EMA,short,2025-03-12T09:15:00.000Z,2025-03-12T10:30:00.000Z,0.197871015,0.19930437439863294,-0.90,ATR Stop,75
HBARUSDT,TrendPullback-EMA,short,2025-03-13T09:00:00.000Z,2025-03-13T15:15:00.000Z,0.19314338,0.1842356255075914,4.43,Target,375
HBARUSDT,TrendPullback-EMA,short,2025-03-28T20:30:00.000Z,2025-03-29T00:45:00.000Z,0.18064963000000003,0.17699942883654643,1.84,Target,255
HBARUSDT,TrendPullback-EMA,short,2025-03-31T08:15:00.000Z,2025-03-31T08:30:00.000Z,0.15923034500000002,0.16177907264305397,-1.78,ATR Stop,15
HBARUSDT,TrendPullback-EMA,short,2025-03-31T16:45:00.000Z,2025-03-31T17:45:00.000Z,0.16240875500000002,0.1640995627724817,-1.22,ATR Stop,60
HBARUSDT,TrendPullback-EMA,short,2025-04-01T14:00:00.000Z,2025-04-01T15:30:00.000Z,0.16976507500000002,0.17159216662656523,-1.26,ATR Stop,90
HBARUSDT,TrendPullback-EMA,short,2025-04-04T05:30:00.000Z,2025-04-04T06:30:00.000Z,0.16003994000000002,0.15973487606970804,0.01,ATR Stop,60
HBARUSDT,TrendPullback-EMA,short,2025-04-05T05:15:00.000Z,2025-04-05T08:15:00.000Z,0.16225883000000002,0.1598596155596766,1.30,Target,180
HBARUSDT,TrendPullback-EMA,long,2025-04-10T20:45:00.000Z,2025-04-10T21:30:00.000Z,0.170775345,0.16921719219572107,-1.09,ATR Stop,45
HBARUSDT,TrendPullback-EMA,long,2025-04-12T01:00:00.000Z,2025-04-12T05:15:00.000Z,0.16840416,0.16917567908173223,0.28,ATR Stop,255
HBARUSDT,TrendPullback-EMA,long,2025-04-27T13:15:00.000Z,2025-04-27T13:30:00.000Z,0.189744825,0.1880483283558433,-1.07,ATR Stop,15
HBARUSDT,TrendPullback-EMA,long,2025-05-01T00:15:00.000Z,2025-05-01T01:15:00.000Z,0.183521715,0.1825261758301022,-0.72,ATR Stop,60
HBARUSDT,TrendPullback-EMA,long,2025-05-01T03:15:00.000Z,2025-05-01T04:15:00.000Z,0.18386188499999997,0.18580574508286543,0.88,Target,60
HBARUSDT,TrendPullback-EMA,short,2025-05-05T15:15:00.000Z,2025-05-05T15:30:00.000Z,0.172143885,0.17374628830816363,-1.11,ATR Stop,15
HBARUSDT,TrendPullback-EMA,short,2025-05-06T02:45:00.000Z,2025-05-06T05:00:00.000Z,0.17243374000000003,0.17035112200173994,1.03,Target,135
HBARUSDT,TrendPullback-EMA,short,2025-05-07T00:30:00.000Z,2025-05-07T02:00:00.000Z,0.175222345,0.17621123869830094,-0.74,ATR Stop,90
HBARUSDT,TrendPullback-EMA,long,2025-05-14T00:45:00.000Z,2025-05-14T02:00:00.000Z,0.21578784,0.21366822282201653,-1.16,ATR Stop,75
HBARUSDT,TrendPullback-EMA,long,2025-05-15T11:30:00.000Z,2025-05-15T12:45:00.000Z,0.202070985,0.19975216606941953,-1.33,ATR Stop,75
HBARUSDT,TrendPullback-EMA,long,2025-05-15T20:45:00.000Z,2025-05-16T03:00:00.000Z,0.19965977999999998,0.1986009428775088,-0.71,ATR Stop,375
HBARUSDT,TrendPullback-EMA,long,2025-05-23T04:00:00.000Z,2025-05-23T04:45:00.000Z,0.20663326499999998,0.2056544675985727,-0.65,ATR Stop,45
HBARUSDT,KAMA-Pullback,long,2025-03-05T21:45:00.000Z,2025-03-06T00:15:00.000Z,0.250175025,0.2502484801206811,-0.15,ATR Stop,150
HBARUSDT,KAMA-Pullback,short,2025-03-12T02:00:00.000Z,2025-03-12T02:30:00.000Z,0.19852069,0.20244585459988834,-2.16,ATR Stop,30
HBARUSDT,KAMA-Pullback,short,2025-03-13T08:45:00.000Z,2025-03-13T12:00:00.000Z,0.196051925,0.18740249728529074,4.23,Target,195
HBARUSDT,KAMA-Pullback,short,2025-03-30T01:00:00.000Z,2025-03-30T01:00:00.000Z,0.171704105,0.1732596110641047,-1.09,ATR Stop,0
HBARUSDT,KAMA-Pullback,short,2025-04-04T05:15:00.000Z,2025-04-04T06:30:00.000Z,0.16028981500000003,0.15973487606970804,0.17,ATR Stop,75
HBARUSDT,KAMA-Pullback,long,2025-04-10T20:30:00.000Z,2025-04-10T21:30:00.000Z,0.17024508,0.16921719219572107,-0.78,ATR Stop,60
HBARUSDT,KAMA-Pullback,long,2025-04-12T00:45:00.000Z,2025-04-12T05:15:00.000Z,0.16820406,0.16917567908173223,0.40,ATR Stop,270
HBARUSDT,KAMA-Pullback,long,2025-04-25T00:00:00.000Z,2025-04-25T02:15:00.000Z,0.18769379999999997,0.19221640094741163,2.23,Target,135
HBARUSDT,KAMA-Pullback,long,2025-04-25T20:30:00.000Z,2025-04-25T23:00:00.000Z,0.19551771,0.19456376789173796,-0.67,ATR Stop,150
HBARUSDT,KAMA-Pullback,short,2025-06-01T03:00:00.000Z,2025-06-01T05:45:00.000Z,0.16684653500000002,0.16600253827628736,0.33,ATR Stop,165
HBARUSDT,KAMA-Pullback,short,2025-06-02T04:30:00.000Z,2025-06-02T07:15:00.000Z,0.16863564000000003,0.16919796958359498,-0.51,ATR Stop,165
HBARUSDT,KAMA-Pullback,long,2025-06-11T02:00:00.000Z,2025-06-11T03:15:00.000Z,0.17996994,0.17959938830459993,-0.39,ATR Stop,75
HBARUSDT,KAMA-Pullback,short,2025-06-14T08:00:00.000Z,2025-06-14T11:15:00.000Z,0.158490715,0.15638503265104137,1.15,Target,195
HBARUSDT,KAMA-Pullback,short,2025-06-15T02:00:00.000Z,2025-06-15T05:15:00.000Z,0.15343324500000002,0.1532368264549733,-0.05,ATR Stop,195
HBARUSDT,KAMA-Pullback,short,2025-06-23T05:30:00.000Z,2025-06-23T07:15:00.000Z,0.135782075,0.13650526664053234,-0.71,ATR Stop,105
HBARUSDT,KAMA-Pullback,long,2025-06-24T09:15:00.000Z,2025-06-24T10:00:00.000Z,0.15267630000000001,0.1512219567574554,-1.13,ATR Stop,45
HBARUSDT,KAMA-Pullback,long,2025-06-25T08:00:00.000Z,2025-06-25T09:00:00.000Z,0.154046985,0.1528420404707943,-0.96,ATR Stop,60
ICPUSDT,TrendPullback-EMA,short,2025-05-01T07:00:00.000Z,2025-05-01T08:45:00.000Z,4.891553,4.887539552921397,-0.10,ATR Stop,105
ICPUSDT,TrendPullback-EMA,short,2025-05-02T19:30:00.000Z,2025-05-02T21:30:00.000Z,4.939529,4.939081660809997,-0.17,ATR Stop,120
ICPUSDT,TrendPullback-EMA,short,2025-05-05T05:15:00.000Z,2025-05-05T05:30:00.000Z,4.591703000000001,4.625339637948455,-0.91,ATR Stop,15
ICPUSDT,TrendPullback-EMA,short,2025-05-06T16:00:00.000Z,2025-05-06T16:15:00.000Z,4.4907535,4.534160233553223,-1.15,ATR Stop,15
ICPUSDT,TrendPullback-EMA,short,2025-05-07T07:00:00.000Z,2025-05-07T10:00:00.000Z,4.621688,4.561465479901894,1.12,Target,180
ICPUSDT,TrendPullback-EMA,long,2025-05-10T11:30:00.000Z,2025-05-10T16:45:00.000Z,5.504751,5.643347181890816,2.34,Target,315
ICPUSDT,TrendPullback-EMA,long,2025-05-11T07:45:00.000Z,2025-05-11T08:00:00.000Z,5.711854499999999,5.649738506365106,-1.27,ATR Stop,15
ICPUSDT,TrendPullback-EMA,long,2025-05-16T04:15:00.000Z,2025-05-16T04:45:00.000Z,5.508753,5.459132206195228,-1.08,ATR Stop,30
ICPUSDT,TrendPullback-EMA,short,2025-05-17T22:00:00.000Z,2025-05-17T22:15:00.000Z,5.1064455,5.154231555973587,-1.12,ATR Stop,15
ICPUSDT,TrendPullback-EMA,long,2025-05-24T06:00:00.000Z,2025-05-24T10:30:00.000Z,5.2956465,5.263613036013584,-0.78,ATR Stop,270
ICPUSDT,TrendPullback-EMA,long,2025-05-24T11:45:00.000Z,2025-05-24T13:15:00.000Z,5.2936455,5.247932054327216,-1.04,ATR Stop,90
ICPUSDT,TrendPullback-EMA,short,2025-08-02T09:15:00.000Z,2025-08-02T13:45:00.000Z,4.9685145,4.939940930455738,0.40,ATR Stop,270
ICPUSDT,TrendPullback-EMA,short,2025-08-05T19:30:00.000Z,2025-08-05T23:45:00.000Z,5.0074950000000005,5.010364051939436,-0.24,ATR Stop,255
ICPUSDT,TrendPullback-EMA,short,2025-08-06T05:00:00.000Z,2025-08-06T06:00:00.000Z,5.0224875,5.068990766524087,-1.11,ATR Stop,60
ICPUSDT,TrendPullback-EMA,long,2025-08-10T09:15:00.000Z,2025-08-10T11:45:00.000Z,5.6498235,5.6228595430162835,-0.66,ATR Stop,150
ICPUSDT,KAMA-Pullback,short,2025-03-08T17:00:00.000Z,2025-03-08T18:45:00.000Z,5.95702,5.986821613579062,-0.68,ATR Stop,105
ICPUSDT,KAMA-Pullback,short,2025-03-10T03:30:00.000Z,2025-03-10T04:15:00.000Z,5.524236500000001,5.58416046159644,-1.26,ATR Stop,45
ICPUSDT,KAMA-Pullback,long,2025-03-13T00:00:00.000Z,2025-03-13T00:15:00.000Z,5.504751,5.450638680622231,-1.16,ATR Stop,15
ICPUSDT,KAMA-Pullback,long,2025-03-15T03:15:00.000Z,2025-03-15T04:45:00.000Z,5.7058515,5.6708568687943615,-0.79,ATR Stop,90
ICPUSDT,KAMA-Pullback,short,2025-07-30T14:00:00.000Z,2025-07-30T14:15:00.000Z,5.3043465,5.390477827198817,-1.80,ATR Stop,15
ICPUSDT,KAMA-Pullback,short,2025-08-02T09:15:00.000Z,2025-08-02T13:15:00.000Z,4.9685145,4.873208069782611,1.74,Target,240
ICPUSDT,KAMA-Pullback,short,2025-08-06T05:00:00.000Z,2025-08-06T06:00:00.000Z,5.0224875,5.068990766524087,-1.11,ATR Stop,60
ICPUSDT,KAMA-Pullback,long,2025-08-08T08:00:00.000Z,2025-08-08T09:45:00.000Z,5.363680499999999,5.368845542684242,-0.08,ATR Stop,105
ICPUSDT,KAMA-Pullback,long,2025-08-10T09:15:00.000Z,2025-08-10T11:45:00.000Z,5.6498235,5.6228595430162835,-0.66,ATR Stop,150
ICPUSDT,KAMA-Pullback,short,2025-08-11T12:15:00.000Z,2025-08-11T16:15:00.000Z,5.5082445,5.3824077093401925,2.10,Target,240
ICPUSDT,KAMA-Pullback,short,2025-08-11T22:00:00.000Z,2025-08-12T01:00:00.000Z,5.393302,5.381227605837216,0.04,ATR Stop,180
ICPUSDT,KAMA-Pullback,short,2025-08-15T04:45:00.000Z,2025-08-15T08:30:00.000Z,5.4922525,5.400028180132154,1.50,Target,225
ICPUSDT,KAMA-Pullback,short,2025-08-16T01:15:00.000Z,2025-08-16T01:45:00.000Z,5.411293,5.448792048436898,-0.87,ATR Stop,30
ICPUSDT,KAMA-Pullback,short,2025-08-16T19:15:00.000Z,2025-08-16T20:15:00.000Z,5.4242865,5.435523197172388,-0.39,ATR Stop,60
ICPUSDT,KAMA-Pullback,short,2025-08-20T21:00:00.000Z,2025-08-20T21:45:00.000Z,5.2283845,5.251083291017828,-0.61,ATR Stop,45
ICPUSDT,KAMA-Pullback,short,2025-08-21T22:15:00.000Z,2025-08-21T22:45:00.000Z,5.0764605,5.120022453240765,-1.04,ATR Stop,30
ICPUSDT,KAMA-Pullback,short,2025-08-22T04:15:00.000Z,2025-08-22T06:00:00.000Z,5.0844565,5.009820346034206,1.29,Target,105
ICPUSDT,Chandelier-MTF,short,2025-09-02T07:45:00.000Z,2025-09-02T09:00:00.000Z,4.7466254999999995,4.800829907298091,-1.32,ATR Stop,75
ICPUSDT,Chandelier-MTF,long,2025-09-10T08:15:00.000Z,2025-09-10T09:45:00.000Z,4.9654815,4.941003118048413,-0.67,ATR Stop,90
ICPUSDT,Chandelier-MTF,long,2025-09-11T02:45:00.000Z,2025-09-11T04:15:00.000Z,4.929463499999999,4.899209491147043,-0.79,ATR Stop,90
ICPUSDT,Chandelier-MTF,long,2025-09-11T17:15:00.000Z,2025-09-11T19:45:00.000Z,4.9364669999999995,4.982930512192541,0.76,ATR Stop,150
ICPUSDT,Chandelier-MTF,short,2025-09-15T01:30:00.000Z,2025-09-15T03:30:00.000Z,4.8105935,4.690082770175865,2.33,Target,120
ICPUSDT,Chandelier-MTF,short,2025-09-17T04:45:00.000Z,2025-09-17T07:00:00.000Z,4.679659000000001,4.7077012498534225,-0.78,ATR Stop,135
ICPUSDT,Chandelier-MTF,short,2025-09-22T10:00:00.000Z,2025-09-22T15:00:00.000Z,4.3118430000000005,4.301608502456121,0.06,ATR Stop,300
ICPUSDT,Chandelier-MTF,short,2025-09-22T19:45:00.000Z,2025-09-22T20:00:00.000Z,4.256870500000001,4.293429157490259,-1.04,ATR Stop,15
ICPUSDT,Chandelier-MTF,short,2025-09-22T21:15:00.000Z,2025-09-22T22:00:00.000Z,4.239879,4.2690731422211,-0.87,ATR Stop,45
LTCUSDT,KAMA-Pullback,short,2025-06-01T20:45:00.000Z,2025-06-01T22:15:00.000Z,87.68613500000001,87.57812179251356,-0.06,ATR Stop,90
LTCUSDT,KAMA-Pullback,long,2025-06-03T09:15:00.000Z,2025-06-03T11:30:00.000Z,89.8449,89.45645447435224,-0.61,ATR Stop,135
LTCUSDT,KAMA-Pullback,long,2025-06-11T03:15:00.000Z,2025-06-11T03:30:00.000Z,92.11603499999998,91.55351012622236,-0.79,ATR Stop,15
LTCUSDT,KAMA-Pullback,short,2025-06-14T01:45:00.000Z,2025-06-14T02:00:00.000Z,85.83706,86.25840410566475,-0.67,ATR Stop,15
LTCUSDT,KAMA-Pullback,short,2025-06-14T08:45:00.000Z,2025-06-14T10:45:00.000Z,85.96699500000001,85.03715023607602,0.90,Target,120
LTCUSDT,KAMA-Pullback,short,2025-06-18T01:45:00.000Z,2025-06-18T02:30:00.000Z,84.65765,85.14734230295093,-0.76,ATR Stop,45
LTCUSDT,KAMA-Pullback,short,2025-06-19T08:30:00.000Z,2025-06-19T10:30:00.000Z,84.807575,84.84997878749999,-0.23,ATR Stop,120
LTCUSDT,KAMA-Pullback,short,2025-06-21T02:45:00.000Z,2025-06-21T08:15:00.000Z,83.31832,82.5242631312608,0.77,Target,330
LTCUSDT,KAMA-Pullback,short,2025-06-22T04:15:00.000Z,2025-06-22T04:45:00.000Z,80.69963,80.9794436309519,-0.53,ATR Stop,30
LTCUSDT,KAMA-Pullback,short,2025-06-24T02:45:00.000Z,2025-06-24T04:00:00.000Z,84.25785,84.80382323687721,-0.83,ATR Stop,75
LTCUSDT,KAMA-Pullback,long,2025-06-25T08:00:00.000Z,2025-06-25T09:00:00.000Z,85.32263999999999,84.78669730449178,-0.81,ATR Stop,60
LTCUSDT,KAMA-Pullback,long,2025-06-25T18:45:00.000Z,2025-06-25T23:15:00.000Z,84.87241499999999,84.59838136205936,-0.50,ATR Stop,270
LTCUSDT,Chandelier-MTF,short,2025-07-31T14:30:00.000Z,2025-07-31T19:00:00.000Z,108.10592,105.62834992180868,2.11,Target,270
LTCUSDT,Chandelier-MTF,short,2025-08-08T00:45:00.000Z,2025-08-08T02:00:00.000Z,119.88003,120.74061861659446,-0.90,ATR Stop,75
LTCUSDT,Chandelier-MTF,long,2025-08-11T12:45:00.000Z,2025-08-11T12:45:00.000Z,125.90292,125.95425724756983,-0.14,ATR Stop,0
LTCUSDT,Chandelier-MTF,short,2025-08-16T00:15:00.000Z,2025-08-16T07:15:00.000Z,118.82056,117.82621922125755,0.66,ATR Stop,420
LTCUSDT,Chandelier-MTF,long,2025-09-11T17:00:00.000Z,2025-09-11T20:15:00.000Z,115.90792499999999,115.8509638246148,-0.23,ATR Stop,195
LTCUSDT,Chandelier-MTF,short,2025-09-17T00:45:00.000Z,2025-09-17T01:00:00.000Z,114.5427,115.04733372286535,-0.62,ATR Stop,15
LTCUSDT,Chandelier-MTF,short,2025-09-17T09:30:00.000Z,2025-09-17T11:15:00.000Z,113.793075,114.30767342698135,-0.63,ATR Stop,105
LTCUSDT,Chandelier-MTF,short,2025-09-22T13:15:00.000Z,2025-09-22T15:15:00.000Z,105.11741500000001,104.77150788366414,0.15,ATR Stop,120
LTCUSDT,Chandelier-MTF,short,2025-09-22T21:15:00.000Z,2025-09-22T22:00:00.000Z,105.017465,104.9700828900487,-0.13,ATR Stop,45
LTCUSDT,Chandelier-MTF,short,2025-09-26T05:00:00.000Z,2025-09-26T06:00:00.000Z,101.32931,102.02812307217344,-0.87,ATR Stop,60
LTCUSDT,Chandelier-MTF,long,2025-10-28T02:15:00.000Z,2025-10-28T02:30:00.000Z,102.97146,104.47880528313554,1.28,ATR Stop,15
LTCUSDT,Chandelier-MTF,short,2025-10-29T23:30:00.000Z,2025-10-30T00:15:00.000Z,96.281835,97.43325518792878,-1.38,ATR Stop,45
LTCUSDT,Chandelier-MTF,long,2025-11-06T20:30:00.000Z,2025-11-07T03:30:00.000Z,88.254105,89.67301455602198,1.43,ATR Stop,420
LTCUSDT,Chandelier-MTF,long,2025-11-09T06:15:00.000Z,2025-11-09T06:30:00.000Z,104.802375,103.38477367573537,-1.53,ATR Stop,15
LTCUSDT,Chandelier-MTF,short,2025-11-12T11:15:00.000Z,2025-11-12T14:30:00.000Z,96.60167500000001,97.57786836598704,-1.19,ATR Stop,195
QNTUSDT,TrendPullback-EMA,long,2025-05-31T07:45:00.000Z,2025-05-31T10:45:00.000Z,106.663305,108.89509317926058,1.91,Target,180
QNTUSDT,TrendPullback-EMA,long,2025-06-01T04:00:00.000Z,2025-06-01T08:00:00.000Z,109.444695,109.90025608203894,0.24,ATR Stop,240
QNTUSDT,TrendPullback-EMA,long,2025-06-04T04:45:00.000Z,2025-06-04T04:45:00.000Z,116.02798499999999,115.09690017874895,-0.98,ATR Stop,0
QNTUSDT,TrendPullback-EMA,long,2025-06-04T09:30:00.000Z,2025-06-04T13:15:00.000Z,115.95795,116.93167277796415,0.66,ATR Stop,225
QNTUSDT,TrendPullback-EMA,long,2025-06-06T00:45:00.000Z,2025-06-06T07:45:00.000Z,112.67631,113.83252981504593,0.85,ATR Stop,420
QNTUSDT,TrendPullback-EMA,long,2025-06-12T00:45:00.000Z,2025-06-12T04:15:00.000Z,117.33864,117.38295852101548,-0.14,ATR Stop,210
QNTUSDT,TrendPullback-EMA,long,2025-06-12T09:30:00.000Z,2025-06-12T10:15:00.000Z,117.708825,116.63879320068519,-1.09,ATR Stop,45
QNTUSDT,TrendPullback-EMA,short,2025-06-18T03:30:00.000Z,2025-06-18T04:45:00.000Z,101.279335,99.67401286120219,1.41,Target,75
QNTUSDT,TrendPullback-EMA,short,2025-06-23T10:45:00.000Z,2025-06-23T12:00:00.000Z,89.765095,89.48489839483776,0.13,ATR Stop,75
QNTUSDT,TrendPullback-EMA,short,2025-06-25T09:45:00.000Z,2025-06-25T10:45:00.000Z,98.93051000000001,99.0173831837659,-0.27,ATR Stop,60
QNTUSDT,TrendPullback-EMA,long,2025-07-04T18:45:00.000Z,2025-07-04T21:15:00.000Z,106.44319499999999,107.41858091893124,0.74,Target,150
QNTUSDT,TrendPullback-EMA,long,2025-07-22T16:00:00.000Z,2025-07-22T18:45:00.000Z,132.40617,133.2801620306357,0.48,ATR Stop,165
QNTUSDT,TrendPullback-EMA,long,2025-07-26T05:45:00.000Z,2025-07-26T06:00:00.000Z,121.33063499999999,120.6466213447281,-0.74,ATR Stop,15
QNTUSDT,KAMA-Pullback,short,2025-03-07T02:45:00.000Z,2025-03-07T05:30:00.000Z,82.708625,81.89002843817913,0.81,ATR Stop,165
QNTUSDT,KAMA-Pullback,short,2025-03-08T22:30:00.000Z,2025-03-09T03:00:00.000Z,84.11792,81.55881865389634,2.86,Target,270
QNTUSDT,KAMA-Pullback,short,2025-03-30T01:00:00.000Z,2025-03-30T01:45:00.000Z,69.635165,70.1041077524644,-0.85,ATR Stop,45
QNTUSDT,KAMA-Pullback,short,2025-03-30T05:30:00.000Z,2025-03-30T05:45:00.000Z,69.915025,70.32527882683927,-0.77,ATR Stop,15
QNTUSDT,KAMA-Pullback,short,2025-04-03T01:15:00.000Z,2025-04-03T02:30:00.000Z,66.35680500000001,66.80374606214454,-0.85,ATR Stop,75
QNTUSDT,KAMA-Pullback,long,2025-04-14T06:00:00.000Z,2025-04-14T08:15:00.000Z,67.703835,67.12386316207895,-1.04,ATR Stop,135
QNTUSDT,KAMA-Pullback,long,2025-04-24T23:45:00.000Z,2025-04-25T04:30:00.000Z,74.91743999999998,76.28790152883124,1.65,Target,285
QNTUSDT,KAMA-Pullback,long,2025-04-25T09:30:00.000Z,2025-04-25T10:30:00.000Z,76.05801,75.56312499784677,-0.83,ATR Stop,60
QNTUSDT,KAMA-Pullback,long,2025-04-27T06:45:00.000Z,2025-04-27T08:00:00.000Z,74.30713499999999,75.17601517641657,0.99,Target,75
QNTUSDT,KAMA-Pullback,long,2025-05-04T02:45:00.000Z,2025-05-04T04:00:00.000Z,85.61278499999999,84.67002124332224,-1.28,ATR Stop,75
QNTUSDT,KAMA-Pullback,long,2025-05-11T09:00:00.000Z,2025-05-11T10:45:00.000Z,97.54875,97.32760682708067,-0.41,ATR Stop,105
QNTUSDT,KAMA-Pullback,long,2025-05-14T05:15:00.000Z,2025-05-14T07:15:00.000Z,99.14954999999999,98.1287558782237,-1.21,ATR Stop,120
QNTUSDT,KAMA-Pullback,long,2025-05-14T12:15:00.000Z,2025-05-14T15:45:00.000Z,98.52924,98.8554297583223,0.15,ATR Stop,210
QNTUSDT,KAMA-Pullback,short,2025-05-16T11:15:00.000Z,2025-05-16T13:45:00.000Z,94.26284500000001,94.44098943643552,-0.37,ATR Stop,150
QNTUSDT,KAMA-Pullback,long,2025-05-22T18:45:00.000Z,2025-05-22T19:00:00.000Z,98.57926499999999,97.66822558844456,-1.10,ATR Stop,15
QNTUSDT,KAMA-Pullback,long,2025-05-29T02:15:00.000Z,2025-05-29T04:15:00.000Z,117.4587,116.42796842054805,-1.06,ATR Stop,120
QNTUSDT,KAMA-Pullback,short,2025-11-04T00:15:00.000Z,2025-11-04T00:45:00.000Z,72.95350499999999,73.28258974751506,-0.63,ATR Stop,30
QNTUSDT,KAMA-Pullback,long,2025-11-07T11:15:00.000Z,2025-11-07T11:45:00.000Z,82.18106999999999,84.57551545088374,2.73,Target,30
QNTUSDT,KAMA-Pullback,long,2025-11-09T19:30:00.000Z,2025-11-09T22:15:00.000Z,85.132545,85.0159847578631,-0.32,ATR Stop,165
QNTUSDT,KAMA-Pullback,short,2025-11-20T17:45:00.000Z,2025-11-20T19:45:00.000Z,74.94251000000001,75.72851771290232,-1.23,ATR Stop,120
QNTUSDT,KAMA-Pullback,short,2025-11-22T03:15:00.000Z,2025-11-22T05:45:00.000Z,72.14391,72.9324331873386,-1.27,ATR Stop,150
QNTUSDT,KAMA-Pullback,long,2025-11-23T21:00:00.000Z,2025-11-23T22:30:00.000Z,78.50923499999999,77.53966339394205,-1.41,ATR Stop,90
QNTUSDT,KAMA-Pullback,long,2025-11-24T01:15:00.000Z,2025-11-24T04:00:00.000Z,77.908935,77.12300533135088,-1.19,ATR Stop,165
QNTUSDT,KAMA-Pullback,long,2025-11-24T07:45:00.000Z,2025-11-24T08:30:00.000Z,77.57877,77.10938338738646,-0.79,ATR Stop,45
QNTUSDT,KAMA-Pullback,long,2025-11-24T09:45:00.000Z,2025-11-24T10:45:00.000Z,77.708835,79.14480809334266,1.67,Target,60
QNTUSDT,KAMA-Pullback,long,2025-11-26T12:45:00.000Z,2025-11-26T13:30:00.000Z,85.67281499999999,85.09939868542297,-0.85,ATR Stop,45
QNTUSDT,Chandelier-MTF,short,2025-07-31T10:30:00.000Z,2025-07-31T10:45:00.000Z,118.81056500000001,118.61164644672844,-0.01,ATR Stop,15
QNTUSDT,Chandelier-MTF,long,2025-08-10T21:15:00.000Z,2025-08-10T23:15:00.000Z,115.727835,114.80075939143371,-0.98,ATR Stop,120
QNTUSDT,Chandelier-MTF,short,2025-08-16T13:45:00.000Z,2025-08-16T15:00:00.000Z,108.14590000000001,108.87056303343707,-0.85,ATR Stop,75
QNTUSDT,Chandelier-MTF,short,2025-08-17T19:15:00.000Z,2025-08-17T19:15:00.000Z,108.49572500000001,108.75469074820028,-0.42,ATR Stop,0
SOLUSDT,TrendPullback-EMA,short,2025-03-02T02:45:00.000Z,2025-03-02T04:15:00.000Z,142.578675,144.02186988267945,-1.19,ATR Stop,90
SOLUSDT,TrendPullback-EMA,long,2025-03-03T07:45:00.000Z,2025-03-03T09:45:00.000Z,163.871895,162.8359697395635,-0.81,ATR Stop,120
SOLUSDT,TrendPullback-EMA,short,2025-03-11T08:30:00.000Z,2025-03-11T09:45:00.000Z,122.608665,121.89342669279209,0.40,ATR Stop,75
SOLUSDT,TrendPullback-EMA,short,2025-03-12T09:45:00.000Z,2025-03-12T11:45:00.000Z,123.38827500000001,125.57171894715943,-1.95,ATR Stop,120
SOLUSDT,TrendPullback-EMA,short,2025-03-13T08:30:00.000Z,2025-03-13T09:15:00.000Z,124.08792500000001,125.85339722127883,-1.60,ATR Stop,45
SOLUSDT,TrendPullback-EMA,short,2025-03-18T05:00:00.000Z,2025-03-18T10:45:00.000Z,124.11791000000001,123.29451996400171,0.48,ATR Stop,345
SOLUSDT,TrendPullback-EMA,long,2025-03-26T01:15:00.000Z,2025-03-26T04:15:00.000Z,143.89191,143.72312194750876,-0.30,ATR Stop,180
SOLUSDT,TrendPullback-EMA,long,2025-03-27T09:30:00.000Z,2025-03-27T10:00:00.000Z,139.75984499999998,138.26679592425813,-1.25,ATR Stop,30
SOLUSDT,TrendPullback-EMA,short,2025-03-31T12:30:00.000Z,2025-03-31T13:00:00.000Z,123.947995,125.54664311819329,-1.47,ATR Stop,30
SOLUSDT,TrendPullback-EMA,short,2025-05-31T19:00:00.000Z,2025-05-31T21:30:00.000Z,155.66213000000002,153.92017255388365,0.94,Target,150
SOLUSDT,TrendPullback-EMA,short,2025-06-04T06:15:00.000Z,2025-06-04T09:30:00.000Z,155.78207000000003,156.5127418099149,-0.65,ATR Stop,195
SOLUSDT,TrendPullback-EMA,long,2025-06-11T07:30:00.000Z,2025-06-11T08:15:00.000Z,167.253585,165.64417747252895,-1.14,ATR Stop,45
SOLUSDT,TrendPullback-EMA,short,2025-06-18T01:15:00.000Z,2025-06-18T02:30:00.000Z,147.11640500000001,148.07637864597226,-0.83,ATR Stop,75
SOLUSDT,TrendPullback-EMA,short,2025-06-19T00:45:00.000Z,2025-06-19T04:15:00.000Z,145.19736500000002,145.96203711272125,-0.71,ATR Stop,210
SOLUSDT,TrendPullback-EMA,short,2025-06-19T06:15:00.000Z,2025-06-19T09:15:00.000Z,144.877525,143.3290873828272,0.89,Target,180
SOLUSDT,TrendPullback-EMA,short,2025-06-20T08:45:00.000Z,2025-06-20T09:30:00.000Z,146.04694,144.26219067454323,1.04,Target,45
SOLUSDT,TrendPullback-EMA,short,2025-06-21T08:45:00.000Z,2025-06-21T10:45:00.000Z,140.51970500000002,140.5899648525,-0.23,ATR Stop,120
SOLUSDT,TrendPullback-EMA,short,2025-06-25T09:45:00.000Z,2025-06-25T11:45:00.000Z,144.86753000000002,144.54935170940396,0.04,ATR Stop,120
SOLUSDT,TrendPullback-EMA,long,2025-07-18T08:45:00.000Z,2025-07-18T09:00:00.000Z,181.19054999999997,179.36999944095837,-1.18,ATR Stop,15
SOLUSDT,TrendPullback-EMA,long,2025-07-18T21:45:00.000Z,2025-07-19T01:00:00.000Z,177.53872499999997,176.40068913316924,-0.82,ATR Stop,195
SOLUSDT,TrendPullback-EMA,long,2025-07-19T05:15:00.000Z,2025-07-19T06:15:00.000Z,177.618765,176.58571339352793,-0.76,ATR Stop,60
SOLUSDT,TrendPullback-EMA,long,2025-07-19T07:45:00.000Z,2025-07-19T08:45:00.000Z,177.838875,176.58245846073217,-0.89,ATR Stop,60
SOLUSDT,TrendPullback-EMA,long,2025-07-20T21:15:00.000Z,2025-07-20T22:15:00.000Z,182.461185,186.24390170324483,1.89,Target,60
SOLUSDT,TrendPullback-EMA,short,2025-07-31T06:30:00.000Z,2025-07-31T08:00:00.000Z,180.56967,178.4383103998732,1.00,Target,90
SOLUSDT,TrendPullback-EMA,short,2025-08-01T08:15:00.000Z,2025-08-01T09:00:00.000Z,167.02644500000002,168.83886994636023,-1.27,ATR Stop,45
SOLUSDT,TrendPullback-EMA,short,2025-08-02T09:15:00.000Z,2025-08-02T12:30:00.000Z,162.568675,159.41346541427956,1.76,Target,195
SOLUSDT,TrendPullback-EMA,short,2025-08-03T14:45:00.000Z,2025-08-03T15:30:00.000Z,160.69961,161.8732116549663,-0.91,ATR Stop,45
SOLUSDT,TrendPullback-EMA,short,2025-08-05T19:30:00.000Z,2025-08-05T20:45:00.000Z,162.568675,163.0949519899894,-0.50,ATR Stop,75
SOLUSDT,TrendPullback-EMA,long,2025-08-08T20:30:00.000Z,2025-08-08T21:00:00.000Z,178.68929999999997,177.50499729272067,-0.84,ATR Stop,30
SOLUSDT,TrendPullback-EMA,long,2025-08-09T19:30:00.000Z,2025-08-09T21:15:00.000Z,182.461185,182.7869212983973,-0.00,ATR Stop,105
SOLUSDT,TrendPullback-EMA,long,2025-08-10T20:15:00.000Z,2025-08-11T00:00:00.000Z,183.59175,185.15797971966893,0.67,ATR Stop,225
SOLUSDT,TrendPullback-EMA,long,2025-08-23T17:45:00.000Z,2025-08-23T21:00:00.000Z,204.61225499999998,206.99935305974375,0.99,Target,195
SOLUSDT,TrendPullback-EMA,short,2025-09-28T03:45:00.000Z,2025-09-28T07:15:00.000Z,201.16936500000003,198.56902653931135,1.11,Target,210
SOLUSDT,TrendPullback-EMA,long,2025-10-05T19:15:00.000Z,2025-10-05T22:00:00.000Z,229.12450499999997,233.0006671137721,1.51,Target,165
SOLUSDT,TrendPullback-EMA,long,2025-10-09T00:15:00.000Z,2025-10-09T01:30:00.000Z,227.41365,225.7867400263689,-0.90,ATR Stop,75
SOLUSDT,TrendPullback-EMA,short,2025-10-15T06:00:00.000Z,2025-10-15T08:45:00.000Z,202.77856,203.83667077344182,-0.70,ATR Stop,165
SOLUSDT,TrendPullback-EMA,short,2025-10-17T09:15:00.000Z,2025-10-17T10:15:00.000Z,178.45073,181.69854107909157,-2.00,ATR Stop,60
SOLUSDT,TrendPullback-EMA,short,2025-10-18T19:30:00.000Z,2025-10-18T22:00:00.000Z,185.58716,186.1816160307681,-0.50,ATR Stop,150
SOLUSDT,TrendPullback-EMA,short,2025-10-19T01:15:00.000Z,2025-10-19T04:30:00.000Z,185.317295,184.92122473172404,0.03,ATR Stop,195
SOLUSDT,TrendPullback-EMA,long,2025-10-26T17:00:00.000Z,2025-10-26T19:15:00.000Z,198.789345,202.34638144816495,1.61,Target,135
SOLUSDT,TrendPullback-EMA,long,2025-10-28T08:30:00.000Z,2025-10-28T09:30:00.000Z,202.751325,201.05990005516904,-1.01,ATR Stop,60
SOLUSDT,TrendPullback-EMA,short,2025-10-31T11:30:00.000Z,2025-10-31T13:45:00.000Z,184.857525,186.7032774938931,-1.18,ATR Stop,135
SOLUSDT,TrendPullback-EMA,short,2025-11-02T05:00:00.000Z,2025-11-02T05:45:00.000Z,185.08741,185.66394579216424,-0.49,ATR Stop,45
SOLUSDT,TrendPullback-EMA,short,2025-11-02T21:15:00.000Z,2025-11-02T22:00:00.000Z,183.61814500000003,179.93046240912145,1.83,Target,45
SOLUSDT,TrendPullback-EMA,short,2025-11-05T03:30:00.000Z,2025-11-05T05:45:00.000Z,155.53219500000003,156.7424390135289,-0.96,ATR Stop,135
SOLUSDT,TrendPullback-EMA,short,2025-11-06T00:00:00.000Z,2025-11-06T05:00:00.000Z,159.82005,159.43592271312107,0.06,ATR Stop,300
SOLUSDT,TrendPullback-EMA,short,2025-11-06T09:15:00.000Z,2025-11-06T12:15:00.000Z,157.92100000000002,157.5295327849136,0.07,ATR Stop,180
SOLUSDT,TrendPullback-EMA,short,2025-11-08T00:15:00.000Z,2025-11-08T01:00:00.000Z,161.25933,161.7490257138548,-0.48,ATR Stop,45
SOLUSDT,TrendPullback-EMA,short,2025-11-08T19:00:00.000Z,2025-11-08T20:15:00.000Z,156.82155,157.70706882552076,-0.74,ATR Stop,75
SOLUSDT,TrendPullback-EMA,short,2025-11-10T23:45:00.000Z,2025-11-11T11:00:00.000Z,164.99746000000002,160.00869540800502,2.84,Target,675
SOLUSDT,TrendPullback-EMA,short,2025-11-14T15:30:00.000Z,2025-11-14T17:00:00.000Z,139.49022000000002,141.6422295102066,-1.72,ATR Stop,90
SOLUSDT,TrendPullback-EMA,short,2025-11-15T03:15:00.000Z,2025-11-15T07:30:00.000Z,141.099415,141.18485404410734,-0.24,ATR Stop,255
SOLUSDT,TrendPullback-EMA,short,2025-11-16T06:15:00.000Z,2025-11-16T09:15:00.000Z,139.600165,140.5750575636534,-0.88,ATR Stop,180
SOLUSDT,TrendPullback-EMA,short,2025-11-18T19:00:00.000Z,2025-11-18T19:15:00.000Z,139.83005,141.1240355261962,-1.11,ATR Stop,15
SOLUSDT,TrendPullback-EMA,short,2025-11-20T04:45:00.000Z,2025-11-20T05:30:00.000Z,141.26933000000002,142.53602408416694,-1.08,ATR Stop,45
SOLUSDT,TrendPullback-EMA,short,2025-11-20T18:15:00.000Z,2025-11-21T01:45:00.000Z,134.01296000000002,129.3022857253251,3.34,Target,450
SOLUSDT,TrendPullback-EMA,short,2025-11-22T15:30:00.000Z,2025-11-22T17:00:00.000Z,126.30681500000001,127.42331155491607,-1.06,ATR Stop,90
SOLUSDT,TrendPullback-EMA,short,2025-11-23T18:15:00.000Z,2025-11-23T19:15:00.000Z,130.79457000000002,131.09502613707048,-0.41,ATR Stop,60
SOLUSDT,KAMA-Pullback,long,2025-03-02T01:15:00.000Z,2025-03-02T02:30:00.000Z,144.43218000000002,142.9855565642997,-1.18,ATR Stop,75
SOLUSDT,KAMA-Pullback,long,2025-03-02T04:30:00.000Z,2025-03-02T06:45:00.000Z,144.001965,142.83776229053697,-0.99,ATR Stop,135
SOLUSDT,KAMA-Pullback,long,2025-03-03T07:45:00.000Z,2025-03-03T09:45:00.000Z,163.871895,162.8359697395635,-0.81,ATR Stop,120
SOLUSDT,KAMA-Pullback,short,2025-03-11T08:30:00.000Z,2025-03-11T09:45:00.000Z,122.608665,121.89342669279209,0.40,ATR Stop,75
SOLUSDT,KAMA-Pullback,short,2025-03-12T09:45:00.000Z,2025-03-12T11:45:00.000Z,123.38827500000001,125.57171894715943,-1.95,ATR Stop,120
SOLUSDT,KAMA-Pullback,short,2025-03-13T08:30:00.000Z,2025-03-13T09:15:00.000Z,124.08792500000001,125.85339722127883,-1.60,ATR Stop,45
SOLUSDT,KAMA-Pullback,long,2025-03-16T01:15:00.000Z,2025-03-16T01:45:00.000Z,135.697815,134.77140864276225,-0.86,ATR Stop,30
SOLUSDT,KAMA-Pullback,long,2025-03-26T01:15:00.000Z,2025-03-26T04:15:00.000Z,143.89191,143.72312194750876,-0.30,ATR Stop,180
SOLUSDT,KAMA-Pullback,short,2025-03-31T12:30:00.000Z,2025-03-31T13:00:00.000Z,123.947995,125.54664311819329,-1.47,ATR Stop,30
SOLUSDT,KAMA-Pullback,long,2025-06-04T03:00:00.000Z,2025-06-04T05:00:00.000Z,156.83837999999997,156.6649420021209,-0.29,ATR Stop,120
SOLUSDT,KAMA-Pullback,long,2025-06-11T07:30:00.000Z,2025-06-11T08:15:00.000Z,167.253585,165.64417747252895,-1.14,ATR Stop,45
SOLUSDT,KAMA-Pullback,short,2025-06-13T09:00:00.000Z,2025-06-13T09:15:00.000Z,143.94799,145.4827488229472,-1.25,ATR Stop,15
SOLUSDT,KAMA-Pullback,long,2025-06-16T09:00:00.000Z,2025-06-16T14:15:00.000Z,157.068495,157.03881649773422,-0.20,ATR Stop,315
SOLUSDT,KAMA-Pullback,short,2025-06-18T01:15:00.000Z,2025-06-18T02:30:00.000Z,147.11640500000001,148.07637864597226,-0.83,ATR Stop,75
SOLUSDT,KAMA-Pullback,short,2025-06-19T00:45:00.000Z,2025-06-19T04:15:00.000Z,145.19736500000002,145.96203711272125,-0.71,ATR Stop,210
SOLUSDT,KAMA-Pullback,short,2025-06-19T06:15:00.000Z,2025-06-19T09:15:00.000Z,144.877525,143.3290873828272,0.89,Target,180
SOLUSDT,KAMA-Pullback,short,2025-06-22T02:15:00.000Z,2025-06-22T04:30:00.000Z,134.76258500000003,132.1657014241512,1.75,Target,135
SOLUSDT,KAMA-Pullback,long,2025-06-25T01:00:00.000Z,2025-06-25T02:45:00.000Z,146.16304499999998,146.02789892734867,-0.27,ATR Stop,105
SOLUSDT,KAMA-Pullback,long,2025-06-26T02:00:00.000Z,2025-06-26T03:15:00.000Z,145.502715,144.57763141463934,-0.82,ATR Stop,75
SOLUSDT,KAMA-Pullback,long,2025-07-07T02:30:00.000Z,2025-07-07T04:30:00.000Z,152.37615,151.79083948416422,-0.56,ATR Stop,120
SOLUSDT,KAMA-Pullback,long,2025-07-10T11:15:00.000Z,2025-07-10T13:00:00.000Z,158.65929,158.64951687669617,-0.19,ATR Stop,105
SOLUSDT,KAMA-Pullback,long,2025-07-17T16:00:00.000Z,2025-07-17T17:15:00.000Z,176.037975,174.76568335288596,-0.90,ATR Stop,75
SOLUSDT,KAMA-Pullback,long,2025-07-19T05:15:00.000Z,2025-07-19T06:15:00.000Z,177.618765,176.58571339352793,-0.76,ATR Stop,60
SOLUSDT,KAMA-Pullback,long,2025-07-19T07:45:00.000Z,2025-07-19T08:45:00.000Z,177.838875,176.58245846073217,-0.89,ATR Stop,60
SOLUSDT,KAMA-Pullback,long,2025-07-20T02:00:00.000Z,2025-07-20T06:15:00.000Z,178.539225,180.46420358323854,0.90,Target,255
SOLUSDT,KAMA-Pullback,long,2025-07-20T21:15:00.000Z,2025-07-20T22:15:00.000Z,182.461185,186.24390170324483,1.89,Target,60
SOLUSDT,KAMA-Pullback,short,2025-07-24T08:45:00.000Z,2025-07-24T09:15:00.000Z,183.78806,186.18242806436268,-1.48,ATR Stop,30
SOLUSDT,KAMA-Pullback,short,2025-07-25T09:00:00.000Z,2025-07-25T10:30:00.000Z,178.40075500000003,178.8138794512597,-0.41,ATR Stop,90
SOLUSDT,KAMA-Pullback,long,2025-08-29T18:00:00.000Z,2025-08-29T20:30:00.000Z,204.66227999999998,202.84495188218506,-1.07,ATR Stop,150
SOLUSDT,KAMA-Pullback,long,2025-08-29T22:00:00.000Z,2025-08-29T23:30:00.000Z,205.972935,204.24937323179037,-1.02,ATR Stop,90
SOLUSDT,KAMA-Pullback,long,2025-09-10T07:00:00.000Z,2025-09-10T07:30:00.000Z,220.83035999999998,224.18482356372817,1.34,Target,30
SOLUSDT,KAMA-Pullback,long,2025-09-11T16:45:00.000Z,2025-09-11T19:30:00.000Z,227.48368499999998,230.9058655205621,1.32,Target,165
SOLUSDT,KAMA-Pullback,short,2025-09-23T09:30:00.000Z,2025-09-23T09:45:00.000Z,217.50119500000002,219.3423327466451,-1.03,ATR Stop,15
SOLUSDT,KAMA-Pullback,short,2025-09-26T23:45:00.000Z,2025-09-27T01:30:00.000Z,202.19885000000002,203.1356379428956,-0.64,ATR Stop,105
SOLUSDT,KAMA-Pullback,long,2025-09-27T07:30:00.000Z,2025-09-27T09:30:00.000Z,202.42116,202.04500392133517,-0.37,ATR Stop,120
SOLUSDT,KAMA-Pullback,long,2025-10-28T08:15:00.000Z,2025-10-28T09:30:00.000Z,202.00095,200.95862571766904,-0.70,ATR Stop,75
SOLUSDT,KAMA-Pullback,short,2025-10-29T10:45:00.000Z,2025-10-29T12:15:00.000Z,195.18236000000002,197.1871811179574,-1.21,ATR Stop,90
SOLUSDT,KAMA-Pullback,short,2025-10-31T11:30:00.000Z,2025-10-31T13:45:00.000Z,184.857525,186.7032774938931,-1.18,ATR Stop,135
SOLUSDT,KAMA-Pullback,short,2025-10-31T19:00:00.000Z,2025-10-31T21:30:00.000Z,186.45672500000003,186.89826182636438,-0.42,ATR Stop,150
SOLUSDT,KAMA-Pullback,short,2025-11-01T16:45:00.000Z,2025-11-01T17:15:00.000Z,184.95747500000002,185.92723989756763,-0.70,ATR Stop,30
SOLUSDT,KAMA-Pullback,short,2025-11-02T04:45:00.000Z,2025-11-02T05:45:00.000Z,185.80705,185.66394579216424,-0.10,ATR Stop,60
SOLUSDT,KAMA-Pullback,short,2025-11-05T03:00:00.000Z,2025-11-05T03:30:00.000Z,154.25283500000003,156.42831992868875,-1.59,ATR Stop,30
SOLUSDT,KAMA-Pullback,long,2025-11-06T08:15:00.000Z,2025-11-06T08:45:00.000Z,160.76033999999999,159.09803415200923,-1.21,ATR Stop,30
SOLUSDT,KAMA-Pullback,short,2025-11-12T10:00:00.000Z,2025-11-12T10:45:00.000Z,157.35128500000002,154.21850770980691,1.81,Target,45
SOLUSDT,KAMA-Pullback,short,2025-11-15T03:15:00.000Z,2025-11-15T07:30:00.000Z,141.099415,141.18485404410734,-0.24,ATR Stop,255
SOLUSDT,KAMA-Pullback,short,2025-11-16T06:15:00.000Z,2025-11-16T09:15:00.000Z,139.600165,140.5750575636534,-0.88,ATR Stop,180
SOLUSDT,KAMA-Pullback,short,2025-11-17T08:00:00.000Z,2025-11-17T08:45:00.000Z,140.44974000000002,138.34604957503825,1.32,Target,45
SOLUSDT,KAMA-Pullback,short,2025-11-18T18:45:00.000Z,2025-11-18T19:15:00.000Z,139.79007000000001,141.08006884398054,-1.10,ATR Stop,30
SOLUSDT,KAMA-Pullback,short,2025-11-20T04:30:00.000Z,2025-11-20T09:45:00.000Z,141.91900500000003,139.6793538304482,1.40,Target,315
SOLUSDT,Chandelier-MTF,long,2025-03-03T08:30:00.000Z,2025-03-03T09:45:00.000Z,165.772845,162.00837156358466,-2.45,ATR Stop,75
SOLUSDT,Chandelier-MTF,short,2025-03-11T09:15:00.000Z,2025-03-11T09:45:00.000Z,119.42026000000001,121.655073475636,-2.05,ATR Stop,30
SOLUSDT,Chandelier-MTF,long,2025-03-26T02:15:00.000Z,2025-03-26T06:30:00.000Z,144.622275,143.9913642685326,-0.62,ATR Stop,255
SOLUSDT,Chandelier-MTF,short,2025-04-01T09:15:00.000Z,2025-04-01T10:00:00.000Z,126.12690500000001,127.4600793604329,-1.24,ATR Stop,45
SOLUSDT,Chandelier-MTF,short,2025-04-04T06:15:00.000Z,2025-04-04T07:15:00.000Z,113.62316000000001,115.68538963870766,-1.99,ATR Stop,60
SOLUSDT,Chandelier-MTF,long,2025-04-09T12:45:00.000Z,2025-04-09T19:00:00.000Z,118.82938499999999,121.08497533860078,1.72,ATR Stop,375
SOLUSDT,Chandelier-MTF,long,2025-04-13T21:30:00.000Z,2025-04-13T22:00:00.000Z,133.396665,131.971367318236,-1.25,ATR Stop,30
SOLUSDT,Chandelier-MTF,long,2025-04-15T04:15:00.000Z,2025-04-15T07:00:00.000Z,132.37615499999998,131.3794215502099,-0.93,ATR Stop,165
SOLUSDT,Chandelier-MTF,long,2025-04-20T19:45:00.000Z,2025-04-20T19:45:00.000Z,141.12052500000001,140.6397589275132,-0.52,ATR Stop,0
SOLUSDT,Chandelier-MTF,long,2025-04-21T09:15:00.000Z,2025-04-21T09:45:00.000Z,139.73983499999997,139.34332989378015,-0.46,ATR Stop,30
SOLUSDT,Chandelier-MTF,long,2025-04-21T22:00:00.000Z,2025-04-22T03:45:00.000Z,139.179555,138.84286658947863,-0.42,ATR Stop,345
SOLUSDT,Chandelier-MTF,long,2025-04-24T12:00:00.000Z,2025-04-24T21:00:00.000Z,150.53523,152.46763867944992,1.10,ATR Stop,540
SOLUSDT,Chandelier-MTF,short,2025-04-27T20:45:00.000Z,2025-04-27T22:15:00.000Z,144.98747,146.60844284459458,-1.30,ATR Stop,90
SOLUSDT,Chandelier-MTF,long,2025-09-29T09:15:00.000Z,2025-09-29T10:15:00.000Z,211.19554499999998,210.32309412412832,-0.59,ATR Stop,60
SOLUSDT,Chandelier-MTF,long,2025-09-30T16:45:00.000Z,2025-09-30T17:15:00.000Z,210.33511499999997,207.890758092298,-1.34,ATR Stop,30
SOLUSDT,Chandelier-MTF,long,2025-10-03T10:30:00.000Z,2025-10-03T11:45:00.000Z,234.78733499999998,233.63227595049256,-0.67,ATR Stop,75
SOLUSDT,Chandelier-MTF,long,2025-10-04T22:15:00.000Z,2025-10-05T02:30:00.000Z,231.865875,236.98818221423758,2.03,Target,255
SOLUSDT,Chandelier-MTF,long,2025-10-06T01:15:00.000Z,2025-10-06T02:15:00.000Z,234.267075,232.35072123510574,-1.00,ATR Stop,60
SOLUSDT,Chandelier-MTF,short,2025-10-09T03:30:00.000Z,2025-10-09T05:00:00.000Z,219.77006,222.5838240754115,-1.46,ATR Stop,90
SOLUSDT,Chandelier-MTF,short,2025-10-09T09:15:00.000Z,2025-10-09T15:30:00.000Z,219.87001,217.27876800473524,1.00,ATR Stop,375
SOLUSDT,Chandelier-MTF,short,2025-10-10T10:45:00.000Z,2025-10-10T16:30:00.000Z,211.15437,200.38883096515232,4.92,Target,345
SOLUSDT,Chandelier-MTF,short,2025-10-11T00:15:00.000Z,2025-10-11T03:15:00.000Z,180.02994,186.98193762117725,-4.04,ATR Stop,180
SOLUSDT,Chandelier-MTF,short,2025-10-11T08:15:00.000Z,2025-10-11T16:30:00.000Z,182.01894500000003,177.21034805487895,2.46,ATR Stop,495
SOLUSDT,Chandelier-MTF,long,2025-10-12T07:15:00.000Z,2025-10-12T08:15:00.000Z,182.04097499999997,181.61559941080895,-0.41,ATR Stop,60
SOLUSDT,Chandelier-MTF,short,2025-10-14T01:45:00.000Z,2025-10-14T01:45:00.000Z,195.93198500000003,196.95848101952575,-0.70,ATR Stop,0
SOLUSDT,Chandelier-MTF,long,2025-10-21T10:00:00.000Z,2025-10-21T11:30:00.000Z,194.207055,193.93444667279823,-0.32,ATR Stop,90
SOLUSDT,Chandelier-MTF,long,2025-10-27T11:30:00.000Z,2025-10-27T13:30:00.000Z,202.44117,200.4988324825327,-1.14,ATR Stop,120
SOLUSDT,Chandelier-MTF,long,2025-10-28T02:30:00.000Z,2025-10-28T04:30:00.000Z,202.34112,201.28007308189365,-0.70,ATR Stop,120
SOLUSDT,Chandelier-MTF,short,2025-10-29T03:15:00.000Z,2025-10-29T05:15:00.000Z,194.01294500000003,194.88996007904618,-0.63,ATR Stop,120
SOLUSDT,Chandelier-MTF,short,2025-11-02T21:15:00.000Z,2025-11-02T22:30:00.000Z,183.61814500000003,178.6706318546619,2.51,Target,75
SOLUSDT,Chandelier-MTF,short,2025-11-04T11:30:00.000Z,2025-11-04T13:45:00.000Z,158.07092500000002,157.31786555475907,0.30,ATR Stop,135
SOLUSDT,Chandelier-MTF,short,2025-11-05T03:15:00.000Z,2025-11-05T04:15:00.000Z,155.03244500000002,157.06679515404025,-1.49,ATR Stop,60
SOLUSDT,Chandelier-MTF,long,2025-11-09T04:00:00.000Z,2025-11-09T04:30:00.000Z,159.049485,159.44872452223333,0.07,ATR Stop,30
SOLUSDT,Chandelier-MTF,short,2025-11-16T06:15:00.000Z,2025-11-16T09:15:00.000Z,139.600165,140.70255490636936,-0.97,ATR Stop,180
SOLUSDT,Chandelier-MTF,short,2025-11-22T08:45:00.000Z,2025-11-22T08:45:00.000Z,126.46673500000001,127.2240442751905,-0.78,ATR Stop,0
SUIUSDT,TrendPullback-EMA,short,2025-08-03T08:45:00.000Z,2025-08-03T12:45:00.000Z,3.4172905,3.434910380432364,-0.70,ATR Stop,240
SUIUSDT,TrendPullback-EMA,short,2025-08-04T01:00:00.000Z,2025-08-04T02:15:00.000Z,3.4592695,3.4909699378179133,-1.10,ATR Stop,75
SUIUSDT,TrendPullback-EMA,short,2025-08-05T08:15:00.000Z,2025-08-05T09:00:00.000Z,3.4746618000000002,3.395670437099858,2.09,Target,45
SUIUSDT,TrendPullback-EMA,short,2025-08-05T19:30:00.000Z,2025-08-05T23:45:00.000Z,3.3779102,3.3645419676980852,0.22,ATR Stop,255
SUIUSDT,TrendPullback-EMA,long,2025-08-08T12:15:00.000Z,2025-08-08T18:00:00.000Z,3.8455217999999998,3.8354808222492767,-0.44,ATR Stop,345
SUIUSDT,TrendPullback-EMA,long,2025-08-09T11:00:00.000Z,2025-08-09T11:30:00.000Z,3.9495737999999996,3.908923660355079,-1.21,ATR Stop,30
SUIUSDT,TrendPullback-EMA,long,2025-08-10T09:30:00.000Z,2025-08-10T15:00:00.000Z,3.851925,3.8618003429364784,0.08,ATR Stop,330
SUIUSDT,TrendPullback-EMA,short,2025-08-21T18:30:00.000Z,2025-08-21T18:30:00.000Z,3.40939445,3.435432855829792,-0.94,ATR Stop,0
SUIUSDT,TrendPullback-EMA,short,2025-08-21T19:30:00.000Z,2025-08-21T20:45:00.000Z,3.4141920500000005,3.4407208144427552,-0.96,ATR Stop,75
SUIUSDT,TrendPullback-EMA,short,2025-08-21T22:30:00.000Z,2025-08-21T22:45:00.000Z,3.40099865,3.4294071316234565,-1.02,ATR Stop,15
SUIUSDT,TrendPullback-EMA,short,2025-11-01T16:45:00.000Z,2025-11-01T17:45:00.000Z,2.36071905,2.3774464615554685,-0.89,ATR Stop,60
SUIUSDT,TrendPullback-EMA,short,2025-11-02T04:30:00.000Z,2025-11-02T06:00:00.000Z,2.3514237,2.361769406534951,-0.62,ATR Stop,90
SUIUSDT,TrendPullback-EMA,short,2025-11-02T20:15:00.000Z,2025-11-02T21:45:00.000Z,2.3002493000000004,2.255891085656664,1.75,Target,90
SUIUSDT,TrendPullback-EMA,short,2025-11-06T00:00:00.000Z,2025-11-06T05:00:00.000Z,2.01229335,2.0022472267246902,0.32,ATR Stop,300
SUIUSDT,TrendPullback-EMA,short,2025-11-09T04:45:00.000Z,2025-11-09T05:45:00.000Z,2.0612688500000003,2.083155520610908,-1.24,ATR Stop,60
SUIUSDT,TrendPullback-EMA,short,2025-11-15T03:00:00.000Z,2025-11-15T06:45:00.000Z,1.76781565,1.7686995578249998,-0.23,ATR Stop,225
SUIUSDT,TrendPullback-EMA,short,2025-11-15T15:30:00.000Z,2025-11-15T16:45:00.000Z,1.76821545,1.7713092988667154,-0.35,ATR Stop,75
SUIUSDT,TrendPullback-EMA,short,2025-11-18T08:15:00.000Z,2025-11-18T10:00:00.000Z,1.6355818000000002,1.651745112334922,-1.17,ATR Stop,105
SUIUSDT,Supertrend-Quality,short,2025-09-04T19:30:00.000Z,2025-09-04T20:15:00.000Z,3.2736623500000004,3.300819503163308,-1.01,ATR Stop,45
SUIUSDT,Supertrend-Quality,short,2025-09-22T19:45:00.000Z,2025-09-22T22:00:00.000Z,3.34062885,3.3376737263254466,-0.09,ATR Stop,135
SUIUSDT,Supertrend-Quality,short,2025-09-25T11:45:00.000Z,2025-09-25T13:15:00.000Z,3.1256364000000003,3.1735660042006275,-1.71,ATR Stop,90
SUIUSDT,Supertrend-Quality,short,2025-09-25T18:15:00.000Z,2025-09-25T19:30:00.000Z,3.10694575,3.1590439121593055,-1.86,ATR Stop,75
SUIUSDT,KAMA-Pullback,long,2025-05-10T00:45:00.000Z,2025-05-10T03:15:00.000Z,3.9627803999999998,3.9518527234127605,-0.46,ATR Stop,150
SUIUSDT,KAMA-Pullback,short,2025-05-27T17:00:00.000Z,2025-05-27T20:15:00.000Z,3.6453764000000004,3.684946040478271,-1.27,ATR Stop,195
SUIUSDT,KAMA-Pullback,short,2025-08-03T08:45:00.000Z,2025-08-03T12:45:00.000Z,3.4172905,3.434910380432364,-0.70,ATR Stop,240
SUIUSDT,KAMA-Pullback,short,2025-08-04T01:00:00.000Z,2025-08-04T02:15:00.000Z,3.4592695,3.4909699378179133,-1.10,ATR Stop,75
SUIUSDT,KAMA-Pullback,short,2025-08-04T20:30:00.000Z,2025-08-04T23:00:00.000Z,3.540229,3.4722606686016104,1.74,Target,150
SUIUSDT,KAMA-Pullback,short,2025-08-05T19:30:00.000Z,2025-08-05T23:45:00.000Z,3.3779102,3.3645419676980852,0.22,ATR Stop,255
SUIUSDT,KAMA-Pullback,long,2025-08-08T12:15:00.000Z,2025-08-08T18:00:00.000Z,3.8455217999999998,3.8354808222492767,-0.44,ATR Stop,345
SUIUSDT,KAMA-Pullback,long,2025-08-09T11:00:00.000Z,2025-08-09T11:30:00.000Z,3.9495737999999996,3.908923660355079,-1.21,ATR Stop,30
SUIUSDT,KAMA-Pullback,long,2025-08-10T09:30:00.000Z,2025-08-10T15:00:00.000Z,3.851925,3.8618003429364784,0.08,ATR Stop,330
SUIUSDT,KAMA-Pullback,short,2025-08-16T00:15:00.000Z,2025-08-16T02:00:00.000Z,3.7023479000000004,3.7239191357664554,-0.76,ATR Stop,105
SUIUSDT,KAMA-Pullback,short,2025-08-16T19:45:00.000Z,2025-08-16T20:30:00.000Z,3.7424278500000003,3.760996297485885,-0.68,ATR Stop,45
SUIUSDT,KAMA-Pullback,short,2025-08-21T18:30:00.000Z,2025-08-21T18:30:00.000Z,3.40939445,3.435432855829792,-0.94,ATR Stop,0
SUIUSDT,KAMA-Pullback,short,2025-08-21T19:30:00.000Z,2025-08-21T20:45:00.000Z,3.4141920500000005,3.4407208144427552,-0.96,ATR Stop,75
SUIUSDT,KAMA-Pullback,short,2025-08-21T22:30:00.000Z,2025-08-21T22:45:00.000Z,3.40099865,3.4294071316234565,-1.02,ATR Stop,15
SUIUSDT,KAMA-Pullback,short,2025-08-22T20:15:00.000Z,2025-08-22T22:30:00.000Z,3.6734623500000003,3.660258134092173,0.18,ATR Stop,135
SUIUSDT,Chandelier-MTF,short,2025-03-10T09:15:00.000Z,2025-03-10T13:00:00.000Z,2.23198345,2.097070053745211,5.86,Target,225
SUIUSDT,Chandelier-MTF,short,2025-03-11T09:30:00.000Z,2025-03-11T09:45:00.000Z,2.0971509,2.1660347642152225,-3.46,ATR Stop,15
SUIUSDT,Chandelier-MTF,long,2025-03-27T10:45:00.000Z,2025-03-27T18:15:00.000Z,2.743371,2.7765493877436835,1.03,ATR Stop,450
SUIUSDT,Chandelier-MTF,long,2025-07-13T19:30:00.000Z,2025-07-13T21:30:00.000Z,3.6427204499999997,3.7985715551667787,4.10,Target,120
SUIUSDT,Chandelier-MTF,long,2025-07-15T09:00:00.000Z,2025-07-15T09:30:00.000Z,3.9947964,4.001743825459027,-0.01,ATR Stop,30
SUIUSDT,Chandelier-MTF,long,2025-07-17T03:45:00.000Z,2025-07-17T06:30:00.000Z,4.01290545,4.06455603060719,1.11,ATR Stop,165
SUIUSDT,Chandelier-MTF,short,2025-07-24T19:15:00.000Z,2025-07-24T23:15:00.000Z,3.6905538000000004,3.625369474508784,1.59,ATR Stop,240
SUIUSDT,Chandelier-MTF,long,2025-07-27T01:15:00.000Z,2025-07-27T03:45:00.000Z,4.240719299999999,4.251652464590538,0.08,ATR Stop,150
SUIUSDT,Chandelier-MTF,long,2025-07-27T06:30:00.000Z,2025-07-27T08:30:00.000Z,4.290043949999999,4.341424248921265,1.02,ATR Stop,120
SUIUSDT,Chandelier-MTF,short,2025-08-01T17:15:00.000Z,2025-08-01T18:15:00.000Z,3.3902040500000004,3.4522439649740404,-2.01,ATR Stop,60
SUIUSDT,Chandelier-MTF,short,2025-08-02T05:15:00.000Z,2025-08-02T11:45:00.000Z,3.39720055,3.3906450527817467,0.01,ATR Stop,390
SUIUSDT,Chandelier-MTF,short,2025-08-04T06:45:00.000Z,2025-08-04T06:45:00.000Z,3.4445768500000002,3.4540141617800804,-0.45,ATR Stop,0
SUIUSDT,Chandelier-MTF,long,2025-08-10T21:15:00.000Z,2025-08-11T00:45:00.000Z,3.9745863,3.9270226872275744,-1.38,ATR Stop,210
SUIUSDT,Chandelier-MTF,short,2025-08-19T09:15:00.000Z,2025-08-19T19:00:00.000Z,3.50334745,3.4652364805607125,0.91,ATR Stop,585
SUIUSDT,Chandelier-MTF,long,2025-08-22T23:15:00.000Z,2025-08-23T03:45:00.000Z,3.6986483999999997,3.800335146772926,2.57,ATR Stop,270
SUIUSDT,Chandelier-MTF,short,2025-08-31T09:45:00.000Z,2025-08-31T13:15:00.000Z,3.28745545,3.28091004869226,0.02,ATR Stop,210
SUIUSDT,Chandelier-MTF,long,2025-09-04T18:15:00.000Z,2025-09-04T18:15:00.000Z,3.2950467,3.286115497614872,-0.45,ATR Stop,0
SUIUSDT,Chandelier-MTF,long,2025-09-04T18:45:00.000Z,2025-09-04T19:15:00.000Z,3.2957470499999997,3.3014329180251294,-0.01,ATR Stop,30
SUIUSDT,Chandelier-MTF,long,2025-09-12T12:15:00.000Z,2025-09-12T14:45:00.000Z,3.67293555,3.6746683254303076,-0.13,ATR Stop,150
SUIUSDT,Chandelier-MTF,short,2025-09-22T14:00:00.000Z,2025-09-22T15:45:00.000Z,3.3289347,3.3283685416703355,-0.16,ATR Stop,105
SUIUSDT,Chandelier-MTF,short,2025-09-24T18:15:00.000Z,2025-09-24T23:00:00.000Z,3.35802015,3.287012319795639,1.93,Target,285
SUIUSDT,Chandelier-MTF,short,2025-11-02T20:15:00.000Z,2025-11-02T22:00:00.000Z,2.3002493000000004,2.225552192994439,3.07,Target,105
SUIUSDT,Chandelier-MTF,short,2025-11-03T15:45:00.000Z,2025-11-03T19:15:00.000Z,2.0488750500000004,2.051802539573014,-0.32,ATR Stop,210
SUIUSDT,Chandelier-MTF,short,2025-11-06T07:15:00.000Z,2025-11-06T08:00:00.000Z,1.9620185,1.9742456602804623,-0.80,ATR Stop,45
SUIUSDT,Chandelier-MTF,short,2025-11-07T06:15:00.000Z,2025-11-07T08:30:00.000Z,1.96131885,1.9789942807064385,-1.08,ATR Stop,135
SUIUSDT,Chandelier-MTF,short,2025-11-15T03:15:00.000Z,2025-11-15T06:45:00.000Z,1.75802055,1.770488252029381,-0.89,ATR Stop,210
SUIUSDT,Chandelier-MTF,short,2025-11-16T06:15:00.000Z,2025-11-16T09:00:00.000Z,1.7141425000000001,1.7063436435722363,0.27,ATR Stop,165
SUIUSDT,Chandelier-MTF,short,2025-11-17T09:00:00.000Z,2025-11-17T09:15:00.000Z,1.6329831,1.6626435728469482,-2.00,ATR Stop,15
SUIUSDT,Chandelier-MTF,short,2025-11-19T00:30:00.000Z,2025-11-19T01:15:00.000Z,1.6219886000000001,1.6381708844353324,-1.18,ATR Stop,45
SUIUSDT,Chandelier-MTF,short,2025-11-20T10:30:00.000Z,2025-11-20T11:30:00.000Z,1.57990965,1.4992019823479474,4.93,Target,60
SUIUSDT,Chandelier-MTF,short,2025-11-24T04:15:00.000Z,2025-11-24T06:00:00.000Z,1.3543225,1.380408917581616,-2.11,ATR Stop,105
SUIUSDT,Chandelier-MTF,long,2025-11-25T18:45:00.000Z,2025-11-25T19:00:00.000Z,1.552776,1.5682955594020176,0.82,ATR Stop,15
TRBUSDT,TrendPullback-EMA,short,2025-03-05T20:15:00.000Z,2025-03-05T20:45:00.000Z,31.711136500000002,32.04058561171651,-1.22,ATR Stop,30
TRBUSDT,TrendPullback-EMA,short,2025-03-07T16:15:00.000Z,2025-03-07T21:15:00.000Z,31.0334755,31.095554005722263,-0.38,ATR Stop,300
TRBUSDT,TrendPullback-EMA,short,2025-03-11T09:15:00.000Z,2025-03-11T09:45:00.000Z,25.439274000000005,26.002660511121704,-2.39,ATR Stop,30
TRBUSDT,TrendPullback-EMA,short,2025-03-11T19:30:00.000Z,2025-03-11T19:45:00.000Z,27.250368,27.619932746061604,-1.54,ATR Stop,15
TRBUSDT,TrendPullback-EMA,short,2025-03-11T22:30:00.000Z,2025-03-11T23:00:00.000Z,26.942522,27.460791886469774,-2.10,ATR Stop,30
TRBUSDT,TrendPullback-EMA,short,2025-03-12T20:30:00.000Z,2025-03-12T23:45:00.000Z,27.756115,27.534607632809234,0.62,ATR Stop,195
TRBUSDT,TrendPullback-EMA,short,2025-03-15T04:00:00.000Z,2025-03-15T05:45:00.000Z,28.5986935,28.670261191087043,-0.43,ATR Stop,105
TRBUSDT,TrendPullback-EMA,long,2025-03-18T04:30:00.000Z,2025-03-18T06:00:00.000Z,30.2481165,29.7889783390085,-1.70,ATR Stop,90
TRBUSDT,TrendPullback-EMA,long,2025-03-21T19:45:00.000Z,2025-03-21T20:15:00.000Z,29.684835,29.397270868703366,-1.15,ATR Stop,30
TRBUSDT,TrendPullback-EMA,short,2025-03-30T05:15:00.000Z,2025-03-30T09:45:00.000Z,26.7955955,26.883360671477583,-0.51,ATR Stop,270
TRBUSDT,TrendPullback-EMA,short,2025-03-31T15:15:00.000Z,2025-03-31T17:45:00.000Z,26.708639,26.891641434529546,-0.87,ATR Stop,150
TRBUSDT,KAMA-Pullback,short,2025-03-05T20:15:00.000Z,2025-03-05T20:45:00.000Z,31.711136500000002,32.04058561171651,-1.22,ATR Stop,30
TRBUSDT,KAMA-Pullback,short,2025-03-07T16:15:00.000Z,2025-03-07T21:15:00.000Z,31.0334755,31.095554005722263,-0.38,ATR Stop,300
TRBUSDT,KAMA-Pullback,short,2025-03-11T09:15:00.000Z,2025-03-11T09:45:00.000Z,25.439274000000005,26.002660511121704,-2.39,ATR Stop,30
TRBUSDT,KAMA-Pullback,short,2025-03-11T19:30:00.000Z,2025-03-11T19:45:00.000Z,27.250368,27.619932746061604,-1.54,ATR Stop,15
TRBUSDT,KAMA-Pullback,short,2025-03-11T22:30:00.000Z,2025-03-11T23:00:00.000Z,26.942522,27.460791886469774,-2.10,ATR Stop,30
TRBUSDT,KAMA-Pullback,long,2025-03-15T03:30:00.000Z,2025-03-15T03:45:00.000Z,28.837411499999998,28.593703680129956,-1.03,ATR Stop,15
TRBUSDT,KAMA-Pullback,long,2025-03-15T07:15:00.000Z,2025-03-15T10:30:00.000Z,28.7933895,29.198224030082088,1.23,Target,195
TRBUSDT,KAMA-Pullback,long,2025-03-15T23:30:00.000Z,2025-03-16T02:15:00.000Z,29.3416635,29.88374265189222,1.67,Target,165
TRBUSDT,KAMA-Pullback,long,2025-03-18T04:30:00.000Z,2025-03-18T06:00:00.000Z,30.2481165,29.7889783390085,-1.70,ATR Stop,90
TRBUSDT,KAMA-Pullback,short,2025-03-21T20:30:00.000Z,2025-03-21T21:00:00.000Z,29.327329,29.627941236440183,-1.21,ATR Stop,30
TRBUSDT,KAMA-Pullback,short,2025-03-30T05:15:00.000Z,2025-03-30T09:45:00.000Z,26.7955955,26.883360671477583,-0.51,ATR Stop,270
TRBUSDT,KAMA-Pullback,short,2025-03-31T15:15:00.000Z,2025-03-31T17:45:00.000Z,26.708639,26.891641434529546,-0.87,ATR Stop,150
TRBUSDT,KAMA-Pullback,long,2025-10-28T07:45:00.000Z,2025-10-28T09:30:00.000Z,26.991489,26.785225975698896,-0.94,ATR Stop,105
TRBUSDT,KAMA-Pullback,short,2025-10-29T10:00:00.000Z,2025-10-29T10:30:00.000Z,25.553217,25.109118789220766,1.56,Target,30
TRBUSDT,KAMA-Pullback,short,2025-11-04T11:00:00.000Z,2025-11-04T12:30:00.000Z,22.664662,21.859288662263296,3.37,Target,90
TRBUSDT,KAMA-Pullback,short,2025-11-05T03:30:00.000Z,2025-11-05T06:15:00.000Z,22.176906,22.32483055029246,-0.85,ATR Stop,165
TRBUSDT,KAMA-Pullback,short,2025-11-06T00:00:00.000Z,2025-11-06T03:45:00.000Z,22.432778,22.49679096471422,-0.47,ATR Stop,225
TRBUSDT,KAMA-Pullback,short,2025-11-06T09:45:00.000Z,2025-11-06T12:00:00.000Z,22.250869,22.2514774815965,-0.18,ATR Stop,135
TRBUSDT,KAMA-Pullback,short,2025-11-06T15:15:00.000Z,2025-11-06T16:00:00.000Z,22.0079905,22.355603802320292,-1.76,ATR Stop,45
TRBUSDT,KAMA-Pullback,long,2025-11-08T20:00:00.000Z,2025-11-08T20:45:00.000Z,26.5202535,26.206114093125418,-1.36,ATR Stop,45
TRBUSDT,KAMA-Pullback,long,2025-11-09T05:45:00.000Z,2025-11-09T06:30:00.000Z,26.1760815,25.814424424660732,-1.56,ATR Stop,45
TRBUSDT,KAMA-Pullback,long,2025-11-14T20:15:00.000Z,2025-11-15T02:15:00.000Z,25.568778,26.21740844555709,2.36,ATR Stop,360
TRBUSDT,KAMA-Pullback,short,2025-11-18T01:45:00.000Z,2025-11-18T04:15:00.000Z,24.7806035,24.90823488509426,-0.70,ATR Stop,150
TRBUSDT,KAMA-Pullback,short,2025-11-22T18:45:00.000Z,2025-11-22T19:45:00.000Z,19.895047500000004,20.060672808351562,-1.01,ATR Stop,60
TRBUSDT,KAMA-Pullback,short,2025-11-23T01:00:00.000Z,2025-11-23T02:15:00.000Z,19.9430235,20.07089327241218,-0.82,ATR Stop,75
TRBUSDT,Chandelier-MTF,short,2025-03-06T08:45:00.000Z,2025-03-06T09:45:00.000Z,31.374305000000003,31.498529458139835,-0.58,ATR Stop,60
TRBUSDT,Chandelier-MTF,short,2025-03-09T23:00:00.000Z,2025-03-10T01:45:00.000Z,26.824581000000002,26.969014665197097,-0.72,ATR Stop,165
TRBUSDT,Chandelier-MTF,short,2025-03-11T06:30:00.000Z,2025-03-11T08:00:00.000Z,25.515236,25.66002233115033,-0.75,ATR Stop,90
TRBUSDT,Chandelier-MTF,long,2025-03-12T18:45:00.000Z,2025-03-12T18:45:00.000Z,27.9269565,27.853120826033756,-0.44,ATR Stop,0
TRBUSDT,Chandelier-MTF,long,2025-03-18T09:15:00.000Z,2025-03-18T09:45:00.000Z,30.622303499999997,30.415577982184633,-0.86,ATR Stop,30
TRBUSDT,Chandelier-MTF,short,2025-05-18T22:30:00.000Z,2025-05-19T04:30:00.000Z,31.110437000000005,29.90536798073226,3.69,Target,360
TRBUSDT,Chandelier-MTF,short,2025-05-20T06:15:00.000Z,2025-05-20T12:15:00.000Z,30.488748000000005,30.500148935306065,-0.22,ATR Stop,360
TRBUSDT,Chandelier-MTF,long,2025-05-28T03:45:00.000Z,2025-05-28T04:00:00.000Z,50.617295999999996,50.8950243973603,0.37,ATR Stop,15
TRBUSDT,Chandelier-MTF,long,2025-05-29T20:00:00.000Z,2025-05-29T23:15:00.000Z,61.93395149999999,66.98062826008807,7.97,Target,195
TRBUSDT,Chandelier-MTF,short,2025-11-04T01:45:00.000Z,2025-11-04T03:00:00.000Z,22.4757565,22.745122629809547,-1.38,ATR Stop,75
TRBUSDT,Chandelier-MTF,short,2025-11-04T13:30:00.000Z,2025-11-04T15:15:00.000Z,21.951019000000002,21.64244508140341,1.23,ATR Stop,105
TRBUSDT,Chandelier-MTF,long,2025-11-08T08:15:00.000Z,2025-11-08T10:15:00.000Z,26.9524695,26.72457734222967,-1.03,ATR Stop,120
TRBUSDT,Chandelier-MTF,long,2025-11-09T19:15:00.000Z,2025-11-09T20:15:00.000Z,26.797392,26.403944841324915,-1.65,ATR Stop,60
TRBUSDT,Chandelier-MTF,short,2025-11-25T10:15:00.000Z,2025-11-25T10:15:00.000Z,20.7186355,20.738495110643335,-0.28,ATR Stop,0
XMRUSDT,TrendPullback-EMA,short,2025-05-31T09:15:00.000Z,2025-05-31T09:45:00.000Z,323.648095,327.0147095186382,-1.22,ATR Stop,30
XMRUSDT,TrendPullback-EMA,short,2025-06-01T04:30:00.000Z,2025-06-01T05:30:00.000Z,324.31776,327.0333899828784,-1.02,ATR Stop,60
XMRUSDT,TrendPullback-EMA,short,2025-06-03T22:15:00.000Z,2025-06-03T23:30:00.000Z,343.078375,346.5786265249452,-1.20,ATR Stop,75
XMRUSDT,TrendPullback-EMA,short,2025-06-05T09:30:00.000Z,2025-06-05T11:45:00.000Z,327.93595000000005,319.2334520273141,2.47,Target,135
XMRUSDT,TrendPullback-EMA,short,2025-06-06T02:45:00.000Z,2025-06-06T03:15:00.000Z,317.890975,320.7324396890837,-1.07,ATR Stop,30
XMRUSDT,KAMA-Pullback,long,2025-07-04T00:00:00.000Z,2025-07-04T01:30:00.000Z,322.010925,320.0188952229118,-0.80,ATR Stop,90
XMRUSDT,KAMA-Pullback,short,2025-07-21T22:00:00.000Z,2025-07-21T23:30:00.000Z,317.08138,318.19195770800457,-0.53,ATR Stop,90
XMRUSDT,KAMA-Pullback,short,2025-07-23T23:45:00.000Z,2025-07-24T01:15:00.000Z,312.92346,309.0450222780367,1.06,Target,90
XMRUSDT,KAMA-Pullback,long,2025-07-25T19:30:00.000Z,2025-07-25T22:00:00.000Z,323.911875,323.66275832431563,-0.26,ATR Stop,150
XMRUSDT,Chandelier-MTF,short,2025-05-31T11:30:00.000Z,2025-05-31T12:00:00.000Z,319.2403,322.3164674365836,-1.14,ATR Stop,30
XMRUSDT,Chandelier-MTF,short,2025-06-13T07:00:00.000Z,2025-06-13T09:45:00.000Z,310.594625,314.07141309864727,-1.30,ATR Stop,165
XMRUSDT,Chandelier-MTF,short,2025-06-23T08:45:00.000Z,2025-06-23T10:00:00.000Z,300.08988000000005,299.6828509242068,-0.04,ATR Stop,75
XMRUSDT,Chandelier-MTF,long,2025-10-04T17:00:00.000Z,2025-10-04T19:45:00.000Z,329.74478999999997,330.3327396860162,-0.00,ATR Stop,165
XMRUSDT,Chandelier-MTF,long,2025-10-11T06:15:00.000Z,2025-10-11T10:45:00.000Z,308.204025,304.68983465528635,-1.32,ATR Stop,270
XMRUSDT,Chandelier-MTF,short,2025-10-11T19:00:00.000Z,2025-10-11T21:30:00.000Z,295.35225,298.2037653450211,-1.15,ATR Stop,150
XRPUSDT,TrendPullback-EMA,long,2025-03-05T03:30:00.000Z,2025-03-05T06:30:00.000Z,2.48294085,2.486759163115209,-0.03,ATR Stop,180
XRPUSDT,TrendPullback-EMA,short,2025-03-11T09:00:00.000Z,2025-03-11T09:45:00.000Z,2.08245825,2.1141891931391132,-1.70,ATR Stop,45
XRPUSDT,TrendPullback-EMA,short,2025-03-11T22:45:00.000Z,2025-03-12T00:15:00.000Z,2.1629180000000003,2.1781037423072944,-0.88,ATR Stop,90
XRPUSDT,TrendPullback-EMA,short,2025-03-13T00:45:00.000Z,2025-03-13T02:30:00.000Z,2.22218835,2.2436663552600717,-1.15,ATR Stop,105
XRPUSDT,TrendPullback-EMA,long,2025-03-16T19:30:00.000Z,2025-03-16T23:30:00.000Z,2.3285636999999997,2.3440509163595062,0.49,ATR Stop,240
XRPUSDT,TrendPullback-EMA,long,2025-03-20T20:15:00.000Z,2025-03-20T20:45:00.000Z,2.44892385,2.4395670145467805,-0.56,ATR Stop,30
XRPUSDT,TrendPullback-EMA,short,2025-03-28T21:15:00.000Z,2025-03-28T22:15:00.000Z,2.16701595,2.168099457975,-0.23,ATR Stop,60
XRPUSDT,TrendPullback-EMA,short,2025-03-30T05:15:00.000Z,2025-03-30T05:30:00.000Z,2.1523233,2.17145131794603,-1.07,ATR Stop,15
XRPUSDT,TrendPullback-EMA,long,2025-10-29T12:30:00.000Z,2025-10-29T12:45:00.000Z,2.65882875,2.637209204134617,-0.99,ATR Stop,15
XRPUSDT,TrendPullback-EMA,short,2025-11-01T16:45:00.000Z,2025-11-01T17:15:00.000Z,2.4891548,2.4998885026058786,-0.61,ATR Stop,30
XRPUSDT,TrendPullback-EMA,short,2025-11-01T19:45:00.000Z,2025-11-01T21:00:00.000Z,2.49805035,2.5061947674423113,-0.51,ATR Stop,75
XRPUSDT,TrendPullback-EMA,short,2025-11-07T03:45:00.000Z,2025-11-07T05:30:00.000Z,2.2114937,2.1736032363391407,1.53,Target,105
XRPUSDT,TrendPullback-EMA,short,2025-11-16T06:30:00.000Z,2025-11-16T10:45:00.000Z,2.2331828500000004,2.193269793768717,1.61,Target,255
XRPUSDT,TrendPullback-EMA,short,2025-11-21T23:00:00.000Z,2025-11-22T00:45:00.000Z,1.9266362000000001,1.94208333347009,-0.98,ATR Stop,105
XRPUSDT,TrendPullback-EMA,short,2025-11-25T02:45:00.000Z,2025-11-25T05:00:00.000Z,2.2060964,2.2060687154124623,-0.18,ATR Stop,135
XRPUSDT,KAMA-Pullback,short,2025-07-30T02:30:00.000Z,2025-07-30T03:15:00.000Z,3.11654095,3.1366207345938553,-0.82,ATR Stop,45
XRPUSDT,KAMA-Pullback,short,2025-08-02T01:30:00.000Z,2025-08-02T02:15:00.000Z,2.9664160500000003,2.993061655456897,-1.08,ATR Stop,45
XRPUSDT,KAMA-Pullback,long,2025-08-05T04:30:00.000Z,2025-08-05T06:30:00.000Z,3.06102975,3.0541970180450613,-0.40,ATR Stop,120
XRPUSDT,KAMA-Pullback,long,2025-08-08T20:15:00.000Z,2025-08-08T22:30:00.000Z,3.3078531,3.2857286512736286,-0.85,ATR Stop,135
XRPUSDT,KAMA-Pullback,long,2025-08-09T22:00:00.000Z,2025-08-09T23:45:00.000Z,3.2588285999999997,3.2507726801047645,-0.43,ATR Stop,105
XRPUSDT,KAMA-Pullback,short,2025-08-18T19:00:00.000Z,2025-08-18T19:15:00.000Z,3.0360812,3.059886655479036,-0.96,ATR Stop,15
XRPUSDT,KAMA-Pullback,short,2025-08-21T14:15:00.000Z,2025-08-21T18:45:00.000Z,2.86586635,2.8634824431820345,-0.10,ATR Stop,270
XRPUSDT,Chandelier-MTF,short,2025-06-02T06:45:00.000Z,2025-06-02T09:00:00.000Z,2.1403293,2.157819806433853,-1.00,ATR Stop,135
XRPUSDT,Chandelier-MTF,long,2025-06-10T14:15:00.000Z,2025-06-10T14:30:00.000Z,2.30185035,2.292908250143843,-0.57,ATR Stop,15
XRPUSDT,Chandelier-MTF,short,2025-06-13T09:15:00.000Z,2025-06-13T09:45:00.000Z,2.1313338,2.1519168708344227,-1.15,ATR Stop,30
XRPUSDT,Chandelier-MTF,short,2025-06-14T11:15:00.000Z,2025-06-14T12:30:00.000Z,2.1265362000000003,2.137885307077154,-0.71,ATR Stop,75
XRPUSDT,Chandelier-MTF,short,2025-06-20T00:45:00.000Z,2025-06-20T02:00:00.000Z,2.1481254,2.144606886613012,-0.02,ATR Stop,75
XRPUSDT,Chandelier-MTF,short,2025-06-20T10:45:00.000Z,2025-06-20T12:30:00.000Z,2.1255367,2.1148908630208183,0.32,ATR Stop,105
XRPUSDT,Chandelier-MTF,short,2025-06-20T23:45:00.000Z,2025-06-21T00:30:00.000Z,2.1172408500000004,2.1277826438374308,-0.68,ATR Stop,45
XRPUSDT,Chandelier-MTF,short,2025-06-22T04:15:00.000Z,2025-06-22T07:00:00.000Z,2.0545722000000004,2.0037789845493323,2.29,Target,165
XRPUSDT,Chandelier-MTF,short,2025-06-23T11:15:00.000Z,2025-06-23T12:15:00.000Z,1.9747121500000002,2.004087982692156,-1.67,ATR Stop,60
